[Application],,,,,,,
Name=Terminal.exe,,,,,,,
Title=Valeport Terminal X2,,,,,,,
Version=1.0.4.1270,,,,,,,
DateSeparator=/,,,,,,,
TimeSeparator=:,,,,,,,
"ThousandSeparator=,",,,,,,,
DecimalSeparator=.,,,,,,,
,,,,,,,
[Header],,,,,,,
Count=22,,,,,,,
Instrument=MIDAS SVX2,,,,,,,
Device_Series=400,,,,,,,
Device_Type=MIDAS SVX2 6000,,,,,,,
Serial_Number=46955,,,,,,,
Firmware=0400793Z1 08/04/2011 15:00,,,,,,,
Latitude=,,,,,,,
Longitude=,,,,,,,
Site_Info=BONGA FPSO PROJECT,,,,,,,
Sampling_Mode=2 Continuous,,,,,,,
Sampling_Rate=1 Hz,,,,,,,
Sampling_Period=20 Secs,,,,,,,
Average_Type=0 None,,,,,,,
Average_Period=1 Secs,,,,,,,
File_Number=,,,,,,,
Density=1025.973,,,,,,,
Gravity=9.807,,,,,,,
Battery=9.33 Volts,,,,,,,
Pressure_Tare=0.000,,,,,,,
Pressure_Tare_Mode=,,,,,,,
Pressure_Tare_Time=2023/04/12 13:17:46.000,,,,,,,
Time_Stamp=2024/01/22 13:08:34.000,,,,,,,
Time_Interval=1 Secs,,,,,,,
,,,,,,,
[Calibrations],,,,,,,
Count=4,,,,,,,
,,,,,,,
[Columns],,,,,,,
Count=8,,,,,,,
Date/Time=Date/Time;;,,,,,,,
Depth=Float;m;Calculated,,,,,,,
Sound Velocity=Float;M/SEC;,,,,,,,
Pressure=Float;DBAR;,,,,,,,
Temperature=Float;C;,,,,,,,
Conductivity=Float;MS/CM;,,,,,,,
Salinity=Float;PSU;Calculated,,,,,,,
Density=Float;kg/m³;Calculated,,,,,,,
,,,,,,,
[Data],,,,,,,
Date/Time,Depth,Sound Velocity,Pressure,Temperature,Conductivity,Salinity,Density
,m,M/SEC,DBAR,C,MS/CM,PSU,kg/m³
22/01/2024 13:08,10.121,0,10.121,31.536,0,0.015,995.231
22/01/2024 13:08,10.128,0,10.128,31.492,0,0.015,995.245
22/01/2024 13:08,10.101,0,10.101,31.452,0,0.014,995.257
22/01/2024 13:08,10.118,0,10.118,31.435,0,0.014,995.262
22/01/2024 13:08,10.122,0,10.122,31.424,0,0.014,995.266
22/01/2024 13:08,10.1,0,10.1,31.419,0,0.014,995.267
22/01/2024 13:08,10.097,0,10.097,31.435,0,0.014,995.262
22/01/2024 13:08,10.113,0,10.113,31.445,0,0.014,995.259
22/01/2024 13:08,10.104,0,10.104,31.457,0,0.014,995.256
22/01/2024 13:08,10.151,0,10.151,31.463,0,0.015,995.254
22/01/2024 13:08,10.12,0,10.12,31.465,0,0.015,995.253
22/01/2024 13:08,10.109,0,10.109,31.472,0,0.015,995.251
22/01/2024 13:08,10.111,0,10.111,31.482,0,0.015,995.248
22/01/2024 13:08,10.135,0,10.135,31.496,0,0.015,995.243
22/01/2024 13:08,10.107,0,10.107,31.504,0.002,0.014,995.24
22/01/2024 13:08,10.1,0,10.1,31.512,0,0.015,995.238
22/01/2024 13:08,10.105,0,10.105,31.527,0,0.015,995.234
22/01/2024 13:08,10.109,0,10.109,31.54,0,0.015,995.23
22/01/2024 13:08,10.123,0,10.123,31.553,0,0.015,995.226
22/01/2024 13:08,10.117,0,10.117,31.558,0,0.015,995.224
22/01/2024 13:08,10.12,0,10.12,31.569,0,0.015,995.22
22/01/2024 13:08,10.141,0,10.141,31.578,0,0.015,995.218
22/01/2024 13:08,10.111,0,10.111,31.587,0,0.015,995.215
22/01/2024 13:08,10.102,0,10.102,31.595,0,0.015,995.212
22/01/2024 13:08,10.129,0,10.129,31.6,0,0.015,995.211
22/01/2024 13:08,10.13,0,10.13,31.595,0,0.015,995.212
22/01/2024 13:09,10.133,0,10.133,31.607,0,0.015,995.209
22/01/2024 13:09,10.131,0,10.131,31.613,0.002,0.014,995.206
22/01/2024 13:09,10.097,0,10.097,31.617,0.002,0.014,995.205
22/01/2024 13:09,10.114,0,10.114,31.629,0,0.015,995.202
22/01/2024 13:09,10.105,0,10.105,31.633,0,0.015,995.2
22/01/2024 13:09,10.124,0,10.124,31.648,0,0.015,995.196
22/01/2024 13:09,10.12,0,10.12,31.66,0.002,0.014,995.191
22/01/2024 13:09,10.113,0,10.113,31.667,0.002,0.014,995.189
22/01/2024 13:09,10.127,0,10.127,31.68,0,0.015,995.185
22/01/2024 13:09,10.096,0,10.096,31.689,0,0.015,995.182
22/01/2024 13:09,10.119,0,10.119,31.699,0,0.015,995.179
22/01/2024 13:09,10.134,0,10.134,31.719,0,0.015,995.173
22/01/2024 13:09,10.116,0,10.116,31.73,0,0.015,995.169
22/01/2024 13:09,10.107,0,10.107,31.744,0,0.015,995.165
22/01/2024 13:09,10.114,0,10.114,31.748,0,0.015,995.164
22/01/2024 13:09,10.11,0,10.11,31.737,0,0.015,995.167
22/01/2024 13:09,10.139,0,10.139,31.72,0,0.015,995.173
22/01/2024 13:09,10.113,0,10.113,31.688,0,0.015,995.183
22/01/2024 13:09,10.129,0,10.129,31.653,0,0.015,995.194
22/01/2024 13:09,10.134,0,10.134,31.641,0,0.015,995.198
22/01/2024 13:09,10.113,0,10.113,31.641,0,0.015,995.198
22/01/2024 13:09,10.13,0,10.13,31.646,0,0.015,995.196
22/01/2024 13:09,10.119,0,10.119,31.657,0,0.015,995.193
22/01/2024 13:09,10.127,0,10.127,31.667,0,0.015,995.19
22/01/2024 13:09,10.117,0,10.117,31.676,0,0.015,995.186
22/01/2024 13:09,10.11,0,10.11,31.699,0,0.015,995.179
22/01/2024 13:09,10.128,0,10.128,31.679,0,0.015,995.186
22/01/2024 13:09,10.122,0,10.122,31.644,0,0.015,995.197
22/01/2024 13:09,10.141,0,10.141,31.63,0,0.015,995.201
22/01/2024 13:09,10.109,0,10.109,31.622,0,0.015,995.204
22/01/2024 13:09,10.111,0,10.111,31.613,0,0.015,995.207
22/01/2024 13:09,10.142,0,10.142,31.606,0,0.015,995.209
22/01/2024 13:09,10.124,0,10.124,31.604,0,0.015,995.209
22/01/2024 13:09,10.106,0,10.106,31.611,0,0.015,995.207
22/01/2024 13:09,10.125,0,10.125,31.6,0,0.015,995.211
22/01/2024 13:09,10.125,0,10.125,31.597,0,0.015,995.212
22/01/2024 13:09,10.112,0,10.112,31.593,0,0.015,995.213
22/01/2024 13:09,10.131,0,10.131,31.589,0,0.015,995.214
22/01/2024 13:09,10.127,0,10.127,31.584,0.002,0.014,995.215
22/01/2024 13:09,10.109,0,10.109,31.585,0.002,0.014,995.215
22/01/2024 13:09,10.121,0,10.121,31.588,0,0.015,995.214
22/01/2024 13:09,10.11,0,10.11,31.6,0,0.015,995.211
22/01/2024 13:09,10.115,0,10.115,31.604,0,0.015,995.209
22/01/2024 13:09,10.127,0,10.127,31.604,0.002,0.014,995.209
22/01/2024 13:09,10.127,0,10.127,31.598,0,0.015,995.211
22/01/2024 13:09,10.099,0,10.099,31.569,0,0.015,995.22
22/01/2024 13:09,10.122,0,10.122,31.571,0,0.015,995.22
22/01/2024 13:09,10.108,0,10.108,31.564,0.002,0.014,995.222
22/01/2024 13:09,10.115,0,10.115,31.56,0,0.015,995.223
22/01/2024 13:09,10.127,0,10.127,31.569,0,0.015,995.22
22/01/2024 13:09,10.101,0,10.101,31.581,0,0.015,995.217
22/01/2024 13:09,10.129,0,10.129,31.597,0,0.015,995.212
22/01/2024 13:09,10.135,0,10.135,31.609,0,0.015,995.208
22/01/2024 13:09,10.12,0,10.12,31.623,0.002,0.014,995.203
22/01/2024 13:09,10.121,0,10.121,31.629,0,0.015,995.202
22/01/2024 13:09,10.124,0,10.124,31.669,0,0.015,995.189
22/01/2024 13:09,10.11,0,10.11,31.715,0,0.015,995.174
22/01/2024 13:09,10.113,0,10.113,31.736,0,0.015,995.168
22/01/2024 13:09,10.11,0,10.11,31.75,0,0.015,995.163
22/01/2024 13:09,10.129,0,10.129,31.758,0,0.015,995.161
22/01/2024 13:10,10.12,0,10.12,31.77,0.002,0.014,995.156
22/01/2024 13:10,10.106,0,10.106,31.781,0.002,0.014,995.153
22/01/2024 13:10,10.136,0,10.136,31.768,0,0.015,995.158
22/01/2024 13:10,10.127,0,10.127,31.737,0,0.015,995.167
22/01/2024 13:10,10.103,0,10.103,31.71,0,0.015,995.176
22/01/2024 13:10,10.126,0,10.126,31.7,0,0.015,995.179
22/01/2024 13:10,10.103,0,10.103,31.7,0,0.015,995.179
22/01/2024 13:10,10.129,0,10.129,31.699,0,0.015,995.179
22/01/2024 13:10,10.114,0,10.114,31.704,0,0.015,995.178
22/01/2024 13:10,10.126,0,10.126,31.716,0,0.015,995.174
22/01/2024 13:10,10.112,0,10.112,31.733,0,0.015,995.168
22/01/2024 13:10,10.118,0,10.118,31.741,0,0.015,995.166
22/01/2024 13:10,10.12,0,10.12,31.755,0,0.015,995.162
22/01/2024 13:10,10.133,0,10.133,31.769,0,0.015,995.157
22/01/2024 13:10,10.107,0,10.107,31.785,0.002,0.014,995.152
22/01/2024 13:10,10.133,0,10.133,31.795,0,0.015,995.149
22/01/2024 13:10,10.14,0,10.14,31.801,0,0.015,995.147
22/01/2024 13:10,10.131,0,10.131,31.816,0,0.015,995.142
22/01/2024 13:10,10.136,0,10.136,31.834,0,0.015,995.137
22/01/2024 13:10,10.132,0,10.132,31.849,0.002,0.014,995.131
22/01/2024 13:10,10.129,0,10.129,31.854,0,0.015,995.13
22/01/2024 13:10,10.139,0,10.139,31.868,0,0.015,995.126
22/01/2024 13:10,10.122,0,10.122,31.879,0,0.015,995.122
22/01/2024 13:10,10.112,0,10.112,31.891,0,0.015,995.118
22/01/2024 13:10,10.109,0,10.109,31.897,0,0.015,995.117
22/01/2024 13:10,10.117,0,10.117,31.898,0,0.015,995.116
22/01/2024 13:10,10.126,0,10.126,31.884,0,0.015,995.121
22/01/2024 13:10,10.115,0,10.115,31.873,0,0.015,995.124
22/01/2024 13:10,10.12,0,10.12,31.881,0,0.015,995.122
22/01/2024 13:10,10.106,0,10.106,31.886,0,0.015,995.12
22/01/2024 13:10,10.131,0,10.131,31.888,0,0.015,995.119
22/01/2024 13:10,10.135,0,10.135,31.892,0.002,0.014,995.118
22/01/2024 13:10,10.102,0,10.102,31.887,0,0.015,995.12
22/01/2024 13:10,10.112,0,10.112,31.879,0.002,0.014,995.122
22/01/2024 13:10,10.131,0,10.131,31.863,0,0.015,995.127
22/01/2024 13:10,10.124,0,10.124,31.847,0,0.015,995.132
22/01/2024 13:10,10.123,0,10.123,31.849,0,0.015,995.132
22/01/2024 13:10,10.118,0,10.118,31.859,0,0.015,995.129
22/01/2024 13:10,10.123,0,10.123,31.869,0,0.015,995.125
22/01/2024 13:10,10.119,0,10.119,31.879,0.002,0.014,995.122
22/01/2024 13:10,10.126,0,10.126,31.88,0,0.015,995.122
22/01/2024 13:10,10.128,0,10.128,31.887,0,0.015,995.12
22/01/2024 13:10,10.135,0,10.135,31.898,0,0.015,995.116
22/01/2024 13:10,10.113,0,10.113,31.901,0,0.015,995.115
22/01/2024 13:10,10.125,0,10.125,31.916,0,0.015,995.111
22/01/2024 13:10,10.109,0,10.109,31.921,0,0.015,995.109
22/01/2024 13:10,10.131,0,10.131,31.929,0,0.015,995.106
22/01/2024 13:10,10.13,0,10.13,31.939,0.002,0.014,995.103
22/01/2024 13:10,10.116,0,10.116,31.951,0,0.015,995.099
22/01/2024 13:10,10.113,0,10.113,31.972,0,0.015,995.093
22/01/2024 13:10,10.116,0,10.116,32.001,0,0.015,995.083
22/01/2024 13:10,10.114,0,10.114,32.026,0.002,0.014,995.075
22/01/2024 13:10,10.128,0,10.128,32.048,0.002,0.014,995.068
22/01/2024 13:10,10.108,0,10.108,32.069,0.002,0.014,995.061
22/01/2024 13:10,10.123,0,10.123,32.083,0,0.015,995.057
22/01/2024 13:10,10.136,0,10.136,32.097,0,0.015,995.053
22/01/2024 13:10,10.102,0,10.102,32.108,0,0.015,995.049
22/01/2024 13:10,10.104,0,10.104,32.12,0.002,0.014,995.045
22/01/2024 13:10,10.111,0,10.111,32.135,0,0.015,995.041
22/01/2024 13:10,10.104,0,10.104,32.136,0,0.015,995.04
22/01/2024 13:11,10.125,0,10.125,32.122,0,0.015,995.045
22/01/2024 13:11,10.124,0,10.124,32.1,0.002,0.014,995.051
22/01/2024 13:11,10.118,0,10.118,32.089,0,0.015,995.055
22/01/2024 13:11,10.139,0,10.139,32.097,0,0.015,995.053
22/01/2024 13:11,10.109,0,10.109,32.108,0,0.015,995.049
22/01/2024 13:11,10.109,0,10.109,32.111,0.002,0.014,995.048
22/01/2024 13:11,10.126,0,10.126,32.089,0,0.015,995.055
22/01/2024 13:11,10.126,0,10.126,32.013,0.002,0.014,995.079
22/01/2024 13:11,10.126,0,10.126,31.949,0,0.015,995.1
22/01/2024 13:11,10.118,0,10.118,31.9,0,0.015,995.116
22/01/2024 13:11,10.118,0,10.118,31.875,0,0.015,995.124
22/01/2024 13:11,10.111,0,10.111,31.853,0,0.015,995.131
22/01/2024 13:11,10.111,0,10.111,31.82,0.002,0.014,995.141
22/01/2024 13:11,10.099,0,10.099,31.79,0,0.015,995.15
22/01/2024 13:11,10.13,0,10.13,31.788,0,0.015,995.151
22/01/2024 13:11,10.135,0,10.135,31.793,0,0.015,995.15
22/01/2024 13:11,10.127,0,10.127,31.799,0,0.015,995.148
22/01/2024 13:11,10.148,0,10.148,31.819,0.002,0.014,995.141
22/01/2024 13:11,10.12,0,10.12,31.817,0,0.015,995.142
22/01/2024 13:11,10.105,0,10.105,31.8,0,0.015,995.147
22/01/2024 13:11,10.121,0,10.121,31.795,0,0.015,995.149
22/01/2024 13:11,10.111,0,10.111,31.796,0.002,0.014,995.148
22/01/2024 13:11,10.12,0,10.12,31.776,0,0.015,995.155
22/01/2024 13:11,10.12,0,10.12,31.752,0,0.015,995.162
22/01/2024 13:11,10.124,0,10.124,31.741,0,0.015,995.166
22/01/2024 13:11,10.138,0,10.138,31.743,0,0.015,995.165
22/01/2024 13:11,10.116,0,10.116,31.755,0,0.015,995.162
22/01/2024 13:11,10.121,0,10.121,31.768,0.002,0.014,995.157
22/01/2024 13:11,10.12,0,10.12,31.774,0,0.015,995.156
22/01/2024 13:11,10.115,0,10.115,31.782,0.002,0.014,995.153
22/01/2024 13:11,10.092,0,10.092,31.783,0,0.015,995.153
22/01/2024 13:11,10.101,0,10.101,31.775,0,0.015,995.155
22/01/2024 13:11,10.111,0,10.111,31.791,0,0.015,995.15
22/01/2024 13:11,10.122,0,10.122,31.801,0,0.015,995.147
22/01/2024 13:11,10.109,0,10.109,31.821,0,0.015,995.141
22/01/2024 13:11,10.125,0,10.125,31.826,0.002,0.014,995.139
22/01/2024 13:11,10.107,0,10.107,31.824,0,0.015,995.14
22/01/2024 13:11,10.098,0,10.098,31.825,0,0.015,995.139
22/01/2024 13:11,10.111,0,10.111,31.825,0,0.015,995.139
22/01/2024 13:11,10.122,0,10.122,31.85,0,0.015,995.131
22/01/2024 13:11,10.108,0,10.108,31.862,0,0.015,995.128
22/01/2024 13:11,10.122,0,10.122,31.88,0,0.015,995.122
22/01/2024 13:11,10.111,0,10.111,31.902,0,0.015,995.115
22/01/2024 13:11,10.122,0,10.122,31.941,0,0.015,995.103
22/01/2024 13:11,10.111,0,10.111,31.973,0,0.015,995.092
22/01/2024 13:11,10.11,0,10.11,31.972,0,0.015,995.093
22/01/2024 13:11,10.11,0,10.11,31.912,0,0.015,995.112
22/01/2024 13:11,10.113,0,10.113,31.838,0,0.015,995.135
22/01/2024 13:11,10.108,0,10.108,31.797,0,0.015,995.148
22/01/2024 13:11,10.12,0,10.12,31.765,0,0.015,995.158
22/01/2024 13:11,10.101,0,10.101,31.762,0,0.015,995.159
22/01/2024 13:11,10.111,0,10.111,31.768,0,0.015,995.157
22/01/2024 13:11,10.098,0,10.098,31.793,0.002,0.014,995.149
22/01/2024 13:11,10.107,0,10.107,31.823,0,0.015,995.14
22/01/2024 13:11,10.129,0,10.129,31.862,0,0.015,995.128
22/01/2024 13:11,10.142,0,10.142,31.874,0,0.015,995.124
22/01/2024 13:11,10.087,0,10.087,31.888,0,0.015,995.119
22/01/2024 13:11,10.122,0,10.122,31.912,0,0.015,995.112
22/01/2024 13:11,10.114,0,10.114,31.94,0,0.015,995.103
22/01/2024 13:11,10.129,0,10.129,31.961,0,0.015,995.096
22/01/2024 13:12,10.109,0,10.109,31.953,0,0.015,995.099
22/01/2024 13:12,10.104,0,10.104,31.94,0,0.015,995.103
22/01/2024 13:12,10.105,0,10.105,31.951,0,0.015,995.099
22/01/2024 13:12,10.113,0,10.113,31.958,0,0.015,995.097
22/01/2024 13:12,10.105,0,10.105,31.971,0,0.015,995.093
22/01/2024 13:12,10.12,0,10.12,31.987,0,0.015,995.088
22/01/2024 13:12,10.123,0,10.123,31.985,0,0.015,995.088
22/01/2024 13:12,10.129,0,10.129,31.975,0,0.015,995.092
22/01/2024 13:12,10.13,0,10.13,31.945,0,0.015,995.101
22/01/2024 13:12,10.104,0,10.104,31.914,0,0.015,995.111
22/01/2024 13:12,10.12,0,10.12,31.896,0,0.015,995.117
22/01/2024 13:12,10.104,0,10.104,31.885,0,0.015,995.12
22/01/2024 13:12,10.122,0,10.122,31.878,0,0.015,995.123
22/01/2024 13:12,10.1,0,10.1,31.866,0,0.015,995.126
22/01/2024 13:12,10.128,0,10.128,31.854,0,0.015,995.13
22/01/2024 13:12,10.127,0,10.127,31.838,0,0.015,995.135
22/01/2024 13:12,10.132,0,10.132,31.825,0,0.015,995.139
22/01/2024 13:12,10.116,0,10.116,31.813,0,0.015,995.143
22/01/2024 13:12,10.099,0,10.099,31.812,0,0.015,995.143
22/01/2024 13:12,10.118,0,10.118,31.807,0,0.015,995.145
22/01/2024 13:12,10.119,0,10.119,31.792,0,0.015,995.15
22/01/2024 13:12,10.1,0,10.1,31.78,0,0.015,995.154
22/01/2024 13:12,10.105,0,10.105,31.772,0,0.015,995.156
22/01/2024 13:12,10.111,0,10.111,31.765,0,0.015,995.158
22/01/2024 13:12,10.108,0,10.108,31.739,0,0.015,995.167
22/01/2024 13:12,10.118,0,10.118,31.721,0,0.015,995.172
22/01/2024 13:12,10.118,0,10.118,31.735,0,0.015,995.168
22/01/2024 13:12,10.106,0,10.106,31.753,0,0.015,995.162
22/01/2024 13:12,10.102,0,10.102,31.746,0,0.015,995.164
22/01/2024 13:12,10.125,0,10.125,31.747,0,0.015,995.164
22/01/2024 13:12,10.099,0,10.099,31.753,0,0.015,995.162
22/01/2024 13:12,10.106,0,10.106,31.765,0,0.015,995.158
22/01/2024 13:12,10.128,0,10.128,31.778,0,0.015,995.154
22/01/2024 13:12,10.115,0,10.115,31.797,0.002,0.014,995.148
22/01/2024 13:12,10.135,0,10.135,31.816,0,0.015,995.142
22/01/2024 13:12,10.102,0,10.102,31.826,0,0.015,995.139
22/01/2024 13:12,10.09,0,10.09,31.85,0,0.015,995.131
22/01/2024 13:12,10.111,0,10.111,31.868,0,0.015,995.126
22/01/2024 13:12,10.114,0,10.114,31.876,0,0.015,995.123
22/01/2024 13:12,10.125,0,10.125,31.881,0,0.015,995.122
22/01/2024 13:12,10.076,0,10.076,31.873,0,0.015,995.124
22/01/2024 13:12,10.101,0,10.101,31.823,0,0.015,995.14
22/01/2024 13:12,10.131,0,10.131,31.818,0,0.015,995.142
22/01/2024 13:12,10.114,0,10.114,31.814,0,0.015,995.143
22/01/2024 13:12,10.093,0,10.093,31.81,0,0.015,995.144
22/01/2024 13:12,10.119,0,10.119,31.806,0.002,0.014,995.145
22/01/2024 13:12,10.104,0,10.104,31.805,0,0.015,995.146
22/01/2024 13:12,10.121,0,10.121,31.816,0,0.015,995.142
22/01/2024 13:12,10.123,0,10.123,31.827,0,0.015,995.139
22/01/2024 13:12,10.119,0,10.119,31.839,0,0.015,995.135
22/01/2024 13:12,10.143,0,10.143,31.858,0,0.015,995.129
22/01/2024 13:12,10.118,0,10.118,31.869,0,0.015,995.125
22/01/2024 13:12,10.131,0,10.131,31.883,0,0.015,995.121
22/01/2024 13:12,10.094,0,10.094,31.9,0,0.015,995.116
22/01/2024 13:12,10.124,0,10.124,31.917,0,0.015,995.11
22/01/2024 13:12,10.134,0,10.134,31.933,0,0.015,995.105
22/01/2024 13:12,10.109,0,10.109,31.958,0,0.015,995.097
22/01/2024 13:12,10.133,0,10.133,31.981,0,0.015,995.09
22/01/2024 13:12,10.128,0,10.128,31.978,0,0.015,995.091
22/01/2024 13:12,10.124,0,10.124,31.961,0,0.015,995.096
22/01/2024 13:13,10.124,0,10.124,31.946,0,0.015,995.101
22/01/2024 13:13,10.118,0,10.118,31.926,0.002,0.014,995.107
22/01/2024 13:13,10.122,0,10.122,31.895,0,0.015,995.117
22/01/2024 13:13,10.131,0,10.131,31.886,0,0.015,995.12
22/01/2024 13:13,10.114,0,10.114,31.894,0,0.015,995.118
22/01/2024 13:13,10.117,0,10.117,31.9,0,0.015,995.116
22/01/2024 13:13,10.141,0,10.141,31.884,0,0.015,995.121
22/01/2024 13:13,10.087,0,10.087,31.863,0,0.015,995.127
22/01/2024 13:13,10.119,0,10.119,31.839,0,0.015,995.135
22/01/2024 13:13,10.101,0,10.101,31.839,0,0.015,995.135
22/01/2024 13:13,10.111,0,10.111,31.843,0,0.015,995.134
22/01/2024 13:13,10.137,0,10.137,31.823,0,0.015,995.14
22/01/2024 13:13,10.136,0,10.136,31.833,0,0.015,995.137
22/01/2024 13:13,10.119,0,10.119,31.843,0,0.015,995.134
22/01/2024 13:13,10.096,0,10.096,31.848,0,0.015,995.132
22/01/2024 13:13,10.116,0,10.116,31.842,0,0.015,995.134
22/01/2024 13:13,10.15,0,10.15,31.838,0,0.015,995.135
22/01/2024 13:13,10.089,0,10.089,31.846,0,0.015,995.133
22/01/2024 13:13,10.102,0,10.102,31.827,0,0.015,995.139
22/01/2024 13:13,10.119,0,10.119,31.824,0,0.015,995.14
22/01/2024 13:13,10.115,0,10.115,31.848,0,0.015,995.132
22/01/2024 13:13,10.138,0,10.138,31.897,0,0.015,995.117
22/01/2024 13:13,10.118,0,10.118,31.928,0,0.015,995.107
22/01/2024 13:13,10.111,0,10.111,31.918,0,0.015,995.11
22/01/2024 13:13,10.126,0,10.126,31.966,0,0.015,995.095
22/01/2024 13:13,10.122,0,10.122,31.964,0,0.015,995.095
22/01/2024 13:13,10.093,0,10.093,31.959,0,0.015,995.097
22/01/2024 13:13,10.103,0,10.103,31.947,0,0.015,995.101
22/01/2024 13:13,10.111,0,10.111,31.944,0,0.015,995.102
22/01/2024 13:13,10.142,0,10.142,31.943,0,0.015,995.102
22/01/2024 13:13,10.113,0,10.113,31.953,0,0.015,995.099
22/01/2024 13:13,10.105,0,10.105,31.961,0.002,0.014,995.096
22/01/2024 13:13,10.085,0,10.085,31.973,0,0.015,995.092
22/01/2024 13:13,10.128,0,10.128,31.961,0,0.015,995.096
22/01/2024 13:13,10.114,0,10.114,31.953,0,0.015,995.099
22/01/2024 13:13,10.113,0,10.113,31.946,0,0.015,995.101
22/01/2024 13:13,10.128,0,10.128,31.951,0,0.015,995.099
22/01/2024 13:13,10.12,0,10.12,31.966,0,0.015,995.095
22/01/2024 13:13,10.144,0,10.144,31.974,0,0.015,995.092
22/01/2024 13:13,10.12,0,10.12,31.988,0,0.015,995.087
22/01/2024 13:13,10.132,0,10.132,31.997,0,0.015,995.085
22/01/2024 13:13,10.131,0,10.131,31.987,0,0.015,995.088
22/01/2024 13:13,10.114,0,10.114,31.945,0,0.015,995.101
22/01/2024 13:13,10.119,0,10.119,31.906,0.002,0.014,995.113
22/01/2024 13:13,10.133,0,10.133,31.826,0,0.015,995.139
22/01/2024 13:13,10.095,0,10.095,31.767,0,0.015,995.158
22/01/2024 13:13,10.113,0,10.113,31.742,0,0.015,995.166
22/01/2024 13:13,10.107,0,10.107,31.739,0,0.015,995.167
22/01/2024 13:13,10.117,0,10.117,31.724,0,0.015,995.171
22/01/2024 13:13,10.132,0,10.132,31.73,0,0.015,995.169
22/01/2024 13:13,10.133,0,10.133,31.75,0,0.015,995.163
22/01/2024 13:13,10.125,0,10.125,31.769,0,0.015,995.157
22/01/2024 13:13,10.138,0,10.138,31.786,0,0.015,995.152
22/01/2024 13:13,10.13,0,10.13,31.802,0,0.015,995.147
22/01/2024 13:13,10.145,0,10.145,31.81,0,0.015,995.144
22/01/2024 13:13,10.141,0,10.141,31.77,0,0.015,995.157
22/01/2024 13:13,10.137,0,10.137,31.728,0,0.015,995.17
22/01/2024 13:13,10.126,0,10.126,31.688,0,0.015,995.183
22/01/2024 13:13,10.101,0,10.101,31.669,0.002,0.014,995.188
22/01/2024 13:13,10.117,0,10.117,31.663,0.002,0.014,995.19
22/01/2024 13:14,10.105,0,10.105,31.658,0,0.015,995.192
22/01/2024 13:14,10.139,0,10.139,31.638,0,0.015,995.199
22/01/2024 13:14,10.12,0,10.12,31.631,0,0.015,995.201
22/01/2024 13:14,10.124,0,10.124,31.629,0,0.015,995.202
22/01/2024 13:14,10.104,0,10.104,31.63,0,0.015,995.201
22/01/2024 13:14,10.121,0,10.121,31.608,0,0.015,995.208
22/01/2024 13:14,10.137,0,10.137,31.584,0,0.015,995.216
22/01/2024 13:14,10.131,0,10.131,31.553,0.002,0.014,995.225
22/01/2024 13:14,10.139,0,10.139,31.544,0,0.015,995.228
22/01/2024 13:14,10.093,0,10.093,31.535,0,0.015,995.231
22/01/2024 13:14,10.142,0,10.142,31.54,0,0.015,995.23
22/01/2024 13:14,10.118,0,10.118,31.544,0,0.015,995.228
22/01/2024 13:14,10.15,0,10.15,31.538,0,0.015,995.23
22/01/2024 13:14,10.09,0,10.09,31.525,0.002,0.014,995.234
22/01/2024 13:14,10.135,0,10.135,31.526,0,0.015,995.234
22/01/2024 13:14,10.119,0,10.119,31.492,0,0.015,995.245
22/01/2024 13:14,10.13,0,10.13,31.465,0,0.015,995.253
22/01/2024 13:14,10.127,0,10.127,31.428,0.002,0.014,995.264
22/01/2024 13:14,10.112,0,10.112,31.401,0,0.014,995.273
22/01/2024 13:14,10.12,0,10.12,31.384,0,0.014,995.278
22/01/2024 13:14,10.108,0,10.108,31.366,0,0.014,995.284
22/01/2024 13:14,10.101,0,10.101,31.34,0,0.014,995.292
22/01/2024 13:14,10.109,0,10.109,31.312,0,0.014,995.301
22/01/2024 13:14,10.108,0,10.108,31.272,0,0.014,995.314
22/01/2024 13:14,10.12,0,10.12,31.206,0,0.014,995.334
22/01/2024 13:14,10.124,0,10.124,31.172,0,0.014,995.345
22/01/2024 13:14,10.11,0,10.11,31.176,0,0.014,995.344
22/01/2024 13:14,10.13,0,10.13,31.165,0,0.014,995.347
22/01/2024 13:14,10.122,0,10.122,31.154,0,0.014,995.35
22/01/2024 13:14,10.114,0,10.114,31.146,0,0.014,995.353
22/01/2024 13:14,10.095,0,10.095,31.152,0,0.014,995.351
22/01/2024 13:14,10.116,0,10.116,31.132,0,0.014,995.357
22/01/2024 13:14,10.115,0,10.115,31.125,0,0.014,995.359
22/01/2024 13:14,10.124,0,10.124,31.147,0,0.014,995.353
22/01/2024 13:14,10.132,0,10.132,31.164,0,0.014,995.347
22/01/2024 13:14,10.126,0,10.126,31.191,0,0.014,995.339
22/01/2024 13:14,10.138,0,10.138,31.205,0,0.014,995.335
22/01/2024 13:14,10.129,0,10.129,31.235,0,0.014,995.325
22/01/2024 13:14,10.11,0,10.11,31.288,0,0.014,995.309
22/01/2024 13:14,10.136,0,10.136,31.337,0,0.014,995.294
22/01/2024 13:14,10.132,0,10.132,31.38,0,0.014,995.28
22/01/2024 13:14,10.126,0,10.126,31.436,0,0.014,995.262
22/01/2024 13:14,10.12,0,10.12,31.486,0,0.015,995.247
22/01/2024 13:14,10.114,0,10.114,31.515,0,0.015,995.237
22/01/2024 13:14,10.14,0,10.14,31.543,0,0.015,995.229
22/01/2024 13:14,10.117,0,10.117,31.575,0,0.015,995.219
22/01/2024 13:14,10.101,0,10.101,31.597,0,0.015,995.212
22/01/2024 13:14,10.129,0,10.129,31.599,0,0.015,995.211
22/01/2024 13:14,10.134,0,10.134,31.586,0,0.015,995.215
22/01/2024 13:14,10.125,0,10.125,31.58,0,0.015,995.217
22/01/2024 13:14,10.106,0,10.106,31.603,0,0.015,995.21
22/01/2024 13:14,10.112,0,10.112,31.624,0,0.015,995.203
22/01/2024 13:14,10.132,0,10.132,31.647,0,0.015,995.196
22/01/2024 13:14,10.124,0,10.124,31.646,0,0.015,995.196
22/01/2024 13:14,10.098,0,10.098,31.655,0,0.015,995.193
22/01/2024 13:14,10.114,0,10.114,31.657,0,0.015,995.193
22/01/2024 13:14,10.12,0,10.12,31.664,0,0.015,995.191
22/01/2024 13:14,10.141,0,10.141,31.718,0,0.015,995.173
22/01/2024 13:14,10.115,0,10.115,31.762,0,0.015,995.159
22/01/2024 13:14,10.129,0,10.129,31.764,0,0.015,995.159
22/01/2024 13:15,10.134,0,10.134,31.78,0,0.015,995.154
22/01/2024 13:15,10.144,0,10.144,31.786,0,0.015,995.152
22/01/2024 13:15,10.129,0,10.129,31.783,0,0.015,995.153
22/01/2024 13:15,10.112,0,10.112,31.769,0,0.015,995.157
22/01/2024 13:15,10.124,0,10.124,31.778,0,0.015,995.154
22/01/2024 13:15,10.13,0,10.13,31.795,0,0.015,995.149
22/01/2024 13:15,10.137,0,10.137,31.793,0,0.015,995.15
22/01/2024 13:15,10.135,0,10.135,31.75,0,0.015,995.163
22/01/2024 13:15,10.128,0,10.128,31.716,0,0.015,995.174
22/01/2024 13:15,10.146,0,10.146,31.702,0,0.015,995.178
22/01/2024 13:15,10.127,0,10.127,31.673,0,0.015,995.188
22/01/2024 13:15,10.129,0,10.129,31.642,0,0.015,995.198
22/01/2024 13:15,10.143,0,10.143,31.617,0,0.015,995.205
22/01/2024 13:15,10.142,0,10.142,31.578,0.002,0.014,995.217
22/01/2024 13:15,10.148,0,10.148,31.547,0,0.015,995.227
22/01/2024 13:15,10.115,0,10.115,31.508,0,0.015,995.24
22/01/2024 13:15,10.117,0,10.117,31.464,0,0.015,995.253
22/01/2024 13:15,10.105,0,10.105,31.433,0,0.014,995.263
22/01/2024 13:15,10.1,0,10.1,31.419,0,0.014,995.267
22/01/2024 13:15,10.138,0,10.138,31.404,0,0.014,995.272
22/01/2024 13:15,10.12,0,10.12,31.382,0,0.014,995.279
22/01/2024 13:15,10.154,0,10.154,31.344,0.002,0.014,995.291
22/01/2024 13:15,10.116,0,10.116,31.294,0,0.014,995.307
22/01/2024 13:15,10.133,0,10.133,31.253,0,0.014,995.32
22/01/2024 13:15,10.137,0,10.137,31.238,0,0.014,995.324
22/01/2024 13:15,10.136,0,10.136,31.199,0,0.014,995.337
22/01/2024 13:15,10.144,0,10.144,31.146,0,0.014,995.353
22/01/2024 13:15,10.128,0,10.128,31.114,0,0.014,995.363
22/01/2024 13:15,10.12,0,10.12,31.111,0,0.014,995.364
22/01/2024 13:15,10.111,0,10.111,31.121,0,0.014,995.361
22/01/2024 13:15,10.133,0,10.133,31.116,0,0.014,995.362
22/01/2024 13:15,10.14,0,10.14,31.087,0,0.014,995.371
22/01/2024 13:15,10.122,0,10.122,31.089,0,0.014,995.371
22/01/2024 13:15,10.115,0,10.115,31.105,0,0.014,995.366
22/01/2024 13:15,10.132,0,10.132,31.126,0,0.014,995.359
22/01/2024 13:15,10.128,0,10.128,31.147,0,0.014,995.353
22/01/2024 13:15,10.133,0,10.133,31.136,0,0.014,995.356
22/01/2024 13:15,10.135,0,10.135,31.118,0,0.014,995.362
22/01/2024 13:15,10.128,0,10.128,31.079,0,0.014,995.374
22/01/2024 13:15,10.14,0,10.14,31.073,0.002,0.014,995.376
22/01/2024 13:15,10.114,0,10.114,31.086,0,0.014,995.372
22/01/2024 13:15,10.139,0,10.139,31.07,0,0.014,995.377
22/01/2024 13:15,10.142,0,10.142,31.064,0.002,0.014,995.378
22/01/2024 13:15,10.133,0,10.133,31.036,0.002,0.014,995.387
22/01/2024 13:15,10.14,0,10.14,31.032,0,0.014,995.389
22/01/2024 13:15,10.141,0,10.141,31.029,0,0.014,995.39
22/01/2024 13:15,10.132,0,10.132,31.006,0,0.014,995.397
22/01/2024 13:15,10.137,0,10.137,30.956,0,0.014,995.412
22/01/2024 13:15,10.134,0,10.134,30.93,0,0.014,995.42
22/01/2024 13:15,10.127,0,10.127,30.912,0,0.014,995.426
22/01/2024 13:15,10.118,0,10.118,30.895,0,0.014,995.431
22/01/2024 13:15,10.125,0,10.125,30.888,0,0.014,995.433
22/01/2024 13:15,10.096,0,10.096,30.874,0,0.014,995.437
22/01/2024 13:15,10.115,0,10.115,30.861,0,0.014,995.441
22/01/2024 13:15,10.131,0,10.131,30.871,0,0.014,995.438
22/01/2024 13:15,10.145,0,10.145,30.891,0,0.014,995.432
22/01/2024 13:15,10.126,0,10.126,30.912,0,0.014,995.426
22/01/2024 13:15,10.123,0,10.123,30.94,0,0.014,995.417
22/01/2024 13:15,10.102,0,10.102,30.951,0,0.014,995.414
22/01/2024 13:15,10.118,0,10.118,30.972,0,0.014,995.407
22/01/2024 13:16,10.123,0,10.123,30.989,0,0.014,995.402
22/01/2024 13:16,10.115,0,10.115,31.008,0,0.014,995.396
22/01/2024 13:16,10.128,0,10.128,31.025,0,0.014,995.391
22/01/2024 13:16,10.127,0,10.127,31.017,0,0.014,995.393
22/01/2024 13:16,10.13,0,10.13,31.019,0,0.014,995.393
22/01/2024 13:16,10.124,0,10.124,31.041,0,0.014,995.386
22/01/2024 13:16,10.117,0,10.117,31.056,0,0.014,995.381
22/01/2024 13:16,10.121,0,10.121,31.095,0,0.014,995.369
22/01/2024 13:16,10.132,0,10.132,31.09,0,0.014,995.37
22/01/2024 13:16,10.132,0,10.132,31.076,0,0.014,995.375
22/01/2024 13:16,10.105,0,10.105,31.042,0,0.014,995.385
22/01/2024 13:16,10.143,0,10.143,30.995,0,0.014,995.4
22/01/2024 13:16,10.128,0,10.128,30.962,0,0.014,995.41
22/01/2024 13:16,10.145,0,10.145,30.937,0,0.014,995.418
22/01/2024 13:16,10.132,0,10.132,30.924,0,0.014,995.422
22/01/2024 13:16,10.115,0,10.115,30.923,0,0.014,995.422
22/01/2024 13:16,10.122,0,10.122,30.935,0,0.014,995.419
22/01/2024 13:16,10.12,0,10.12,30.939,0,0.014,995.417
22/01/2024 13:16,10.132,0,10.132,30.971,0,0.014,995.408
22/01/2024 13:16,10.124,0,10.124,30.994,0,0.014,995.4
22/01/2024 13:16,10.142,0,10.142,31.02,0,0.014,995.392
22/01/2024 13:16,10.157,0,10.157,31.034,0,0.014,995.388
22/01/2024 13:16,10.122,0,10.122,31.042,0,0.014,995.386
22/01/2024 13:16,10.126,0,10.126,31.044,0,0.014,995.385
22/01/2024 13:16,10.122,0,10.122,31.055,0,0.014,995.382
22/01/2024 13:16,10.107,0,10.107,31.042,0,0.014,995.385
22/01/2024 13:16,10.133,0,10.133,31.016,0,0.014,995.394
22/01/2024 13:16,10.123,0,10.123,31.024,0,0.014,995.391
22/01/2024 13:16,10.1,0,10.1,31.034,0,0.014,995.388
22/01/2024 13:16,10.13,0,10.13,31.05,0,0.014,995.383
22/01/2024 13:16,10.127,0,10.127,31.092,0.002,0.014,995.369
22/01/2024 13:16,10.105,0,10.105,31.069,0.002,0.014,995.377
22/01/2024 13:16,10.122,0,10.122,31.039,0,0.014,995.386
22/01/2024 13:16,10.147,0,10.147,31.008,0,0.014,995.396
22/01/2024 13:16,10.141,0,10.141,30.985,0,0.014,995.403
22/01/2024 13:16,10.114,0,10.114,30.984,0,0.014,995.403
22/01/2024 13:16,10.118,0,10.118,30.976,0,0.014,995.406
22/01/2024 13:16,10.1,0,10.1,30.984,0,0.014,995.403
22/01/2024 13:16,10.124,0,10.124,30.978,0,0.014,995.405
22/01/2024 13:16,10.114,0,10.114,30.98,0,0.014,995.405
22/01/2024 13:16,10.128,0,10.128,30.986,0,0.014,995.403
22/01/2024 13:16,10.142,0,10.142,30.987,0,0.014,995.403
22/01/2024 13:16,10.14,0,10.14,30.986,0,0.014,995.403
22/01/2024 13:16,10.14,0,10.14,31.055,0,0.014,995.382
22/01/2024 13:16,10.122,0,10.122,31.084,0,0.014,995.372
22/01/2024 13:16,10.128,0,10.128,31.13,0,0.014,995.358
22/01/2024 13:16,10.129,0,10.129,31.157,0,0.014,995.35
22/01/2024 13:16,10.123,0,10.123,31.181,0.002,0.014,995.342
22/01/2024 13:16,10.127,0,10.127,31.207,0,0.014,995.334
22/01/2024 13:16,10.107,0,10.107,31.237,0,0.014,995.325
22/01/2024 13:16,10.145,0,10.145,31.267,0,0.014,995.315
22/01/2024 13:16,10.135,0,10.135,31.272,0,0.014,995.314
22/01/2024 13:16,10.101,0,10.101,31.269,0,0.014,995.315
22/01/2024 13:16,10.119,0,10.119,31.296,0,0.014,995.306
22/01/2024 13:16,10.122,0,10.122,31.299,0,0.014,995.305
22/01/2024 13:16,10.134,0,10.134,31.287,0,0.014,995.309
22/01/2024 13:16,10.111,0,10.111,31.269,0,0.014,995.315
22/01/2024 13:16,10.141,0,10.141,31.254,0,0.014,995.319
22/01/2024 13:16,10.116,0,10.116,31.237,0,0.014,995.325
22/01/2024 13:16,10.13,0,10.13,31.238,0,0.014,995.324
22/01/2024 13:17,10.124,0,10.124,31.271,0,0.014,995.314
22/01/2024 13:17,10.14,0,10.14,31.25,0,0.014,995.321
22/01/2024 13:17,10.128,0,10.128,31.238,0,0.014,995.324
22/01/2024 13:17,10.122,0,10.122,31.233,0,0.014,995.326
22/01/2024 13:17,10.137,0,10.137,31.261,0,0.014,995.317
22/01/2024 13:17,10.116,0,10.116,31.292,0,0.014,995.307
22/01/2024 13:17,10.123,0,10.123,31.315,0,0.014,995.3
22/01/2024 13:17,10.125,0,10.125,31.339,0,0.014,995.293
22/01/2024 13:17,10.131,0,10.131,31.352,0,0.014,995.289
22/01/2024 13:17,10.119,0,10.119,31.372,0,0.014,995.283
22/01/2024 13:17,10.127,0,10.127,31.391,0,0.014,995.276
22/01/2024 13:17,10.133,0,10.133,31.406,0,0.014,995.272
22/01/2024 13:17,10.128,0,10.128,31.409,0,0.014,995.271
22/01/2024 13:17,10.126,0,10.126,31.396,0,0.014,995.275
22/01/2024 13:17,10.138,0,10.138,31.381,0,0.014,995.279
22/01/2024 13:17,10.12,0,10.12,31.367,0,0.014,995.284
22/01/2024 13:17,10.124,0,10.124,31.352,0,0.014,995.289
22/01/2024 13:17,10.127,0,10.127,31.355,0,0.014,995.288
22/01/2024 13:17,10.147,0,10.147,31.343,0.002,0.014,995.291
22/01/2024 13:17,10.129,0,10.129,31.305,0.002,0.014,995.303
22/01/2024 13:17,10.142,0,10.142,31.273,0,0.014,995.314
22/01/2024 13:17,10.135,0,10.135,31.25,0,0.014,995.321
22/01/2024 13:17,10.118,0,10.118,31.236,0,0.014,995.325
22/01/2024 13:17,10.117,0,10.117,31.207,0,0.014,995.334
22/01/2024 13:17,10.125,0,10.125,31.176,0,0.014,995.344
22/01/2024 13:17,10.094,0,10.094,31.197,0,0.014,995.337
22/01/2024 13:17,10.117,0,10.117,31.215,0,0.014,995.331
22/01/2024 13:17,10.12,0,10.12,31.237,0,0.014,995.325
22/01/2024 13:17,10.13,0,10.13,31.254,0,0.014,995.319
22/01/2024 13:17,10.116,0,10.116,31.264,0,0.014,995.316
22/01/2024 13:17,10.134,0,10.134,31.28,0,0.014,995.311
22/01/2024 13:17,10.119,0,10.119,31.294,0,0.014,995.307
22/01/2024 13:17,10.131,0,10.131,31.312,0,0.014,995.301
22/01/2024 13:17,10.122,0,10.122,31.328,0,0.014,995.296
22/01/2024 13:17,10.118,0,10.118,31.337,0,0.014,995.293
22/01/2024 13:17,10.119,0,10.119,31.349,0,0.014,995.29
22/01/2024 13:17,10.116,0,10.116,31.37,0,0.014,995.283
22/01/2024 13:17,10.129,0,10.129,31.385,0,0.014,995.278
22/01/2024 13:17,10.123,0,10.123,31.401,0,0.014,995.273
22/01/2024 13:17,10.118,0,10.118,31.423,0,0.014,995.266
22/01/2024 13:17,10.112,0,10.112,31.44,0,0.014,995.261
22/01/2024 13:17,10.116,0,10.116,31.455,0,0.014,995.256
22/01/2024 13:17,10.102,0,10.102,31.468,0,0.015,995.252
22/01/2024 13:17,10.113,0,10.113,31.479,0,0.015,995.249
22/01/2024 13:17,10.104,0,10.104,31.478,0,0.015,995.249
22/01/2024 13:17,10.119,0,10.119,31.477,0,0.015,995.249
22/01/2024 13:17,10.11,0,10.11,31.478,0,0.015,995.249
22/01/2024 13:17,10.113,0,10.113,31.499,0,0.015,995.242
22/01/2024 13:17,10.124,0,10.124,31.518,0,0.015,995.236
22/01/2024 13:17,10.118,0,10.118,31.534,0,0.015,995.231
22/01/2024 13:17,10.132,0,10.132,31.549,0,0.015,995.227
22/01/2024 13:17,10.118,0,10.118,31.561,0.002,0.014,995.223
22/01/2024 13:17,10.129,0,10.129,31.582,0,0.015,995.216
22/01/2024 13:17,10.125,0,10.125,31.586,0,0.015,995.215
22/01/2024 13:17,10.101,0,10.101,31.606,0,0.015,995.209
22/01/2024 13:17,10.128,0,10.128,31.648,0,0.015,995.196
22/01/2024 13:17,10.132,0,10.132,31.686,0,0.015,995.183
22/01/2024 13:17,10.097,0,10.097,31.639,0,0.015,995.198
22/01/2024 13:17,10.122,0,10.122,31.567,0,0.015,995.221
22/01/2024 13:17,10.129,0,10.129,31.516,0,0.015,995.237
22/01/2024 13:18,10.11,0,10.11,31.48,0,0.015,995.248
22/01/2024 13:18,10.107,0,10.107,31.439,0,0.014,995.261
22/01/2024 13:18,10.119,0,10.119,31.384,0,0.014,995.278
22/01/2024 13:18,10.12,0,10.12,31.338,0.002,0.014,995.293
22/01/2024 13:18,10.109,0,10.109,31.29,0,0.014,995.308
22/01/2024 13:18,10.105,0,10.105,31.242,0,0.014,995.323
22/01/2024 13:18,10.125,0,10.125,31.202,0,0.014,995.336
22/01/2024 13:18,10.135,0,10.135,31.181,0,0.014,995.342
22/01/2024 13:18,10.117,0,10.117,31.162,0,0.014,995.348
22/01/2024 13:18,10.103,0,10.103,31.146,0.002,0.014,995.352
22/01/2024 13:18,10.145,0,10.145,31.147,0,0.014,995.353
22/01/2024 13:18,10.119,0,10.119,31.162,0,0.014,995.348
22/01/2024 13:18,10.139,0,10.139,31.181,0,0.014,995.342
22/01/2024 13:18,10.106,0,10.106,31.199,0,0.014,995.336
22/01/2024 13:18,10.124,0,10.124,31.217,0,0.014,995.331
22/01/2024 13:18,10.121,0,10.121,31.222,0,0.014,995.329
22/01/2024 13:18,10.098,0,10.098,31.231,0,0.014,995.326
22/01/2024 13:18,10.126,0,10.126,31.249,0,0.014,995.321
22/01/2024 13:18,10.122,0,10.122,31.314,0,0.014,995.301
22/01/2024 13:18,10.114,0,10.114,31.369,0,0.014,995.283
22/01/2024 13:18,10.108,0,10.108,31.397,0,0.014,995.274
22/01/2024 13:18,10.129,0,10.129,31.418,0,0.014,995.268
22/01/2024 13:18,10.11,0,10.11,31.438,0,0.014,995.262
22/01/2024 13:18,10.101,0,10.101,31.458,0,0.014,995.255
22/01/2024 13:18,10.114,0,10.114,31.48,0,0.015,995.248
22/01/2024 13:18,10.102,0,10.102,31.506,0,0.015,995.24
22/01/2024 13:18,10.127,0,10.127,31.522,0,0.015,995.235
22/01/2024 13:18,10.132,0,10.132,31.472,0,0.015,995.251
22/01/2024 13:18,10.112,0,10.112,31.422,0,0.014,995.267
22/01/2024 13:18,10.127,0,10.127,31.406,0,0.014,995.272
22/01/2024 13:18,10.136,0,10.136,31.4,0,0.014,995.274
22/01/2024 13:18,10.101,0,10.101,31.413,0,0.014,995.269
22/01/2024 13:18,10.133,0,10.133,31.421,0,0.014,995.267
22/01/2024 13:18,10.135,0,10.135,31.424,0,0.014,995.266
22/01/2024 13:18,10.128,0,10.128,31.433,0,0.014,995.263
22/01/2024 13:18,10.123,0,10.123,31.441,0,0.014,995.261
22/01/2024 13:18,10.135,0,10.135,31.45,0,0.014,995.258
22/01/2024 13:18,10.129,0,10.129,31.455,0.002,0.014,995.256
22/01/2024 13:18,10.101,0,10.101,31.462,0,0.015,995.254
22/01/2024 13:18,10.132,0,10.132,31.469,0.002,0.014,995.251
22/01/2024 13:18,10.132,0,10.132,31.451,0,0.014,995.258
22/01/2024 13:18,10.132,0,10.132,31.448,0,0.014,995.258
22/01/2024 13:18,10.121,0,10.121,31.436,0,0.014,995.262
22/01/2024 13:18,10.111,0,10.111,31.439,0,0.014,995.261
22/01/2024 13:18,10.136,0,10.136,31.447,0,0.014,995.259
22/01/2024 13:18,10.112,0,10.112,31.477,0.002,0.014,995.249
22/01/2024 13:18,10.135,0,10.135,31.526,0,0.015,995.234
22/01/2024 13:18,10.135,0,10.135,31.526,0,0.015,995.234
22/01/2024 13:18,10.137,0,10.137,31.491,0,0.015,995.245
22/01/2024 13:18,10.113,0,10.113,31.482,0,0.015,995.248
22/01/2024 13:18,10.111,0,10.111,31.484,0,0.015,995.247
22/01/2024 13:18,10.137,0,10.137,31.453,0,0.014,995.257
22/01/2024 13:18,10.127,0,10.127,31.447,0,0.014,995.259
22/01/2024 13:18,10.128,0,10.128,31.455,0,0.014,995.256
22/01/2024 13:18,10.123,0,10.123,31.469,0,0.015,995.252
22/01/2024 13:18,10.141,0,10.141,31.476,0,0.015,995.25
22/01/2024 13:18,10.136,0,10.136,31.476,0,0.015,995.25
22/01/2024 13:18,10.117,0,10.117,31.425,0,0.014,995.266
22/01/2024 13:18,10.117,0,10.117,31.39,0,0.014,995.277
22/01/2024 13:18,10.141,0,10.141,31.371,0,0.014,995.283
22/01/2024 13:19,10.146,0,10.146,31.363,0,0.014,995.285
22/01/2024 13:19,10.119,0,10.119,31.336,0,0.014,995.294
22/01/2024 13:19,10.112,0,10.112,31.304,0,0.014,995.304
22/01/2024 13:19,10.125,0,10.125,31.289,0,0.014,995.308
22/01/2024 13:19,10.11,0,10.11,31.3,0,0.014,995.305
22/01/2024 13:19,10.119,0,10.119,31.316,0,0.014,995.3
22/01/2024 13:19,10.102,0,10.102,31.31,0,0.014,995.302
22/01/2024 13:19,10.106,0,10.106,31.289,0,0.014,995.308
22/01/2024 13:19,10.123,0,10.123,31.24,0,0.014,995.324
22/01/2024 13:19,10.121,0,10.121,31.208,0,0.014,995.334
22/01/2024 13:19,10.123,0,10.123,31.195,0,0.014,995.338
22/01/2024 13:19,10.124,0,10.124,31.21,0,0.014,995.333
22/01/2024 13:19,10.111,0,10.111,31.183,0,0.014,995.341
22/01/2024 13:19,10.13,0,10.13,31.142,0,0.014,995.354
22/01/2024 13:19,10.118,0,10.118,31.126,0,0.014,995.359
22/01/2024 13:19,10.107,0,10.107,31.106,0,0.014,995.365
22/01/2024 13:19,10.122,0,10.122,31.105,0,0.014,995.366
22/01/2024 13:19,10.127,0,10.127,31.085,0,0.014,995.372
22/01/2024 13:19,10.138,0,10.138,31.106,0,0.014,995.365
22/01/2024 13:19,10.128,0,10.128,31.116,0,0.014,995.362
22/01/2024 13:19,10.107,0,10.107,31.111,0,0.014,995.364
22/01/2024 13:19,10.108,0,10.108,31.088,0.002,0.014,995.37
22/01/2024 13:19,10.118,0,10.118,31.059,0,0.014,995.38
22/01/2024 13:19,10.109,0,10.109,31.066,0,0.014,995.378
22/01/2024 13:19,10.132,0,10.132,31.082,0,0.014,995.373
22/01/2024 13:19,10.105,0,10.105,31.096,0,0.014,995.368
22/01/2024 13:19,10.115,0,10.115,31.102,0,0.014,995.367
22/01/2024 13:19,10.109,0,10.109,31.097,0,0.014,995.368
22/01/2024 13:19,10.146,0,10.146,31.109,0,0.014,995.365
22/01/2024 13:19,10.115,0,10.115,31.128,0,0.014,995.359
22/01/2024 13:19,10.117,0,10.117,31.116,0,0.014,995.362
22/01/2024 13:19,10.118,0,10.118,31.13,0,0.014,995.358
22/01/2024 13:19,10.132,0,10.132,31.155,0,0.014,995.35
22/01/2024 13:19,10.128,0,10.128,31.173,0,0.014,995.345
22/01/2024 13:19,10.146,0,10.146,31.195,0,0.014,995.338
22/01/2024 13:19,10.118,0,10.118,31.212,0,0.014,995.332
22/01/2024 13:19,10.102,0,10.102,31.229,0,0.014,995.327
22/01/2024 13:19,10.1,0,10.1,31.247,0,0.014,995.321
22/01/2024 13:19,10.145,0,10.145,31.258,0,0.014,995.318
22/01/2024 13:19,10.122,0,10.122,31.268,0,0.014,995.315
22/01/2024 13:19,10.117,0,10.117,31.279,0,0.014,995.312
22/01/2024 13:19,10.104,0,10.104,31.296,0,0.014,995.306
22/01/2024 13:19,10.132,0,10.132,31.332,0,0.014,995.295
22/01/2024 13:19,10.101,0,10.101,31.293,0,0.014,995.307
22/01/2024 13:19,10.139,0,10.139,31.237,0,0.014,995.325
22/01/2024 13:19,10.118,0,10.118,31.195,0,0.014,995.338
22/01/2024 13:19,10.115,0,10.115,31.173,0,0.014,995.345
22/01/2024 13:19,10.122,0,10.122,31.15,0,0.014,995.352
22/01/2024 13:19,10.125,0,10.125,31.119,0,0.014,995.361
22/01/2024 13:19,10.124,0,10.124,31.123,0.002,0.014,995.36
22/01/2024 13:19,10.114,0,10.114,31.12,0,0.014,995.361
22/01/2024 13:19,10.127,0,10.127,31.127,0,0.014,995.359
22/01/2024 13:19,10.133,0,10.133,31.134,0,0.014,995.357
22/01/2024 13:19,10.105,0,10.105,31.155,0,0.014,995.35
22/01/2024 13:19,10.135,0,10.135,31.149,0,0.014,995.352
22/01/2024 13:19,10.163,0,10.163,31.146,0.002,0.014,995.353
22/01/2024 13:19,10.132,0,10.132,31.135,0,0.014,995.356
22/01/2024 13:19,10.115,0,10.115,31.128,0,0.014,995.359
22/01/2024 13:19,10.12,0,10.12,31.137,0,0.014,995.356
22/01/2024 13:19,10.109,0,10.109,31.172,0,0.014,995.345
22/01/2024 13:20,10.14,0,10.14,31.154,0,0.014,995.351
22/01/2024 13:20,10.102,0,10.102,31.149,0,0.014,995.352
22/01/2024 13:20,10.117,0,10.117,31.159,0,0.014,995.349
22/01/2024 13:20,10.147,0,10.147,31.159,0,0.014,995.349
22/01/2024 13:20,10.151,0,10.151,31.151,0,0.014,995.352
22/01/2024 13:20,10.131,0,10.131,31.137,0,0.014,995.356
22/01/2024 13:20,10.114,0,10.114,31.136,0,0.014,995.356
22/01/2024 13:20,10.121,0,10.121,31.13,0,0.014,995.358
22/01/2024 13:20,10.114,0,10.114,31.14,0,0.014,995.355
22/01/2024 13:20,10.13,0,10.13,31.15,0,0.014,995.352
22/01/2024 13:20,10.134,0,10.134,31.158,0,0.014,995.349
22/01/2024 13:20,10.128,0,10.128,31.167,0,0.014,995.346
22/01/2024 13:20,10.095,0,10.095,31.149,0,0.014,995.352
22/01/2024 13:20,10.125,0,10.125,31.137,0,0.014,995.356
22/01/2024 13:20,10.115,0,10.115,31.166,0,0.014,995.347
22/01/2024 13:20,10.126,0,10.126,31.18,0,0.014,995.342
22/01/2024 13:20,10.15,0,10.15,31.193,0,0.014,995.338
22/01/2024 13:20,10.131,0,10.131,31.205,0,0.014,995.335
22/01/2024 13:20,10.105,0,10.105,31.224,0,0.014,995.329
22/01/2024 13:20,10.122,0,10.122,31.24,0,0.014,995.324
22/01/2024 13:20,10.127,0,10.127,31.251,0,0.014,995.32
22/01/2024 13:20,10.117,0,10.117,31.262,0,0.014,995.317
22/01/2024 13:20,10.12,0,10.12,31.276,0,0.014,995.312
22/01/2024 13:20,10.129,0,10.129,31.28,0,0.014,995.311
22/01/2024 13:20,10.137,0,10.137,31.278,0.002,0.014,995.312
22/01/2024 13:20,10.112,0,10.112,31.277,0.002,0.014,995.312
22/01/2024 13:20,10.119,0,10.119,31.288,0,0.014,995.309
22/01/2024 13:20,10.106,0,10.106,31.309,0,0.014,995.302
22/01/2024 13:20,10.119,0,10.119,31.321,0,0.014,995.298
22/01/2024 13:20,10.134,0,10.134,31.333,0,0.014,995.295
22/01/2024 13:20,10.135,0,10.135,31.286,0,0.014,995.309
22/01/2024 13:20,10.148,0,10.148,31.24,0,0.014,995.324
22/01/2024 13:20,10.131,0,10.131,31.198,0,0.014,995.337
22/01/2024 13:20,10.138,0,10.138,31.209,0,0.014,995.333
22/01/2024 13:20,10.13,0,10.13,31.207,0,0.014,995.334
22/01/2024 13:20,10.139,0,10.139,31.218,0,0.014,995.331
22/01/2024 13:20,10.129,0,10.129,31.237,0,0.014,995.325
22/01/2024 13:20,10.109,0,10.109,31.252,0,0.014,995.32
22/01/2024 13:20,10.129,0,10.129,31.267,0,0.014,995.315
22/01/2024 13:20,10.138,0,10.138,31.283,0,0.014,995.31
22/01/2024 13:20,10.122,0,10.122,31.3,0,0.014,995.305
22/01/2024 13:20,10.14,0,10.14,31.319,0,0.014,995.299
22/01/2024 13:20,10.092,0,10.092,31.332,0,0.014,995.295
22/01/2024 13:20,10.109,0,10.109,31.333,0.004,0.014,995.294
22/01/2024 13:20,10.126,0,10.126,31.318,0,0.014,995.299
22/01/2024 13:20,10.139,0,10.139,31.264,0,0.014,995.316
22/01/2024 13:20,10.135,0,10.135,31.23,0,0.014,995.327
22/01/2024 13:20,10.127,0,10.127,31.223,0,0.014,995.329
22/01/2024 13:20,10.125,0,10.125,31.218,0,0.014,995.331
22/01/2024 13:20,10.114,0,10.114,31.186,0,0.014,995.34
22/01/2024 13:20,10.142,0,10.142,31.17,0,0.014,995.346
22/01/2024 13:20,10.127,0,10.127,31.159,0,0.014,995.349
22/01/2024 13:20,10.111,0,10.111,31.119,0,0.014,995.361
22/01/2024 13:20,10.116,0,10.116,31.1,0,0.014,995.367
22/01/2024 13:20,10.117,0,10.117,31.096,0,0.014,995.368
22/01/2024 13:20,10.125,0,10.125,31.107,0.002,0.014,995.365
22/01/2024 13:20,10.146,0,10.146,31.115,0,0.014,995.363
22/01/2024 13:20,10.106,0,10.106,31.121,0,0.014,995.361
22/01/2024 13:20,10.119,0,10.119,31.127,0,0.014,995.359
22/01/2024 13:20,10.115,0,10.115,31.144,0,0.014,995.354
22/01/2024 13:21,10.139,0,10.139,31.156,0,0.014,995.35
22/01/2024 13:21,10.109,0,10.109,31.147,0,0.014,995.353
22/01/2024 13:21,10.126,0,10.126,31.125,0,0.014,995.36
22/01/2024 13:21,10.129,0,10.129,31.112,0,0.014,995.364
22/01/2024 13:21,10.113,0,10.113,31.108,0,0.014,995.365
22/01/2024 13:21,10.093,0,10.093,31.104,0.002,0.014,995.365
22/01/2024 13:21,10.107,0,10.107,31.113,0,0.014,995.363
22/01/2024 13:21,10.107,0,10.107,31.129,0.002,0.014,995.358
22/01/2024 13:21,10.115,0,10.115,31.142,0,0.014,995.354
22/01/2024 13:21,10.135,0,10.135,31.145,0,0.014,995.353
22/01/2024 13:21,10.134,0,10.134,31.152,0,0.014,995.351
22/01/2024 13:21,10.129,0,10.129,31.175,0,0.014,995.344
22/01/2024 13:21,10.111,0,10.111,31.218,0,0.014,995.331
22/01/2024 13:21,10.106,0,10.106,31.268,0,0.014,995.315
22/01/2024 13:21,10.115,0,10.115,31.304,0,0.014,995.304
22/01/2024 13:21,10.121,0,10.121,31.293,0,0.014,995.307
22/01/2024 13:21,10.124,0,10.124,31.267,0,0.014,995.315
22/01/2024 13:21,10.116,0,10.116,31.277,0,0.014,995.312
22/01/2024 13:21,10.1,0,10.1,31.265,0,0.014,995.316
22/01/2024 13:21,10.103,0,10.103,31.25,0,0.014,995.321
22/01/2024 13:21,10.146,0,10.146,31.258,0,0.014,995.318
22/01/2024 13:21,10.122,0,10.122,31.279,0,0.014,995.312
22/01/2024 13:21,10.122,0,10.122,31.295,0,0.014,995.307
22/01/2024 13:21,10.128,0,10.128,31.317,0,0.014,995.3
22/01/2024 13:21,10.115,0,10.115,31.331,0,0.014,995.295
22/01/2024 13:21,10.119,0,10.119,31.336,0,0.014,995.294
22/01/2024 13:21,10.126,0,10.126,31.338,0,0.014,995.293
22/01/2024 13:21,10.111,0,10.111,31.342,0,0.014,995.292
22/01/2024 13:21,10.117,0,10.117,31.346,0,0.014,995.291
22/01/2024 13:21,10.109,0,10.109,31.343,0,0.014,995.292
22/01/2024 13:21,10.142,0,10.142,31.313,0,0.014,995.301
22/01/2024 13:21,10.138,0,10.138,31.277,0,0.014,995.312
22/01/2024 13:21,10.118,0,10.118,31.23,0,0.014,995.327
22/01/2024 13:21,10.125,0,10.125,31.176,0,0.014,995.344
22/01/2024 13:21,10.146,0,10.146,31.139,0,0.014,995.355
22/01/2024 13:21,10.137,0,10.137,31.116,0,0.014,995.362
22/01/2024 13:21,10.112,0,10.112,31.093,0,0.014,995.369
22/01/2024 13:21,10.128,0,10.128,31.091,0,0.014,995.37
22/01/2024 13:21,10.13,0,10.13,31.081,0,0.014,995.373
22/01/2024 13:21,10.132,0,10.132,31.049,0,0.014,995.383
22/01/2024 13:21,10.126,0,10.126,31.047,0,0.014,995.384
22/01/2024 13:21,10.118,0,10.118,31.07,0,0.014,995.377
22/01/2024 13:21,10.107,0,10.107,31.109,0,0.014,995.364
22/01/2024 13:21,10.128,0,10.128,31.138,0.002,0.014,995.355
22/01/2024 13:21,10.112,0,10.112,31.163,0,0.014,995.348
22/01/2024 13:21,10.135,0,10.135,31.187,0,0.014,995.34
22/01/2024 13:21,10.105,0,10.105,31.205,0,0.014,995.335
22/01/2024 13:21,10.117,0,10.117,31.228,0.002,0.014,995.327
22/01/2024 13:21,10.109,0,10.109,31.233,0,0.014,995.326
22/01/2024 13:21,10.133,0,10.133,31.224,0,0.014,995.329
22/01/2024 13:21,10.113,0,10.113,31.225,0,0.014,995.328
22/01/2024 13:21,10.115,0,10.115,31.231,0,0.014,995.326
22/01/2024 13:21,10.107,0,10.107,31.221,0,0.014,995.33
22/01/2024 13:21,10.148,0,10.148,31.235,0,0.014,995.325
22/01/2024 13:21,10.129,0,10.129,31.245,0,0.014,995.322
22/01/2024 13:21,10.126,0,10.126,31.271,0,0.014,995.314
22/01/2024 13:21,10.146,0,10.146,31.29,0,0.014,995.308
22/01/2024 13:21,10.126,0,10.126,31.307,0,0.014,995.303
22/01/2024 13:21,10.107,0,10.107,31.308,0,0.014,995.302
22/01/2024 13:21,10.112,0,10.112,31.316,0,0.014,995.3
22/01/2024 13:22,10.081,0,10.081,31.304,0,0.014,995.304
22/01/2024 13:22,10.112,0,10.112,31.279,0,0.014,995.312
22/01/2024 13:22,10.111,0,10.111,31.257,0,0.014,995.318
22/01/2024 13:22,10.09,0,10.09,31.224,0,0.014,995.329
22/01/2024 13:22,10.122,0,10.122,31.188,0,0.014,995.34
22/01/2024 13:22,10.098,0,10.098,31.163,0,0.014,995.348
22/01/2024 13:22,10.132,0,10.132,31.153,0,0.014,995.351
22/01/2024 13:22,10.123,0,10.123,31.157,0,0.014,995.35
22/01/2024 13:22,10.113,0,10.113,31.171,0.002,0.014,995.345
22/01/2024 13:22,10.112,0,10.112,31.187,0.002,0.014,995.34
22/01/2024 13:22,10.151,0,10.151,31.204,0,0.014,995.335
22/01/2024 13:22,10.123,0,10.123,31.221,0,0.014,995.33
22/01/2024 13:22,10.12,0,10.12,31.227,0.002,0.014,995.327
22/01/2024 13:22,10.131,0,10.131,31.243,0,0.014,995.323
22/01/2024 13:22,10.121,0,10.121,31.225,0,0.014,995.328
22/01/2024 13:22,10.106,0,10.106,31.203,0,0.014,995.335
22/01/2024 13:22,10.121,0,10.121,31.18,0,0.014,995.342
22/01/2024 13:22,10.133,0,10.133,31.165,0.002,0.014,995.347
22/01/2024 13:22,10.129,0,10.129,31.162,0,0.014,995.348
22/01/2024 13:22,10.134,0,10.134,31.178,0,0.014,995.343
22/01/2024 13:22,10.136,0,10.136,31.201,0,0.014,995.336
22/01/2024 13:22,10.132,0,10.132,31.216,0,0.014,995.331
22/01/2024 13:22,10.138,0,10.138,31.252,0,0.014,995.32
22/01/2024 13:22,10.124,0,10.124,31.269,0,0.014,995.315
22/01/2024 13:22,10.115,0,10.115,31.291,0,0.014,995.308
22/01/2024 13:22,10.12,0,10.12,31.311,0.002,0.014,995.301
22/01/2024 13:22,10.114,0,10.114,31.324,0,0.014,995.297
22/01/2024 13:22,10.131,0,10.131,31.328,0.002,0.014,995.296
22/01/2024 13:22,10.151,0,10.151,31.324,0,0.014,995.298
22/01/2024 13:22,10.139,0,10.139,31.3,0,0.014,995.305
22/01/2024 13:22,10.113,0,10.113,31.271,0,0.014,995.314
22/01/2024 13:22,10.144,0,10.144,31.238,0,0.014,995.324
22/01/2024 13:22,10.134,0,10.134,31.222,0,0.014,995.329
22/01/2024 13:22,10.107,0,10.107,31.229,0,0.014,995.327
22/01/2024 13:22,10.146,0,10.146,31.247,0,0.014,995.322
22/01/2024 13:22,10.134,0,10.134,31.263,0,0.014,995.317
22/01/2024 13:22,10.118,0,10.118,31.244,0,0.014,995.322
22/01/2024 13:22,10.141,0,10.141,31.208,0,0.014,995.334
22/01/2024 13:22,10.129,0,10.129,31.182,0,0.014,995.342
22/01/2024 13:22,10.112,0,10.112,31.151,0,0.014,995.351
22/01/2024 13:22,10.128,0,10.128,31.12,0,0.014,995.361
22/01/2024 13:22,10.135,0,10.135,31.11,0,0.014,995.364
22/01/2024 13:22,10.159,0,10.159,31.122,0,0.014,995.361
22/01/2024 13:22,10.133,0,10.133,31.124,0,0.014,995.36
22/01/2024 13:22,10.135,0,10.135,31.115,0,0.014,995.363
22/01/2024 13:22,10.108,0,10.108,31.14,0,0.014,995.355
22/01/2024 13:22,10.137,0,10.137,31.163,0,0.014,995.348
22/01/2024 13:22,10.136,0,10.136,31.181,0,0.014,995.342
22/01/2024 13:22,10.127,0,10.127,31.205,0,0.014,995.335
22/01/2024 13:22,10.099,0,10.099,31.223,0,0.014,995.329
22/01/2024 13:22,10.091,0,10.091,31.251,0,0.014,995.32
22/01/2024 13:22,10.131,0,10.131,31.275,0,0.014,995.313
22/01/2024 13:22,10.124,0,10.124,31.288,0.002,0.014,995.308
22/01/2024 13:22,10.12,0,10.12,31.275,0.002,0.014,995.312
22/01/2024 13:22,10.133,0,10.133,31.286,0,0.014,995.309
22/01/2024 13:22,10.142,0,10.142,31.302,0,0.014,995.304
22/01/2024 13:22,10.129,0,10.129,31.304,0,0.014,995.304
22/01/2024 13:22,10.142,0,10.142,31.32,0,0.014,995.299
22/01/2024 13:22,10.132,0,10.132,31.346,0,0.014,995.291
22/01/2024 13:22,10.134,0,10.134,31.353,0,0.014,995.289
22/01/2024 13:23,10.142,0,10.142,31.363,0,0.014,995.285
22/01/2024 13:23,10.114,0,10.114,31.36,0,0.014,995.286
22/01/2024 13:23,10.139,0,10.139,31.355,0,0.014,995.288
22/01/2024 13:23,10.12,0,10.12,31.36,0,0.014,995.286
22/01/2024 13:23,10.124,0,10.124,31.347,0,0.014,995.29
22/01/2024 13:23,10.124,0,10.124,31.331,0,0.014,995.295
22/01/2024 13:23,10.118,0,10.118,31.342,0,0.014,995.292
22/01/2024 13:23,10.118,0,10.118,31.358,0,0.014,995.287
22/01/2024 13:23,10.113,0,10.113,31.373,0,0.014,995.282
22/01/2024 13:23,10.138,0,10.138,31.38,0,0.014,995.28
22/01/2024 13:23,10.105,0,10.105,31.387,0,0.014,995.277
22/01/2024 13:23,10.129,0,10.129,31.389,0,0.014,995.277
22/01/2024 13:23,10.131,0,10.131,31.378,0,0.014,995.28
22/01/2024 13:23,10.139,0,10.139,31.351,0,0.014,995.289
22/01/2024 13:23,10.123,0,10.123,31.303,0,0.014,995.304
22/01/2024 13:23,10.126,0,10.126,31.276,0,0.014,995.313
22/01/2024 13:23,10.142,0,10.142,31.255,0,0.014,995.319
22/01/2024 13:23,10.105,0,10.105,31.268,0,0.014,995.315
22/01/2024 13:23,10.141,0,10.141,31.271,0,0.014,995.314
22/01/2024 13:23,10.139,0,10.139,31.246,0,0.014,995.322
22/01/2024 13:23,10.116,0,10.116,31.26,0,0.014,995.317
22/01/2024 13:23,10.117,0,10.117,31.27,0,0.014,995.314
22/01/2024 13:23,10.129,0,10.129,31.287,0,0.014,995.309
22/01/2024 13:23,10.133,0,10.133,31.306,0,0.014,995.303
22/01/2024 13:23,10.14,0,10.14,31.326,0,0.014,995.297
22/01/2024 13:23,10.126,0,10.126,31.347,0,0.014,995.29
22/01/2024 13:23,10.119,0,10.119,31.37,0,0.014,995.283
22/01/2024 13:23,10.138,0,10.138,31.405,0,0.014,995.272
22/01/2024 13:23,10.127,0,10.127,31.436,0,0.014,995.262
22/01/2024 13:23,10.127,0,10.127,31.464,0,0.015,995.253
22/01/2024 13:23,10.122,0,10.122,31.49,0,0.015,995.245
22/01/2024 13:23,10.113,0,10.113,31.477,0,0.015,995.249
22/01/2024 13:23,10.12,0,10.12,31.472,0,0.015,995.251
22/01/2024 13:23,10.095,0,10.095,31.467,0,0.015,995.252
22/01/2024 13:23,10.129,0,10.129,31.474,0,0.015,995.25
22/01/2024 13:23,10.134,0,10.134,31.477,0,0.015,995.249
22/01/2024 13:23,10.121,0,10.121,31.473,0,0.015,995.251
22/01/2024 13:23,10.12,0,10.12,31.486,0,0.015,995.247
22/01/2024 13:23,10.123,0,10.123,31.491,0,0.015,995.245
22/01/2024 13:23,10.132,0,10.132,31.486,0.002,0.014,995.246
22/01/2024 13:23,10.127,0,10.127,31.478,0,0.015,995.249
22/01/2024 13:23,10.133,0,10.133,31.476,0,0.015,995.25
22/01/2024 13:23,10.119,0,10.119,31.492,0,0.015,995.245
22/01/2024 13:23,10.128,0,10.128,31.496,0,0.015,995.243
22/01/2024 13:23,10.147,0,10.147,31.512,0,0.015,995.238
22/01/2024 13:23,10.132,0,10.132,31.523,0,0.015,995.235
22/01/2024 13:23,10.138,0,10.138,31.532,0,0.015,995.232
22/01/2024 13:23,10.115,0,10.115,31.511,0,0.015,995.239
22/01/2024 13:23,10.128,0,10.128,31.471,0,0.015,995.251
22/01/2024 13:23,10.112,0,10.112,31.428,0,0.014,995.265
22/01/2024 13:23,10.131,0,10.131,31.405,0,0.014,995.272
22/01/2024 13:23,10.14,0,10.14,31.373,0,0.014,995.282
22/01/2024 13:23,10.141,0,10.141,31.367,0,0.014,995.284
22/01/2024 13:23,10.151,0,10.151,31.372,0,0.014,995.283
22/01/2024 13:23,10.143,0,10.143,31.37,0,0.014,995.283
22/01/2024 13:23,10.126,0,10.126,31.371,0,0.014,995.283
22/01/2024 13:23,10.12,0,10.12,31.379,0,0.014,995.28
22/01/2024 13:23,10.152,0,10.152,31.388,0,0.014,995.277
22/01/2024 13:23,10.106,0,10.106,31.401,0,0.014,995.273
22/01/2024 13:23,10.12,0,10.12,31.408,0,0.014,995.271
22/01/2024 13:24,10.132,0,10.132,31.41,0.002,0.014,995.27
22/01/2024 13:24,10.157,0,10.157,31.426,0.002,0.014,995.265
22/01/2024 13:24,10.119,0,10.119,31.441,0,0.014,995.261
22/01/2024 13:24,10.107,0,10.107,31.448,0,0.014,995.258
22/01/2024 13:24,10.13,0,10.13,31.441,0,0.014,995.261
22/01/2024 13:24,10.144,0,10.144,31.445,0,0.014,995.259
22/01/2024 13:24,10.134,0,10.134,31.46,0,0.014,995.255
22/01/2024 13:24,10.149,0,10.149,31.465,0,0.015,995.253
22/01/2024 13:24,10.118,0,10.118,31.479,0,0.015,995.249
22/01/2024 13:24,10.135,0,10.135,31.476,0,0.015,995.25
22/01/2024 13:24,10.122,0,10.122,31.479,0,0.015,995.249
22/01/2024 13:24,10.127,0,10.127,31.479,0,0.015,995.249
22/01/2024 13:24,10.119,0,10.119,31.481,0,0.015,995.248
22/01/2024 13:24,10.139,0,10.139,31.491,0,0.015,995.245
22/01/2024 13:24,10.133,0,10.133,31.505,0,0.015,995.241
22/01/2024 13:24,10.148,0,10.148,31.52,0,0.015,995.236
22/01/2024 13:24,10.119,0,10.119,31.527,0,0.015,995.234
22/01/2024 13:24,10.124,0,10.124,31.54,0,0.015,995.23
22/01/2024 13:24,10.144,0,10.144,31.559,0,0.015,995.224
22/01/2024 13:24,10.121,0,10.121,31.57,0,0.015,995.22
22/01/2024 13:24,10.12,0,10.12,31.577,0,0.015,995.218
22/01/2024 13:24,10.12,0,10.12,31.584,0,0.015,995.216
22/01/2024 13:24,10.138,0,10.138,31.591,0,0.015,995.214
22/01/2024 13:24,10.107,0,10.107,31.594,0,0.015,995.213
22/01/2024 13:24,10.131,0,10.131,31.599,0,0.015,995.211
22/01/2024 13:24,10.131,0,10.131,31.581,0,0.015,995.217
22/01/2024 13:24,10.141,0,10.141,31.585,0,0.015,995.216
22/01/2024 13:24,10.141,0,10.141,31.59,0,0.015,995.214
22/01/2024 13:24,10.137,0,10.137,31.603,0,0.015,995.21
22/01/2024 13:24,10.132,0,10.132,31.617,0,0.015,995.205
22/01/2024 13:24,10.142,0,10.142,31.63,0,0.015,995.201
22/01/2024 13:24,10.121,0,10.121,31.611,0,0.015,995.207
22/01/2024 13:24,10.132,0,10.132,31.601,0,0.015,995.21
22/01/2024 13:24,10.101,0,10.101,31.604,0,0.015,995.209
22/01/2024 13:24,10.119,0,10.119,31.612,0,0.015,995.207
22/01/2024 13:24,10.12,0,10.12,31.617,0,0.015,995.205
22/01/2024 13:24,10.148,0,10.148,31.617,0,0.015,995.205
22/01/2024 13:24,10.117,0,10.117,31.625,0,0.015,995.203
22/01/2024 13:24,10.149,0,10.149,31.625,0,0.015,995.203
22/01/2024 13:24,10.149,0,10.149,31.627,0,0.015,995.202
22/01/2024 13:24,10.123,0,10.123,31.619,0,0.015,995.205
22/01/2024 13:24,10.127,0,10.127,31.631,0.002,0.014,995.201
22/01/2024 13:24,10.128,0,10.128,31.631,0,0.015,995.201
22/01/2024 13:24,10.141,0,10.141,31.611,0,0.015,995.207
22/01/2024 13:24,10.109,0,10.109,31.582,0,0.015,995.216
22/01/2024 13:24,10.133,0,10.133,31.576,0,0.015,995.218
22/01/2024 13:24,10.133,0,10.133,31.552,0,0.015,995.226
22/01/2024 13:24,10.115,0,10.115,31.52,0.002,0.014,995.235
22/01/2024 13:24,10.128,0,10.128,31.494,0,0.015,995.244
22/01/2024 13:24,10.117,0,10.117,31.495,0,0.015,995.244
22/01/2024 13:24,10.141,0,10.141,31.534,0,0.015,995.232
22/01/2024 13:24,10.135,0,10.135,31.551,0,0.015,995.226
22/01/2024 13:24,10.136,0,10.136,31.564,0,0.015,995.222
22/01/2024 13:24,10.139,0,10.139,31.609,0.002,0.014,995.208
22/01/2024 13:24,10.129,0,10.129,31.628,0,0.015,995.202
22/01/2024 13:24,10.113,0,10.113,31.61,0,0.015,995.208
22/01/2024 13:24,10.124,0,10.124,31.607,0,0.015,995.209
22/01/2024 13:24,10.135,0,10.135,31.604,0,0.015,995.21
22/01/2024 13:24,10.118,0,10.118,31.595,0,0.015,995.212
22/01/2024 13:24,10.139,0,10.139,31.592,0.002,0.014,995.213
22/01/2024 13:25,10.141,0,10.141,31.622,0,0.015,995.204
22/01/2024 13:25,10.157,0,10.157,31.585,0,0.015,995.216
22/01/2024 13:25,10.134,0,10.134,31.533,0,0.015,995.232
22/01/2024 13:25,10.12,0,10.12,31.512,0.002,0.014,995.238
22/01/2024 13:25,10.144,0,10.144,31.503,0,0.015,995.241
22/01/2024 13:25,10.111,0,10.111,31.518,0.002,0.014,995.236
22/01/2024 13:25,10.138,0,10.138,31.531,0,0.015,995.232
22/01/2024 13:25,10.122,0,10.122,31.547,0,0.015,995.227
22/01/2024 13:25,10.131,0,10.131,31.564,0,0.015,995.222
22/01/2024 13:25,10.148,0,10.148,31.58,0,0.015,995.217
22/01/2024 13:25,10.172,0,10.172,31.588,0,0.015,995.215
22/01/2024 13:25,10.15,0,10.15,31.602,0,0.015,995.21
22/01/2024 13:25,10.144,0,10.144,31.615,0,0.015,995.206
22/01/2024 13:25,10.149,0,10.149,31.629,0,0.015,995.202
22/01/2024 13:25,10.119,0,10.119,31.631,0,0.015,995.201
22/01/2024 13:25,10.157,0,10.157,31.625,0,0.015,995.203
22/01/2024 13:25,10.129,0,10.129,31.634,0,0.015,995.2
22/01/2024 13:25,10.12,0,10.12,31.65,0,0.015,995.195
22/01/2024 13:25,10.131,0,10.131,31.664,0,0.015,995.191
22/01/2024 13:25,10.161,0,10.161,31.653,0,0.015,995.194
22/01/2024 13:25,10.136,0,10.136,31.619,0,0.015,995.205
22/01/2024 13:25,10.148,0,10.148,31.596,0,0.015,995.212
22/01/2024 13:25,10.154,0,10.154,31.562,0,0.015,995.223
22/01/2024 13:25,10.139,0,10.139,31.557,0,0.015,995.224
22/01/2024 13:25,10.144,0,10.144,31.55,0,0.015,995.227
22/01/2024 13:25,10.156,0,10.156,31.532,0,0.015,995.232
22/01/2024 13:25,10.125,0,10.125,31.527,0,0.015,995.234
22/01/2024 13:25,10.147,0,10.147,31.515,0,0.015,995.238
22/01/2024 13:25,10.116,0,10.116,31.523,0,0.015,995.235
22/01/2024 13:25,10.154,0,10.154,31.526,0,0.015,995.234
22/01/2024 13:25,10.144,0,10.144,31.517,0,0.015,995.237
22/01/2024 13:25,10.142,0,10.142,31.511,0,0.015,995.239
22/01/2024 13:25,10.145,0,10.145,31.482,0,0.015,995.248
22/01/2024 13:25,10.133,0,10.133,31.496,0,0.015,995.243
22/01/2024 13:25,10.136,0,10.136,31.521,0,0.015,995.236
22/01/2024 13:25,10.132,0,10.132,31.537,0.002,0.014,995.23
22/01/2024 13:25,10.139,0,10.139,31.547,0,0.015,995.227
22/01/2024 13:25,10.11,0,10.11,31.553,0,0.015,995.225
22/01/2024 13:25,10.128,0,10.128,31.564,0,0.015,995.222
22/01/2024 13:25,10.137,0,10.137,31.578,0,0.015,995.218
22/01/2024 13:25,10.136,0,10.136,31.582,0,0.015,995.216
22/01/2024 13:25,10.116,0,10.116,31.541,0,0.015,995.229
22/01/2024 13:25,10.123,0,10.123,31.547,0,0.015,995.227
22/01/2024 13:25,10.147,0,10.147,31.57,0.002,0.014,995.22
22/01/2024 13:25,10.139,0,10.139,31.545,0,0.015,995.228
22/01/2024 13:25,10.155,0,10.155,31.502,0,0.015,995.242
22/01/2024 13:25,10.141,0,10.141,31.486,0,0.015,995.247
22/01/2024 13:25,10.117,0,10.117,31.456,0.002,0.014,995.255
22/01/2024 13:25,10.141,0,10.141,31.416,0,0.014,995.269
22/01/2024 13:25,10.136,0,10.136,31.416,0,0.014,995.269
22/01/2024 13:25,10.117,0,10.117,31.412,0,0.014,995.27
22/01/2024 13:25,10.145,0,10.145,31.408,0,0.014,995.271
22/01/2024 13:25,10.157,0,10.157,31.379,0,0.014,995.28
22/01/2024 13:25,10.139,0,10.139,31.354,0,0.014,995.288
22/01/2024 13:25,10.151,0,10.151,31.34,0,0.014,995.293
22/01/2024 13:25,10.155,0,10.155,31.355,0,0.014,995.288
22/01/2024 13:25,10.156,0,10.156,31.377,0,0.014,995.281
22/01/2024 13:25,10.132,0,10.132,31.388,0,0.014,995.277
22/01/2024 13:25,10.145,0,10.145,31.373,0,0.014,995.282
22/01/2024 13:25,10.106,0,10.106,31.331,0,0.014,995.295
22/01/2024 13:26,10.152,0,10.152,31.309,0,0.014,995.302
22/01/2024 13:26,10.134,0,10.134,31.308,0,0.014,995.303
22/01/2024 13:26,10.144,0,10.144,31.298,0,0.014,995.306
22/01/2024 13:26,10.156,0,10.156,31.265,0,0.014,995.316
22/01/2024 13:26,10.144,0,10.144,31.256,0,0.014,995.319
22/01/2024 13:26,10.14,0,10.14,31.23,0,0.014,995.327
22/01/2024 13:26,10.135,0,10.135,31.216,0,0.014,995.331
22/01/2024 13:26,10.141,0,10.141,31.217,0,0.014,995.331
22/01/2024 13:26,10.118,0,10.118,31.216,0,0.014,995.331
22/01/2024 13:26,10.148,0,10.148,31.216,0,0.014,995.331
22/01/2024 13:26,10.152,0,10.152,31.212,0,0.014,995.333
22/01/2024 13:26,10.121,0,10.121,31.223,0,0.014,995.329
22/01/2024 13:26,10.143,0,10.143,31.231,0,0.014,995.327
22/01/2024 13:26,10.16,0,10.16,31.248,0,0.014,995.321
22/01/2024 13:26,10.134,0,10.134,31.265,0,0.014,995.316
22/01/2024 13:26,10.137,0,10.137,31.281,0,0.014,995.311
22/01/2024 13:26,10.147,0,10.147,31.278,0,0.014,995.312
22/01/2024 13:26,10.133,0,10.133,31.269,0,0.014,995.315
22/01/2024 13:26,10.137,0,10.137,31.278,0,0.014,995.312
22/01/2024 13:26,10.136,0,10.136,31.295,0,0.014,995.307
22/01/2024 13:26,10.114,0,10.114,31.315,0,0.014,995.3
22/01/2024 13:26,10.135,0,10.135,31.33,0,0.014,995.296
22/01/2024 13:26,10.157,0,10.157,31.354,0,0.014,995.288
22/01/2024 13:26,10.136,0,10.136,31.374,0,0.014,995.282
22/01/2024 13:26,10.154,0,10.154,31.395,0,0.014,995.275
22/01/2024 13:26,10.14,0,10.14,31.407,0,0.014,995.271
22/01/2024 13:26,10.11,0,10.11,31.417,0,0.014,995.268
22/01/2024 13:26,10.145,0,10.145,31.428,0,0.014,995.265
22/01/2024 13:26,10.111,0,10.111,31.448,0,0.014,995.258
22/01/2024 13:26,10.129,0,10.129,31.465,0,0.015,995.253
22/01/2024 13:26,10.118,0,10.118,31.475,0,0.015,995.25
22/01/2024 13:26,10.153,0,10.153,31.47,0,0.015,995.252
22/01/2024 13:26,10.141,0,10.141,31.469,0,0.015,995.252
22/01/2024 13:26,10.133,0,10.133,31.47,0,0.015,995.252
22/01/2024 13:26,10.13,0,10.13,31.456,0,0.014,995.256
22/01/2024 13:26,10.128,0,10.128,31.466,0,0.015,995.253
22/01/2024 13:26,10.108,0,10.108,31.472,0,0.015,995.251
22/01/2024 13:26,10.143,0,10.143,31.441,0,0.014,995.261
22/01/2024 13:26,10.15,0,10.15,31.427,0,0.014,995.265
22/01/2024 13:26,10.14,0,10.14,31.423,0,0.014,995.266
22/01/2024 13:26,10.143,0,10.143,31.419,0,0.014,995.268
22/01/2024 13:26,10.147,0,10.147,31.405,0,0.014,995.272
22/01/2024 13:26,10.133,0,10.133,31.373,0,0.014,995.282
22/01/2024 13:26,10.145,0,10.145,31.343,0,0.014,995.292
22/01/2024 13:26,10.137,0,10.137,31.308,0,0.014,995.303
22/01/2024 13:26,10.122,0,10.122,31.265,0.002,0.014,995.316
22/01/2024 13:26,10.135,0,10.135,31.228,0,0.014,995.328
22/01/2024 13:26,10.126,0,10.126,31.205,0,0.014,995.335
22/01/2024 13:26,10.164,0,10.164,31.192,0,0.014,995.339
22/01/2024 13:26,10.14,0,10.14,31.182,0,0.014,995.342
22/01/2024 13:26,10.114,0,10.114,31.193,0,0.014,995.338
22/01/2024 13:26,10.118,0,10.118,31.205,0,0.014,995.335
22/01/2024 13:26,10.16,0,10.16,31.219,0,0.014,995.33
22/01/2024 13:26,10.138,0,10.138,31.231,0,0.014,995.327
22/01/2024 13:26,10.123,0,10.123,31.246,0,0.014,995.322
22/01/2024 13:26,10.122,0,10.122,31.252,0,0.014,995.32
22/01/2024 13:26,10.143,0,10.143,31.264,0,0.014,995.316
22/01/2024 13:26,10.123,0,10.123,31.277,0,0.014,995.312
22/01/2024 13:26,10.131,0,10.131,31.287,0,0.014,995.309
22/01/2024 13:26,10.127,0,10.127,31.306,0,0.014,995.303
22/01/2024 13:27,10.121,0,10.121,31.319,0,0.014,995.299
22/01/2024 13:27,10.147,0,10.147,31.325,0,0.014,995.297
22/01/2024 13:27,10.141,0,10.141,31.338,0,0.014,995.293
22/01/2024 13:27,10.109,0,10.109,31.35,0,0.014,995.289
22/01/2024 13:27,10.133,0,10.133,31.355,0,0.014,995.288
22/01/2024 13:27,10.128,0,10.128,31.361,0,0.014,995.286
22/01/2024 13:27,10.153,0,10.153,31.368,0,0.014,995.284
22/01/2024 13:27,10.15,0,10.15,31.364,0,0.014,995.285
22/01/2024 13:27,10.141,0,10.141,31.381,0,0.014,995.279
22/01/2024 13:27,10.155,0,10.155,31.378,0,0.014,995.28
22/01/2024 13:27,10.131,0,10.131,31.379,0,0.014,995.28
22/01/2024 13:27,10.11,0,10.11,31.37,0,0.014,995.283
22/01/2024 13:27,10.153,0,10.153,31.389,0,0.014,995.277
22/01/2024 13:27,10.157,0,10.157,31.369,0.002,0.014,995.283
22/01/2024 13:27,10.134,0,10.134,31.345,0,0.014,995.291
22/01/2024 13:27,10.145,0,10.145,31.304,0,0.014,995.304
22/01/2024 13:27,10.134,0,10.134,31.278,0,0.014,995.312
22/01/2024 13:27,10.13,0,10.13,31.267,0,0.014,995.315
22/01/2024 13:27,10.135,0,10.135,31.264,0,0.014,995.316
22/01/2024 13:27,10.14,0,10.14,31.285,0,0.014,995.31
22/01/2024 13:27,10.118,0,10.118,31.303,0,0.014,995.304
22/01/2024 13:27,10.13,0,10.13,31.322,0,0.014,995.298
22/01/2024 13:27,10.101,0,10.101,31.318,0,0.014,995.299
22/01/2024 13:27,10.154,0,10.154,31.331,0,0.014,995.295
22/01/2024 13:27,10.132,0,10.132,31.319,0,0.014,995.299
22/01/2024 13:27,10.136,0,10.136,31.283,0,0.014,995.31
22/01/2024 13:27,10.149,0,10.149,31.25,0,0.014,995.321
22/01/2024 13:27,10.133,0,10.133,31.213,0,0.014,995.332
22/01/2024 13:27,10.122,0,10.122,31.171,0,0.014,995.345
22/01/2024 13:27,10.126,0,10.126,31.143,0,0.014,995.354
22/01/2024 13:27,10.12,0,10.12,31.118,0,0.014,995.362
22/01/2024 13:27,10.157,0,10.157,31.101,0,0.014,995.367
22/01/2024 13:27,10.134,0,10.134,31.071,0,0.014,995.377
22/01/2024 13:27,10.134,0,10.134,31.067,0,0.014,995.378
22/01/2024 13:27,10.138,0,10.138,31.087,0,0.014,995.371
22/01/2024 13:27,10.131,0,10.131,31.105,0,0.014,995.366
22/01/2024 13:27,10.13,0,10.13,31.12,0,0.014,995.361
22/01/2024 13:27,10.135,0,10.135,31.133,0,0.014,995.357
22/01/2024 13:27,10.138,0,10.138,31.144,0,0.014,995.354
22/01/2024 13:27,10.118,0,10.118,31.141,0,0.014,995.354
22/01/2024 13:27,10.136,0,10.136,31.129,0,0.014,995.358
22/01/2024 13:27,10.137,0,10.137,31.138,0,0.014,995.356
22/01/2024 13:27,10.122,0,10.122,31.126,0,0.014,995.359
22/01/2024 13:27,10.114,0,10.114,31.128,0,0.014,995.359
22/01/2024 13:27,10.115,0,10.115,31.135,0,0.014,995.356
22/01/2024 13:27,10.135,0,10.135,31.13,0,0.014,995.358
22/01/2024 13:27,10.113,0,10.113,31.106,0,0.014,995.365
22/01/2024 13:27,10.132,0,10.132,31.08,0,0.014,995.374
22/01/2024 13:27,10.137,0,10.137,31.08,0,0.014,995.374
22/01/2024 13:27,10.141,0,10.141,31.07,0,0.014,995.377
22/01/2024 13:27,10.101,0,10.101,31.041,0,0.014,995.386
22/01/2024 13:27,10.138,0,10.138,31.022,0,0.014,995.392
22/01/2024 13:27,10.125,0,10.125,31.003,0,0.014,995.398
22/01/2024 13:27,10.135,0,10.135,30.997,0,0.014,995.4
22/01/2024 13:27,10.124,0,10.124,30.999,0,0.014,995.399
22/01/2024 13:27,10.131,0,10.131,30.997,0,0.014,995.4
22/01/2024 13:27,10.123,0,10.123,31.015,0,0.014,995.394
22/01/2024 13:27,10.128,0,10.128,31.039,0,0.014,995.386
22/01/2024 13:27,10.155,0,10.155,31.054,0,0.014,995.382
22/01/2024 13:27,10.125,0,10.125,31.068,0,0.014,995.377
22/01/2024 13:28,10.134,0,10.134,31.058,0,0.014,995.381
22/01/2024 13:28,10.116,0,10.116,31.009,0,0.014,995.396
22/01/2024 13:28,10.132,0,10.132,30.973,0,0.014,995.407
22/01/2024 13:28,10.129,0,10.129,30.97,0,0.014,995.408
22/01/2024 13:28,10.136,0,10.136,30.955,0,0.014,995.413
22/01/2024 13:28,10.148,0,10.148,30.956,0,0.014,995.412
22/01/2024 13:28,10.125,0,10.125,30.962,0,0.014,995.41
22/01/2024 13:28,10.118,0,10.118,30.951,0,0.014,995.414
22/01/2024 13:28,10.142,0,10.142,30.968,0,0.014,995.409
22/01/2024 13:28,10.15,0,10.15,30.989,0,0.014,995.402
22/01/2024 13:28,10.134,0,10.134,31.005,0,0.014,995.397
22/01/2024 13:28,10.115,0,10.115,31.024,0,0.014,995.391
22/01/2024 13:28,10.137,0,10.137,31.042,0,0.014,995.386
22/01/2024 13:28,10.12,0,10.12,31.063,0,0.014,995.379
22/01/2024 13:28,10.147,0,10.147,31.086,0,0.014,995.372
22/01/2024 13:28,10.129,0,10.129,31.102,0,0.014,995.367
22/01/2024 13:28,10.132,0,10.132,31.104,0,0.014,995.366
22/01/2024 13:28,10.136,0,10.136,31.11,0,0.014,995.364
22/01/2024 13:28,10.149,0,10.149,31.135,0,0.014,995.356
22/01/2024 13:28,10.143,0,10.143,31.178,0,0.014,995.343
22/01/2024 13:28,10.127,0,10.127,31.16,0,0.014,995.349
22/01/2024 13:28,10.138,0,10.138,31.132,0,0.014,995.357
22/01/2024 13:28,10.144,0,10.144,31.122,0,0.014,995.361
22/01/2024 13:28,10.133,0,10.133,31.097,0.002,0.014,995.368
22/01/2024 13:28,10.141,0,10.141,31.091,0,0.014,995.37
22/01/2024 13:28,10.118,0,10.118,31.071,0,0.014,995.377
22/01/2024 13:28,10.126,0,10.126,31.045,0,0.014,995.385
22/01/2024 13:28,10.147,0,10.147,31.013,0,0.014,995.395
22/01/2024 13:28,10.111,0,10.111,30.985,0,0.014,995.403
22/01/2024 13:28,10.133,0,10.133,30.975,0,0.014,995.406
22/01/2024 13:28,10.139,0,10.139,30.971,0,0.014,995.408
22/01/2024 13:28,10.113,0,10.113,30.986,0,0.014,995.403
22/01/2024 13:28,10.127,0,10.127,31.005,0,0.014,995.397
22/01/2024 13:28,10.134,0,10.134,31.029,0,0.014,995.39
22/01/2024 13:28,10.147,0,10.147,31.046,0,0.014,995.384
22/01/2024 13:28,10.159,0,10.159,31.065,0,0.014,995.379
22/01/2024 13:28,10.129,0,10.129,31.084,0,0.014,995.372
22/01/2024 13:28,10.144,0,10.144,31.097,0,0.014,995.368
22/01/2024 13:28,10.131,0,10.131,31.099,0,0.014,995.368
22/01/2024 13:28,10.115,0,10.115,31.087,0,0.014,995.371
22/01/2024 13:28,10.149,0,10.149,31.095,0,0.014,995.369
22/01/2024 13:28,10.138,0,10.138,31.1,0,0.014,995.367
22/01/2024 13:28,10.152,0,10.152,31.154,0,0.014,995.351
22/01/2024 13:28,10.163,0,10.163,31.179,0.002,0.014,995.342
22/01/2024 13:28,10.122,0,10.122,31.175,0,0.014,995.344
22/01/2024 13:28,10.143,0,10.143,31.163,0,0.014,995.348
22/01/2024 13:28,10.142,0,10.142,31.134,0,0.014,995.357
22/01/2024 13:28,10.154,0,10.154,31.122,0,0.014,995.361
22/01/2024 13:28,10.143,0,10.143,31.1,0,0.014,995.367
22/01/2024 13:28,10.144,0,10.144,31.086,0,0.014,995.372
22/01/2024 13:28,10.118,0,10.118,31.083,0,0.014,995.372
22/01/2024 13:28,10.132,0,10.132,31.06,0,0.014,995.38
22/01/2024 13:28,10.157,0,10.157,31.039,0,0.014,995.387
22/01/2024 13:28,10.139,0,10.139,31.014,0,0.014,995.394
22/01/2024 13:28,10.128,0,10.128,30.998,0,0.014,995.399
22/01/2024 13:28,10.133,0,10.133,30.946,0,0.014,995.415
22/01/2024 13:28,10.146,0,10.146,30.881,0,0.014,995.435
22/01/2024 13:28,10.143,0,10.143,30.83,0,0.014,995.451
22/01/2024 13:28,10.147,0,10.147,30.811,0,0.014,995.457
22/01/2024 13:28,10.133,0,10.133,30.81,0,0.014,995.457
22/01/2024 13:29,10.135,0,10.135,30.81,0,0.014,995.457
22/01/2024 13:29,10.137,0,10.137,30.806,0,0.014,995.458
22/01/2024 13:29,10.132,0,10.132,30.79,0,0.014,995.464
22/01/2024 13:29,10.146,0,10.146,30.792,0,0.014,995.463
22/01/2024 13:29,10.131,0,10.131,30.821,0,0.014,995.454
22/01/2024 13:29,10.13,0,10.13,30.845,0,0.014,995.446
22/01/2024 13:29,10.133,0,10.133,30.859,0,0.014,995.442
22/01/2024 13:29,10.114,0,10.114,30.876,0,0.014,995.437
22/01/2024 13:29,10.126,0,10.126,30.893,0,0.014,995.432
22/01/2024 13:29,10.146,0,10.146,30.909,0,0.014,995.427
22/01/2024 13:29,10.13,0,10.13,30.928,0,0.014,995.421
22/01/2024 13:29,10.145,0,10.145,30.948,0,0.014,995.415
22/01/2024 13:29,10.132,0,10.132,30.981,0,0.014,995.404
22/01/2024 13:29,10.131,0,10.131,31.002,0,0.014,995.398
22/01/2024 13:29,10.136,0,10.136,31.017,0,0.014,995.393
22/01/2024 13:29,10.138,0,10.138,31.034,0,0.014,995.388
22/01/2024 13:29,10.127,0,10.127,31.056,0,0.014,995.381
22/01/2024 13:29,10.137,0,10.137,31.073,0,0.014,995.376
22/01/2024 13:29,10.14,0,10.14,31.096,0,0.014,995.369
22/01/2024 13:29,10.12,0,10.12,31.115,0,0.014,995.363
22/01/2024 13:29,10.149,0,10.149,31.138,0,0.014,995.356
22/01/2024 13:29,10.141,0,10.141,31.155,0,0.014,995.35
22/01/2024 13:29,10.142,0,10.142,31.174,0,0.014,995.344
22/01/2024 13:29,10.152,0,10.152,31.193,0,0.014,995.338
22/01/2024 13:29,10.136,0,10.136,31.215,0,0.014,995.332
22/01/2024 13:29,10.129,0,10.129,31.223,0,0.014,995.329
22/01/2024 13:29,10.141,0,10.141,31.226,0,0.014,995.328
22/01/2024 13:29,10.138,0,10.138,31.233,0,0.014,995.326
22/01/2024 13:29,10.14,0,10.14,31.246,0,0.014,995.322
22/01/2024 13:29,10.134,0,10.134,31.262,0.002,0.014,995.317
22/01/2024 13:29,10.127,0,10.127,31.272,0,0.014,995.314
22/01/2024 13:29,10.146,0,10.146,31.287,0,0.014,995.309
22/01/2024 13:29,10.142,0,10.142,31.302,0,0.014,995.304
22/01/2024 13:29,10.145,0,10.145,31.315,0,0.014,995.3
22/01/2024 13:29,10.141,0,10.141,31.332,0,0.014,995.295
22/01/2024 13:29,10.153,0,10.153,31.355,0,0.014,995.288
22/01/2024 13:29,10.133,0,10.133,31.373,0.002,0.014,995.282
22/01/2024 13:29,10.153,0,10.153,31.39,0.002,0.014,995.276
22/01/2024 13:29,10.123,0,10.123,31.409,0,0.014,995.271
22/01/2024 13:29,10.138,0,10.138,31.427,0,0.014,995.265
22/01/2024 13:29,10.133,0,10.133,31.444,0,0.014,995.26
22/01/2024 13:29,10.153,0,10.153,31.455,0,0.014,995.256
22/01/2024 13:29,10.125,0,10.125,31.468,0,0.015,995.252
22/01/2024 13:29,10.141,0,10.141,31.48,0,0.015,995.248
22/01/2024 13:29,10.142,0,10.142,31.487,0,0.015,995.246
22/01/2024 13:29,10.138,0,10.138,31.497,0,0.015,995.243
22/01/2024 13:29,10.136,0,10.136,31.502,0,0.015,995.242
22/01/2024 13:29,10.142,0,10.142,31.5,0,0.015,995.242
22/01/2024 13:29,10.134,0,10.134,31.459,0,0.014,995.255
22/01/2024 13:29,10.134,0,10.134,31.399,0,0.014,995.274
22/01/2024 13:29,10.144,0,10.144,31.344,0,0.014,995.291
22/01/2024 13:29,10.132,0,10.132,31.286,0,0.014,995.309
22/01/2024 13:29,10.141,0,10.141,31.242,0,0.014,995.323
22/01/2024 13:29,10.126,0,10.126,31.197,0,0.014,995.337
22/01/2024 13:29,10.111,0,10.111,31.144,0,0.014,995.354
22/01/2024 13:29,10.15,0,10.15,31.109,0,0.014,995.365
22/01/2024 13:29,10.131,0,10.131,31.073,0,0.014,995.376
22/01/2024 13:29,10.148,0,10.148,31.044,0,0.014,995.385
22/01/2024 13:29,10.118,0,10.118,31.023,0,0.014,995.391
22/01/2024 13:29,10.143,0,10.143,31.014,0,0.014,995.394
22/01/2024 13:30,10.136,0,10.136,31.01,0,0.014,995.396
22/01/2024 13:30,10.135,0,10.135,31.021,0,0.014,995.392
22/01/2024 13:30,10.147,0,10.147,31.008,0,0.014,995.396
22/01/2024 13:30,10.118,0,10.118,30.973,0,0.014,995.407
22/01/2024 13:30,10.149,0,10.149,30.962,0,0.014,995.41
22/01/2024 13:30,10.141,0,10.141,30.957,0,0.014,995.412
22/01/2024 13:30,10.137,0,10.137,30.968,0,0.014,995.408
22/01/2024 13:30,10.129,0,10.129,30.985,0,0.014,995.403
22/01/2024 13:30,10.145,0,10.145,30.998,0,0.014,995.399
22/01/2024 13:30,10.127,0,10.127,30.992,0,0.014,995.401
22/01/2024 13:30,10.134,0,10.134,30.96,0,0.014,995.411
22/01/2024 13:30,10.148,0,10.148,30.927,0,0.014,995.421
22/01/2024 13:30,10.131,0,10.131,30.902,0,0.014,995.429
22/01/2024 13:30,10.143,0,10.143,30.894,0,0.014,995.431
22/01/2024 13:30,10.127,0,10.127,30.872,0,0.014,995.438
22/01/2024 13:30,10.146,0,10.146,30.861,0,0.014,995.442
22/01/2024 13:30,10.139,0,10.139,30.846,0,0.014,995.446
22/01/2024 13:30,10.122,0,10.122,30.845,0,0.014,995.446
22/01/2024 13:30,10.106,0,10.106,30.853,0,0.014,995.444
22/01/2024 13:30,10.124,0,10.124,30.858,0,0.014,995.442
22/01/2024 13:30,10.123,0,10.123,30.88,0,0.014,995.436
22/01/2024 13:30,10.137,0,10.137,30.901,0,0.014,995.429
22/01/2024 13:30,10.14,0,10.14,30.924,0,0.014,995.422
22/01/2024 13:30,10.151,0,10.151,30.945,0,0.014,995.416
22/01/2024 13:30,10.141,0,10.141,30.969,0,0.014,995.408
22/01/2024 13:30,10.157,0,10.157,30.988,0,0.014,995.402
22/01/2024 13:30,10.14,0,10.14,31.003,0,0.014,995.398
22/01/2024 13:30,10.118,0,10.118,31.02,0,0.014,995.392
22/01/2024 13:30,10.123,0,10.123,31.035,0,0.014,995.388
22/01/2024 13:30,10.131,0,10.131,31.05,0,0.014,995.383
22/01/2024 13:30,10.131,0,10.131,31.074,0,0.014,995.376
22/01/2024 13:30,10.148,0,10.148,31.086,0,0.014,995.372
22/01/2024 13:30,10.134,0,10.134,31.101,0,0.014,995.367
22/01/2024 13:30,10.14,0,10.14,31.126,0,0.014,995.359
22/01/2024 13:30,10.141,0,10.141,31.146,0,0.014,995.353
22/01/2024 13:30,10.122,0,10.122,31.153,0,0.014,995.351
22/01/2024 13:30,10.137,0,10.137,31.145,0,0.014,995.353
22/01/2024 13:30,10.124,0,10.124,31.126,0,0.014,995.359
22/01/2024 13:30,10.132,0,10.132,31.13,0,0.014,995.358
22/01/2024 13:30,10.134,0,10.134,31.155,0,0.014,995.35
22/01/2024 13:30,10.154,0,10.154,31.135,0,0.014,995.357
22/01/2024 13:30,10.115,0,10.115,31.089,0,0.014,995.371
22/01/2024 13:30,10.143,0,10.143,31.052,0,0.014,995.383
22/01/2024 13:30,10.121,0,10.121,31.016,0,0.014,995.394
22/01/2024 13:30,10.098,0,10.098,31.01,0,0.014,995.395
22/01/2024 13:30,10.126,0,10.126,31.009,0,0.014,995.396
22/01/2024 13:30,10.11,0,10.11,30.962,0,0.014,995.41
22/01/2024 13:30,10.142,0,10.142,30.924,0,0.014,995.422
22/01/2024 13:30,10.133,0,10.133,30.902,0,0.014,995.429
22/01/2024 13:30,10.144,0,10.144,30.886,0,0.014,995.434
22/01/2024 13:30,10.142,0,10.142,30.873,0,0.014,995.438
22/01/2024 13:30,10.142,0,10.142,30.87,0,0.014,995.439
22/01/2024 13:30,10.138,0,10.138,30.836,0,0.014,995.449
22/01/2024 13:30,10.128,0,10.128,30.802,0,0.014,995.46
22/01/2024 13:30,10.112,0,10.112,30.8,0,0.014,995.46
22/01/2024 13:30,10.132,0,10.132,30.808,0,0.014,995.458
22/01/2024 13:30,10.15,0,10.15,30.814,0,0.014,995.456
22/01/2024 13:30,10.14,0,10.14,30.791,0,0.014,995.463
22/01/2024 13:30,10.122,0,10.122,30.779,0,0.014,995.467
22/01/2024 13:30,10.127,0,10.127,30.797,0,0.014,995.461
22/01/2024 13:31,10.147,0,10.147,30.791,0,0.014,995.463
22/01/2024 13:31,10.143,0,10.143,30.798,0,0.014,995.461
22/01/2024 13:31,10.124,0,10.124,30.816,0,0.014,995.455
22/01/2024 13:31,10.139,0,10.139,30.839,0,0.014,995.448
22/01/2024 13:31,10.157,0,10.157,30.863,0,0.014,995.441
22/01/2024 13:31,10.14,0,10.14,30.881,0.002,0.014,995.435
22/01/2024 13:31,10.14,0,10.14,30.905,0,0.014,995.428
22/01/2024 13:31,10.108,0,10.108,30.921,0,0.014,995.423
22/01/2024 13:31,10.138,0,10.138,30.914,0,0.014,995.425
22/01/2024 13:31,10.149,0,10.149,30.927,0,0.014,995.421
22/01/2024 13:31,10.136,0,10.136,30.962,0,0.014,995.41
22/01/2024 13:31,10.138,0,10.138,30.988,0,0.014,995.402
22/01/2024 13:31,10.131,0,10.131,31.017,0,0.014,995.393
22/01/2024 13:31,10.148,0,10.148,31.037,0,0.014,995.387
22/01/2024 13:31,10.136,0,10.136,31.058,0,0.014,995.381
22/01/2024 13:31,10.165,0,10.165,31.079,0,0.014,995.374
22/01/2024 13:31,10.124,0,10.124,31.089,0,0.014,995.371
22/01/2024 13:31,10.151,0,10.151,31.094,0,0.014,995.369
22/01/2024 13:31,10.137,0,10.137,31.108,0,0.014,995.365
22/01/2024 13:31,10.146,0,10.146,31.131,0,0.014,995.358
22/01/2024 13:31,10.135,0,10.135,31.156,0,0.014,995.35
22/01/2024 13:31,10.135,0,10.135,31.169,0,0.014,995.346
22/01/2024 13:31,10.142,0,10.142,31.179,0,0.014,995.343
22/01/2024 13:31,10.124,0,10.124,31.186,0,0.014,995.341
22/01/2024 13:31,10.116,0,10.116,31.168,0,0.014,995.346
22/01/2024 13:31,10.148,0,10.148,31.176,0,0.014,995.344
22/01/2024 13:31,10.128,0,10.128,31.189,0,0.014,995.34
22/01/2024 13:31,10.128,0,10.128,31.202,0,0.014,995.336
22/01/2024 13:31,10.124,0,10.124,31.214,0,0.014,995.332
22/01/2024 13:31,10.138,0,10.138,31.231,0,0.014,995.327
22/01/2024 13:31,10.13,0,10.13,31.246,0,0.014,995.322
22/01/2024 13:31,10.148,0,10.148,31.244,0,0.014,995.323
22/01/2024 13:31,10.148,0,10.148,31.238,0,0.014,995.324
22/01/2024 13:31,10.127,0,10.127,31.261,0,0.014,995.317
22/01/2024 13:31,10.132,0,10.132,31.281,0,0.014,995.311
22/01/2024 13:31,10.141,0,10.141,31.297,0,0.014,995.306
22/01/2024 13:31,10.136,0,10.136,31.315,0,0.014,995.3
22/01/2024 13:31,10.149,0,10.149,31.328,0,0.014,995.296
22/01/2024 13:31,10.14,0,10.14,31.338,0,0.014,995.293
22/01/2024 13:31,10.115,0,10.115,31.35,0,0.014,995.289
22/01/2024 13:31,10.149,0,10.149,31.365,0,0.014,995.285
22/01/2024 13:31,10.134,0,10.134,31.384,0,0.014,995.279
22/01/2024 13:31,10.126,0,10.126,31.392,0,0.014,995.276
22/01/2024 13:31,10.129,0,10.129,31.404,0,0.014,995.272
22/01/2024 13:31,10.119,0,10.119,31.417,0,0.014,995.268
22/01/2024 13:31,10.144,0,10.144,31.431,0,0.014,995.264
22/01/2024 13:31,10.125,0,10.125,31.434,0,0.014,995.263
22/01/2024 13:31,10.132,0,10.132,31.438,0,0.014,995.262
22/01/2024 13:31,10.139,0,10.139,31.442,0,0.014,995.26
22/01/2024 13:31,10.145,0,10.145,31.022,45.5,25.935,1014.648
22/01/2024 13:31,10.43,1543.869,10.43,30.034,55.656,33.155,1020.377
22/01/2024 13:31,10.328,1544.057,10.328,30.011,54.786,32.588,1019.96
22/01/2024 13:31,10.538,1543.96,10.538,30.037,55.942,33.344,1020.518
22/01/2024 13:31,11.187,1543.942,11.187,30.036,55.95,33.35,1020.526
22/01/2024 13:31,11.496,1543.899,11.496,30.004,55.976,33.39,1020.567
22/01/2024 13:31,11.574,1543.799,11.574,29.97,55.954,33.399,1020.586
22/01/2024 13:31,11.718,1543.817,11.718,29.974,56.008,33.432,1020.611
22/01/2024 13:31,12.006,1543.911,12.006,29.976,56.002,33.427,1020.607
22/01/2024 13:31,12.291,1543.905,12.291,29.991,55.99,33.408,1020.588
22/01/2024 13:31,12.632,1543.915,12.632,29.99,55.974,33.398,1020.583
22/01/2024 13:32,12.951,1543.892,12.951,29.973,55.984,33.417,1020.604
22/01/2024 13:32,13.159,1543.886,13.159,29.973,55.994,33.423,1020.61
22/01/2024 13:32,13.326,1543.895,13.326,29.975,56.002,33.427,1020.613
22/01/2024 13:32,13.524,1543.898,13.524,29.977,56.008,33.43,1020.615
22/01/2024 13:32,13.74,1543.889,13.74,29.978,56.02,33.437,1020.621
22/01/2024 13:32,14.061,1543.891,14.061,29.978,56.046,33.454,1020.636
22/01/2024 13:32,14.407,1543.857,14.407,29.984,56.026,33.436,1020.621
22/01/2024 13:32,14.741,1543.851,14.741,29.97,56.016,33.44,1020.63
22/01/2024 13:32,15.034,1543.865,15.034,29.965,56.006,33.436,1020.631
22/01/2024 13:32,15.383,1543.859,15.383,29.959,56.026,33.454,1020.647
22/01/2024 13:32,15.781,1543.86,15.781,29.958,56.05,33.47,1020.662
22/01/2024 13:32,16.148,1543.868,16.148,29.952,56.032,33.462,1020.659
22/01/2024 13:32,16.457,1543.859,16.457,29.946,56.014,33.454,1020.657
22/01/2024 13:32,16.761,1543.853,16.761,29.945,56.02,33.459,1020.662
22/01/2024 13:32,17.015,1543.85,17.015,29.943,56.022,33.462,1020.666
22/01/2024 13:32,17.283,1543.854,17.283,29.936,56.026,33.469,1020.675
22/01/2024 13:32,17.635,1543.857,17.635,29.934,56.048,33.485,1020.689
22/01/2024 13:32,18.048,1543.849,18.048,29.931,56.04,33.482,1020.689
22/01/2024 13:32,18.472,1543.843,18.472,29.925,56.026,33.476,1020.689
22/01/2024 13:32,18.892,1543.848,18.892,29.912,56.042,33.496,1020.71
22/01/2024 13:32,19.363,1543.853,19.363,29.908,56.044,33.5,1020.716
22/01/2024 13:32,19.759,1543.852,19.759,29.909,56.05,33.503,1020.72
22/01/2024 13:32,20.091,1543.853,20.091,29.901,56.056,33.513,1020.731
22/01/2024 13:32,20.323,1543.854,20.323,29.9,56.06,33.516,1020.735
22/01/2024 13:32,20.561,1543.855,20.561,29.896,56.064,33.521,1020.741
22/01/2024 13:32,20.858,1543.855,20.858,29.893,56.082,33.535,1020.754
22/01/2024 13:32,21.243,1543.837,21.243,29.881,56.108,33.561,1020.779
22/01/2024 13:32,21.703,1543.826,21.703,29.828,56.148,33.625,1020.847
22/01/2024 13:32,22.182,1543.746,22.182,29.766,56.182,33.69,1020.919
22/01/2024 13:32,22.721,1543.711,22.721,29.716,56.2,33.738,1020.974
22/01/2024 13:32,23.179,1543.704,23.179,29.662,56.252,33.81,1021.049
22/01/2024 13:32,23.516,1543.69,23.516,29.612,56.274,33.86,1021.104
22/01/2024 13:32,23.858,1543.641,23.858,29.587,56.274,33.878,1021.127
22/01/2024 13:32,24.196,1543.597,24.196,29.567,56.268,33.888,1021.143
22/01/2024 13:32,24.519,1543.538,24.519,29.534,56.242,33.893,1021.159
22/01/2024 13:32,24.938,1543.502,24.938,29.491,56.268,33.941,1021.211
22/01/2024 13:32,25.405,1543.539,25.405,29.388,56.43,34.124,1021.385
22/01/2024 13:32,25.952,1543.65,25.952,29.362,56.67,34.306,1021.533
22/01/2024 13:32,26.547,1543.635,26.547,29.414,56.872,34.406,1021.593
22/01/2024 13:32,27.109,1543.706,27.109,29.457,56.994,34.459,1021.62
22/01/2024 13:32,27.692,1544.048,27.692,29.474,57.116,34.529,1021.669
22/01/2024 13:32,28.22,1544.167,28.22,29.472,57.272,34.636,1021.753
22/01/2024 13:32,28.785,1544.109,28.785,29.446,57.348,34.707,1021.818
22/01/2024 13:32,29.388,1544.048,29.388,29.366,57.464,34.844,1021.95
22/01/2024 13:32,30.114,1543.965,30.114,29.245,57.406,34.892,1022.029
22/01/2024 13:32,30.978,1543.729,30.978,29.081,57.272,34.919,1022.109
22/01/2024 13:32,31.971,1543.652,31.971,28.964,57.2,34.955,1022.18
22/01/2024 13:32,32.968,1543.477,32.968,28.888,57.008,34.878,1022.151
22/01/2024 13:32,34,1541.803,34,28.394,55.974,34.523,1022.053
22/01/2024 13:32,34.998,1540.623,34.998,27.163,55.472,35.081,1022.877
22/01/2024 13:32,35.898,1540.35,35.898,26.724,55.11,35.154,1023.076
22/01/2024 13:32,36.752,1539.49,36.752,26.304,54.916,35.335,1023.349
22/01/2024 13:32,37.672,1539.338,37.672,26.207,54.864,35.372,1023.411
22/01/2024 13:32,38.631,1539.006,38.631,26.133,54.68,35.295,1023.38
22/01/2024 13:32,39.666,1538.446,39.666,25.906,54.476,35.32,1023.475
22/01/2024 13:32,40.704,1537.841,40.704,25.686,54.302,35.363,1023.58
22/01/2024 13:32,41.758,1537.691,41.758,25.573,54.176,35.358,1023.616
22/01/2024 13:32,42.835,1537.821,42.835,25.417,54.1,35.423,1023.718
22/01/2024 13:32,43.89,1537.414,43.89,25.31,53.95,35.395,1023.734
22/01/2024 13:32,44.96,1536.725,44.96,24.982,53.262,35.141,1023.647
22/01/2024 13:33,45.926,1535.224,45.926,23.974,52.54,35.393,1024.145
22/01/2024 13:33,46.846,1536.668,46.846,23.563,52.364,35.587,1024.417
22/01/2024 13:33,47.711,1534.915,47.711,23.306,51.926,35.457,1024.398
22/01/2024 13:33,48.588,1534.426,48.588,22.846,51.488,35.49,1024.56
22/01/2024 13:33,49.616,1534.086,49.616,22.409,51.274,35.68,1024.834
22/01/2024 13:33,50.735,1532.752,50.735,22.086,50.718,35.508,1024.8
22/01/2024 13:33,51.953,1533.157,51.953,21.641,50.346,35.579,1024.984
22/01/2024 13:33,53.105,1530.714,53.105,21.507,50.31,35.661,1025.088
22/01/2024 13:33,54.159,1531.072,54.159,21.245,50.134,35.738,1025.225
22/01/2024 13:33,55.093,1528.28,55.093,21.065,49.938,35.731,1025.272
22/01/2024 13:33,55.966,1528.67,55.966,20.78,49.826,35.88,1025.468
22/01/2024 13:33,56.889,1527.693,56.889,20.692,49.686,35.84,1025.465
22/01/2024 13:33,57.722,1525.008,57.722,20.531,49.45,35.784,1025.469
22/01/2024 13:33,58.676,1523.426,58.676,20.243,49.132,35.768,1025.539
22/01/2024 13:33,59.745,1523.37,59.745,19.973,48.99,35.881,1025.702
22/01/2024 13:33,60.807,1524.956,60.807,19.9,48.94,35.903,1025.742
22/01/2024 13:33,61.843,1524.489,61.843,19.868,48.88,35.88,1025.738
22/01/2024 13:33,62.85,1524.145,62.85,19.768,48.752,35.86,1025.753
22/01/2024 13:33,63.85,1523.579,63.85,19.598,48.508,35.803,1025.759
22/01/2024 13:33,64.8,1522.504,64.8,19.339,48.244,35.806,1025.833
22/01/2024 13:33,65.814,1522.225,65.814,19.051,47.886,35.754,1025.873
22/01/2024 13:33,66.836,1521.392,66.836,18.801,47.798,35.896,1026.049
22/01/2024 13:33,67.949,1521.413,67.949,18.733,47.718,35.887,1026.065
22/01/2024 13:33,69.031,1521.332,69.031,18.715,47.702,35.889,1026.076
22/01/2024 13:33,70.104,1520.928,70.104,18.649,47.658,35.908,1026.112
22/01/2024 13:33,71.128,1521.121,71.128,18.617,47.602,35.889,1026.11
22/01/2024 13:33,72.062,1520.752,72.062,18.535,47.546,35.912,1026.153
22/01/2024 13:33,72.961,1520.323,72.961,18.505,47.468,35.872,1026.133
22/01/2024 13:33,73.888,1520.236,73.888,18.384,47.382,35.904,1026.193
22/01/2024 13:33,74.84,1520.506,74.84,18.344,47.304,35.873,1026.183
22/01/2024 13:33,75.859,1519.371,75.859,18.238,47.196,35.873,1026.214
22/01/2024 13:33,76.959,1518.899,76.959,18.165,47.048,35.81,1026.189
22/01/2024 13:33,78.129,1518.035,78.129,17.972,46.872,35.828,1026.256
22/01/2024 13:33,79.268,1517.599,79.268,17.809,46.724,35.844,1026.314
22/01/2024 13:33,80.371,1517.493,80.371,17.71,46.678,35.891,1026.379
22/01/2024 13:33,81.352,1517.543,81.352,17.685,46.658,35.895,1026.393
22/01/2024 13:33,82.198,1517.983,82.198,17.667,46.666,35.919,1026.419
22/01/2024 13:33,83.03,1517.909,83.03,17.658,46.598,35.867,1026.386
22/01/2024 13:33,83.929,1517.368,83.929,17.602,46.552,35.876,1026.41
22/01/2024 13:33,84.942,1517.098,84.942,17.587,46.544,35.882,1026.423
22/01/2024 13:33,86.085,1516.81,86.085,17.578,46.518,35.867,1026.418
22/01/2024 13:33,87.294,1516.67,87.294,17.557,46.496,35.866,1026.428
22/01/2024 13:33,88.456,1516.487,88.456,17.499,46.432,35.862,1026.444
22/01/2024 13:33,89.576,1516.61,89.576,17.444,46.402,35.884,1026.479
22/01/2024 13:33,90.568,1516.64,90.568,17.415,46.378,35.888,1026.494
22/01/2024 13:33,91.448,1516.444,91.448,17.399,46.372,35.898,1026.509
22/01/2024 13:33,92.29,1516.525,92.29,17.385,46.368,35.906,1026.523
22/01/2024 13:33,93.104,1516.704,93.104,17.371,46.35,35.903,1026.527
22/01/2024 13:33,93.898,1517.007,93.898,17.36,46.344,35.907,1026.536
22/01/2024 13:33,94.723,1516.073,94.723,17.34,46.278,35.867,1026.514
22/01/2024 13:33,95.569,1516.289,95.569,17.32,46.258,35.867,1026.523
22/01/2024 13:33,96.433,1516.092,96.433,17.281,46.196,35.847,1026.521
22/01/2024 13:33,97.254,1516.118,97.254,17.236,46.164,35.859,1026.545
22/01/2024 13:33,97.955,1516.036,97.955,17.216,46.164,35.876,1026.566
22/01/2024 13:33,98.508,1516.086,98.508,17.206,46.188,35.906,1026.593
22/01/2024 13:33,98.986,1516.076,98.986,17.223,46.274,35.966,1026.637
22/01/2024 13:33,99.509,1515.928,99.509,17.208,46.254,35.961,1026.64
22/01/2024 13:33,100.076,1515.518,100.076,17.17,46.1,35.86,1026.574
22/01/2024 13:33,100.78,1515.504,100.78,17.119,46.048,35.861,1026.59
22/01/2024 13:33,101.557,1515.488,101.557,17.105,46.024,35.852,1026.59
22/01/2024 13:34,102.379,1515.435,102.379,17.085,46.01,35.857,1026.602
22/01/2024 13:34,103.163,1515.418,103.163,17.064,45.988,35.856,1026.61
22/01/2024 13:34,103.871,1515.425,103.871,17.036,45.974,35.868,1026.629
22/01/2024 13:34,104.461,1515.326,104.461,17.018,45.95,35.863,1026.632
22/01/2024 13:34,105.033,1515.398,105.033,17.011,45.968,35.885,1026.654
22/01/2024 13:34,105.565,1515.255,105.565,17.008,45.962,35.883,1026.654
22/01/2024 13:34,106.174,1515.33,106.174,16.997,45.932,35.866,1026.647
22/01/2024 13:34,106.854,1515.277,106.854,16.992,45.922,35.861,1026.648
22/01/2024 13:34,107.523,1515.254,107.523,16.984,45.904,35.852,1026.645
22/01/2024 13:34,108.293,1515.219,108.293,16.975,45.894,35.851,1026.65
22/01/2024 13:34,108.978,1515.165,108.978,16.968,45.89,35.854,1026.657
22/01/2024 13:34,109.543,1515.182,109.543,16.962,45.892,35.86,1026.666
22/01/2024 13:34,110.122,1515.199,110.122,16.95,45.91,35.887,1026.691
22/01/2024 13:34,110.723,1515.084,110.723,16.951,45.86,35.842,1026.659
22/01/2024 13:34,111.423,1515.071,111.423,16.934,45.844,35.842,1026.667
22/01/2024 13:34,112.211,1515.094,112.211,16.929,45.838,35.841,1026.671
22/01/2024 13:34,113.035,1515.088,113.035,16.925,45.842,35.848,1026.68
22/01/2024 13:34,113.789,1515.065,113.789,16.921,45.822,35.834,1026.674
22/01/2024 13:34,114.484,1515.059,114.484,16.899,45.82,35.851,1026.695
22/01/2024 13:34,115.166,1515.088,115.166,16.9,45.824,35.853,1026.7
22/01/2024 13:34,115.826,1515.047,115.826,16.896,45.806,35.841,1026.694
22/01/2024 13:34,116.581,1515.035,116.581,16.881,45.786,35.837,1026.699
22/01/2024 13:34,117.271,1514.999,117.271,16.866,45.768,35.835,1026.703
22/01/2024 13:34,118.027,1514.962,118.027,16.851,45.748,35.83,1026.706
22/01/2024 13:34,118.753,1514.944,118.753,16.837,45.726,35.823,1026.707
22/01/2024 13:34,119.494,1514.899,119.494,16.812,45.71,35.831,1026.723
22/01/2024 13:34,120.305,1514.922,120.305,16.809,45.698,35.822,1026.721
22/01/2024 13:34,121.068,1514.906,121.068,16.787,45.672,35.819,1026.726
22/01/2024 13:34,121.955,1514.77,121.955,16.761,45.64,35.813,1026.732
22/01/2024 13:34,122.759,1514.824,122.759,16.749,45.642,35.826,1026.749
22/01/2024 13:34,123.497,1514.733,123.497,16.74,45.64,35.832,1026.759
22/01/2024 13:34,124.146,1514.869,124.146,16.73,45.638,35.839,1026.769
22/01/2024 13:34,124.78,1514.741,124.78,16.726,45.622,35.828,1026.765
22/01/2024 13:34,125.429,1514.733,125.429,16.716,45.622,35.837,1026.776
22/01/2024 13:34,126.124,1514.703,126.124,16.71,45.606,35.828,1026.774
22/01/2024 13:34,126.853,1514.71,126.853,16.706,45.592,35.819,1026.771
22/01/2024 13:34,127.669,1514.68,127.669,16.697,45.58,35.816,1026.775
22/01/2024 13:34,128.429,1514.662,128.429,16.688,45.576,35.82,1026.783
22/01/2024 13:34,129.18,1514.63,129.18,16.682,45.572,35.821,1026.789
22/01/2024 13:34,129.81,1514.635,129.81,16.672,45.57,35.828,1026.8
22/01/2024 13:34,130.344,1514.598,130.344,16.668,45.576,35.837,1026.81
22/01/2024 13:34,130.877,1514.672,130.877,16.671,45.612,35.866,1026.833
22/01/2024 13:34,131.469,1514.514,131.469,16.663,45.536,35.806,1026.792
22/01/2024 13:34,132.1,1514.468,132.1,16.641,45.512,35.804,1026.798
22/01/2024 13:34,132.745,1514.475,132.745,16.624,45.506,35.813,1026.812
22/01/2024 13:34,133.414,1514.461,133.414,16.614,45.502,35.819,1026.822
22/01/2024 13:34,134.046,1514.457,134.046,16.608,45.502,35.824,1026.831
22/01/2024 13:34,134.66,1514.449,134.66,16.604,45.494,35.821,1026.831
22/01/2024 13:34,135.222,1514.456,135.222,16.597,45.488,35.821,1026.836
22/01/2024 13:34,135.753,1514.449,135.753,16.593,45.494,35.83,1026.846
22/01/2024 13:34,136.234,1514.447,136.234,16.594,45.498,35.832,1026.85
22/01/2024 13:34,136.748,1514.465,136.748,16.594,45.484,35.82,1026.842
22/01/2024 13:34,137.38,1514.46,137.38,16.592,45.474,35.813,1026.84
22/01/2024 13:34,138.083,1514.458,138.083,16.59,45.47,35.811,1026.842
22/01/2024 13:34,138.874,1514.47,138.874,16.589,45.47,35.811,1026.846
22/01/2024 13:34,139.592,1514.469,139.592,16.59,45.472,35.812,1026.849
22/01/2024 13:34,140.306,1514.48,140.306,16.584,45.47,35.815,1026.857
22/01/2024 13:34,140.946,1514.468,140.946,16.582,45.466,35.813,1026.858
22/01/2024 13:34,141.558,1514.484,141.558,16.585,45.468,35.812,1026.859
22/01/2024 13:34,142.204,1514.472,142.204,16.581,45.454,35.803,1026.856
22/01/2024 13:35,142.952,1514.452,142.952,16.565,45.432,35.797,1026.859
22/01/2024 13:35,143.855,1514.404,143.855,16.546,45.41,35.794,1026.865
22/01/2024 13:35,144.9,1514.417,144.9,16.536,45.406,35.799,1026.876
22/01/2024 13:35,145.995,1514.429,145.995,16.535,45.402,35.796,1026.879
22/01/2024 13:35,147.155,1514.42,147.155,16.531,45.398,35.796,1026.884
22/01/2024 13:35,148.34,1514.423,148.34,16.527,45.394,35.795,1026.89
22/01/2024 13:35,149.39,1514.423,149.39,16.519,45.386,35.795,1026.896
22/01/2024 13:35,150.334,1514.445,150.334,16.517,45.39,35.8,1026.905
22/01/2024 13:35,151.119,1514.512,151.119,16.517,45.408,35.815,1026.92
22/01/2024 13:35,151.848,1514.53,151.848,16.52,45.402,35.807,1026.916
22/01/2024 13:35,152.639,1514.499,152.639,16.512,45.386,35.8,1026.916
22/01/2024 13:35,153.563,1514.447,153.563,16.502,45.366,35.791,1026.916
22/01/2024 13:35,154.625,1514.43,154.625,16.488,45.346,35.786,1026.92
22/01/2024 13:35,155.824,1514.406,155.824,16.477,45.334,35.785,1026.927
22/01/2024 13:35,157.107,1514.372,157.107,16.46,45.32,35.787,1026.938
22/01/2024 13:35,158.276,1514.333,158.276,16.45,45.304,35.781,1026.941
22/01/2024 13:35,159.29,1514.36,159.29,16.441,45.306,35.79,1026.955
22/01/2024 13:35,160.139,1514.364,160.139,16.432,45.312,35.803,1026.971
22/01/2024 13:35,160.856,1514.399,160.856,16.425,45.312,35.809,1026.98
22/01/2024 13:35,161.615,1514.354,161.615,16.425,45.29,35.79,1026.968
22/01/2024 13:35,162.504,1514.322,162.504,16.41,45.278,35.792,1026.978
22/01/2024 13:35,163.467,1514.332,163.467,16.407,45.272,35.789,1026.98
22/01/2024 13:35,164.507,1514.301,164.507,16.4,45.252,35.777,1026.977
22/01/2024 13:35,165.669,1514.236,165.669,16.383,45.23,35.772,1026.983
22/01/2024 13:35,166.849,1514.222,166.849,16.368,45.218,35.774,1026.993
22/01/2024 13:35,167.944,1514.216,167.944,16.358,45.202,35.77,1026.997
22/01/2024 13:35,168.934,1514.239,168.934,16.347,45.2,35.777,1027.01
22/01/2024 13:35,169.773,1514.252,169.773,16.336,45.198,35.785,1027.022
22/01/2024 13:35,170.604,1514.271,170.604,16.334,45.192,35.781,1027.023
22/01/2024 13:35,171.483,1514.143,171.483,16.313,45.152,35.764,1027.019
22/01/2024 13:35,172.449,1514.103,172.449,16.29,45.132,35.766,1027.03
22/01/2024 13:35,173.558,1514.114,173.558,16.281,45.122,35.765,1027.036
22/01/2024 13:35,174.748,1514.013,174.748,16.257,45.076,35.745,1027.031
22/01/2024 13:35,175.888,1513.784,175.888,16.193,44.99,35.726,1027.037
22/01/2024 13:35,176.919,1513.735,176.919,16.138,44.96,35.748,1027.071
22/01/2024 13:35,177.797,1513.761,177.797,16.114,44.944,35.755,1027.086
22/01/2024 13:35,178.541,1513.793,178.541,16.096,44.916,35.746,1027.087
22/01/2024 13:35,179.287,1513.673,179.287,16.058,44.84,35.712,1027.073
22/01/2024 13:35,180.12,1513.455,180.12,15.986,44.78,35.723,1027.101
22/01/2024 13:35,181.112,1513.263,181.112,15.968,44.766,35.727,1027.113
22/01/2024 13:35,182.244,1513.248,182.244,15.962,44.764,35.73,1027.122
22/01/2024 13:35,183.492,1513.194,183.492,15.957,44.762,35.732,1027.13
22/01/2024 13:35,184.659,1513.179,184.659,15.955,44.754,35.726,1027.131
22/01/2024 13:35,185.726,1513.216,185.726,15.948,44.756,35.734,1027.143
22/01/2024 13:35,186.605,1513.294,186.605,15.949,44.768,35.743,1027.154
22/01/2024 13:35,187.505,1513.273,187.505,15.952,44.762,35.735,1027.151
22/01/2024 13:35,188.44,1513.247,188.44,15.935,44.722,35.714,1027.143
22/01/2024 13:35,189.481,1513.174,189.481,15.901,44.682,35.708,1027.151
22/01/2024 13:35,190.521,1513.06,190.521,15.857,44.634,35.705,1027.164
22/01/2024 13:35,191.542,1512.949,191.542,15.82,44.582,35.691,1027.166
22/01/2024 13:35,192.454,1512.898,192.454,15.768,44.536,35.696,1027.186
22/01/2024 13:35,193.266,1512.811,193.266,15.732,44.494,35.691,1027.194
22/01/2024 13:35,194.089,1512.611,194.089,15.683,44.442,35.688,1027.206
22/01/2024 13:35,194.969,1512.505,194.969,15.646,44.406,35.688,1027.219
22/01/2024 13:35,195.963,1512.446,195.963,15.634,44.388,35.682,1027.221
22/01/2024 13:35,197.101,1512.395,197.101,15.621,44.38,35.686,1027.233
22/01/2024 13:35,198.314,1512.363,198.314,15.616,44.372,35.683,1027.237
22/01/2024 13:35,199.503,1512.293,199.503,15.602,44.338,35.665,1027.232
22/01/2024 13:35,200.582,1512.224,200.582,15.548,44.284,35.665,1027.248
22/01/2024 13:35,201.511,1512.211,201.511,15.508,44.246,35.666,1027.262
22/01/2024 13:36,202.358,1512.11,202.358,15.457,44.172,35.646,1027.262
22/01/2024 13:36,203.204,1511.759,203.204,15.395,44.098,35.634,1027.271
22/01/2024 13:36,204.056,1511.706,204.056,15.343,44.062,35.649,1027.298
22/01/2024 13:36,204.96,1511.805,204.96,15.322,44.038,35.646,1027.304
22/01/2024 13:36,205.932,1511.652,205.932,15.298,43.996,35.629,1027.301
22/01/2024 13:36,206.974,1511.441,206.974,15.25,43.942,35.622,1027.311
22/01/2024 13:36,208.047,1511.316,208.047,15.209,43.91,35.631,1027.332
22/01/2024 13:36,209.112,1511.157,209.112,15.176,43.884,35.637,1027.349
22/01/2024 13:36,210.237,1511.157,210.237,15.168,43.876,35.636,1027.355
22/01/2024 13:36,211.292,1511.118,211.292,15.157,43.866,35.636,1027.362
22/01/2024 13:36,212.315,1511.144,212.315,15.152,43.854,35.63,1027.363
22/01/2024 13:36,213.254,1511.225,213.254,15.121,43.816,35.623,1027.368
22/01/2024 13:36,214.114,1511.265,214.114,15.092,43.784,35.62,1027.377
22/01/2024 13:36,214.965,1511.2,214.965,15.074,43.766,35.62,1027.384
22/01/2024 13:36,215.846,1511.049,215.846,15.054,43.742,35.615,1027.39
22/01/2024 13:36,216.805,1510.827,216.805,15.032,43.706,35.602,1027.388
22/01/2024 13:36,217.796,1511,217.796,14.992,43.62,35.56,1027.37
22/01/2024 13:36,218.865,1511.039,218.865,14.925,43.572,35.576,1027.402
22/01/2024 13:36,219.927,1510.628,219.927,14.862,43.5,35.568,1027.414
22/01/2024 13:36,220.941,1510.192,220.941,14.801,43.442,35.57,1027.433
22/01/2024 13:36,221.969,1510.279,221.969,14.771,43.424,35.58,1027.452
22/01/2024 13:36,223.008,1510.272,223.008,14.733,43.368,35.563,1027.453
22/01/2024 13:36,224.022,1509.897,224.022,14.697,43.324,35.555,1027.459
22/01/2024 13:36,225.054,1509.937,225.054,14.656,43.272,35.544,1027.464
22/01/2024 13:36,226.034,1509.84,226.034,14.613,43.23,35.545,1027.479
22/01/2024 13:36,227.003,1509.612,227.003,14.552,43.124,35.502,1027.463
22/01/2024 13:36,227.971,1509.213,227.971,14.432,43.006,35.503,1027.494
22/01/2024 13:36,228.934,1509.136,228.934,14.397,42.992,35.521,1027.52
22/01/2024 13:36,229.883,1509.311,229.883,14.379,42.986,35.533,1027.537
22/01/2024 13:36,230.783,1509.481,230.783,14.381,42.976,35.521,1027.532
22/01/2024 13:36,231.684,1508.806,231.684,14.336,42.832,35.428,1027.474
22/01/2024 13:36,232.616,1508.496,232.616,14.183,42.72,35.464,1027.539
22/01/2024 13:36,233.59,1508.067,233.59,14.085,42.568,35.413,1027.525
22/01/2024 13:36,234.707,1507.755,234.707,13.954,42.448,35.421,1027.564
22/01/2024 13:36,235.837,1507.322,235.837,13.852,42.314,35.389,1027.567
22/01/2024 13:36,236.945,1507.097,236.945,13.744,42.238,35.417,1027.616
22/01/2024 13:36,237.981,1507.445,237.981,13.68,42.158,35.401,1027.622
22/01/2024 13:36,238.969,1507.285,238.969,13.588,42.084,35.415,1027.657
22/01/2024 13:36,239.895,1506.577,239.895,13.493,41.94,35.367,1027.644
22/01/2024 13:36,240.83,1506.416,240.83,13.37,41.824,35.371,1027.677
22/01/2024 13:36,241.776,1506.121,241.776,13.276,41.71,35.35,1027.685
22/01/2024 13:36,242.724,1505.779,242.724,13.213,41.634,35.337,1027.692
22/01/2024 13:36,243.715,1505.877,243.715,13.164,41.582,35.332,1027.703
22/01/2024 13:36,244.66,1505.638,244.66,13.102,41.516,35.327,1027.716
22/01/2024 13:36,245.692,1504.999,245.692,13.019,41.462,35.352,1027.757
22/01/2024 13:36,246.708,1504.809,246.708,12.977,41.416,35.347,1027.766
22/01/2024 13:36,247.704,1505.211,247.704,12.938,41.372,35.341,1027.774
22/01/2024 13:36,248.687,1505.286,248.687,12.921,41.324,35.31,1027.758
22/01/2024 13:36,249.712,1504.772,249.712,12.849,41.236,35.293,1027.764
22/01/2024 13:36,250.697,1504.72,250.697,12.795,41.204,35.312,1027.794
22/01/2024 13:36,251.683,1504.858,251.683,12.75,41.138,35.291,1027.791
22/01/2024 13:36,252.654,1503.911,252.654,12.668,41.05,35.282,1027.805
22/01/2024 13:36,253.641,1503.807,253.641,12.599,41,35.298,1027.836
22/01/2024 13:36,254.598,1503.908,254.598,12.567,40.966,35.295,1027.844
22/01/2024 13:36,255.553,1503.865,255.553,12.499,40.884,35.28,1027.851
22/01/2024 13:36,256.539,1503.807,256.539,12.437,40.82,35.276,1027.865
22/01/2024 13:36,257.578,1502.787,257.578,12.37,40.766,35.286,1027.89
22/01/2024 13:36,258.645,1503.032,258.645,12.357,40.734,35.266,1027.883
22/01/2024 13:36,259.727,1503.322,259.727,12.316,40.672,35.245,1027.879
22/01/2024 13:36,260.916,1503.028,260.916,12.262,40.61,35.235,1027.887
22/01/2024 13:37,261.933,1502.839,261.933,12.224,40.604,35.264,1027.922
22/01/2024 13:37,262.924,1502.762,262.924,12.207,40.588,35.265,1027.93
22/01/2024 13:37,263.869,1502.548,263.869,12.173,40.562,35.271,1027.946
22/01/2024 13:37,264.775,1502.051,264.775,12.137,40.51,35.253,1027.944
22/01/2024 13:37,265.765,1501.898,265.765,12.1,40.478,35.257,1027.958
22/01/2024 13:37,266.747,1502.1,266.747,12.069,40.468,35.276,1027.983
22/01/2024 13:37,267.778,1502.247,267.778,12.088,40.464,35.254,1027.967
22/01/2024 13:37,268.814,1502.2,268.814,12.073,40.44,35.244,1027.967
22/01/2024 13:37,269.84,1502.12,269.84,11.999,40.354,35.229,1027.974
22/01/2024 13:37,270.772,1502.065,270.772,11.931,40.302,35.242,1028.002
22/01/2024 13:37,271.682,1501.921,271.682,11.915,40.284,35.239,1028.007
22/01/2024 13:37,272.624,1501.718,272.624,11.881,40.252,35.241,1028.019
22/01/2024 13:37,273.6,1502.417,273.6,11.835,40.172,35.205,1028.005
22/01/2024 13:37,274.667,1501.77,274.667,11.781,40.108,35.192,1028.01
22/01/2024 13:37,275.813,1501.241,275.813,11.755,40.082,35.192,1028.02
22/01/2024 13:37,276.909,1501.29,276.909,11.7,40,35.162,1028.013
22/01/2024 13:37,277.95,1500.969,277.95,11.639,39.98,35.2,1028.059
22/01/2024 13:37,278.889,1500.889,278.889,11.635,39.984,35.208,1028.069
22/01/2024 13:37,279.782,1500.605,279.782,11.621,39.962,35.199,1028.069
22/01/2024 13:37,280.661,1501.109,280.661,11.565,39.914,35.204,1028.087
22/01/2024 13:37,281.645,1500.323,281.645,11.541,39.878,35.191,1028.087
22/01/2024 13:37,282.689,1500.207,282.689,11.508,39.85,35.194,1028.1
22/01/2024 13:37,283.861,1499.928,283.861,11.506,39.834,35.18,1028.095
22/01/2024 13:37,284.992,1499.708,284.992,11.471,39.812,35.191,1028.115
22/01/2024 13:37,286.034,1499.723,286.034,11.444,39.796,35.201,1028.133
22/01/2024 13:37,286.978,1499.703,286.978,11.434,39.798,35.212,1028.147
22/01/2024 13:37,287.794,1499.706,287.794,11.418,39.786,35.214,1028.156
22/01/2024 13:37,288.604,1499.741,288.604,11.399,39.766,35.212,1028.162
22/01/2024 13:37,289.433,1499.595,289.433,11.393,39.748,35.2,1028.157
22/01/2024 13:37,290.384,1499.462,290.384,11.373,39.712,35.183,1028.151
22/01/2024 13:37,291.444,1499.243,291.444,11.326,39.664,35.18,1028.163
22/01/2024 13:37,292.582,1499.17,292.582,11.309,39.66,35.191,1028.18
22/01/2024 13:37,293.818,1499.111,293.818,11.306,39.646,35.18,1028.177
22/01/2024 13:37,295.049,1499.087,295.049,11.275,39.614,35.177,1028.186
22/01/2024 13:37,296.171,1498.96,296.171,11.252,39.598,35.182,1028.2
22/01/2024 13:37,297.158,1498.974,297.158,11.238,39.598,35.196,1028.218
22/01/2024 13:37,297.996,1499.108,297.996,11.237,39.604,35.202,1028.227
22/01/2024 13:37,298.768,1499.119,298.768,11.234,39.6,35.201,1028.23
22/01/2024 13:37,299.592,1499.008,299.592,11.225,39.58,35.189,1028.226
22/01/2024 13:37,300.471,1498.888,300.471,11.211,39.558,35.18,1028.226
22/01/2024 13:37,301.501,1498.967,301.501,11.193,39.532,35.171,1028.226
22/01/2024 13:37,302.652,1498.789,302.652,11.17,39.498,35.158,1028.226
22/01/2024 13:37,303.846,1498.695,303.846,11.141,39.486,35.173,1028.248
22/01/2024 13:37,304.965,1498.658,304.965,11.13,39.482,35.18,1028.261
22/01/2024 13:37,305.875,1498.667,305.875,11.125,39.482,35.184,1028.269
22/01/2024 13:37,306.728,1498.679,306.728,11.117,39.468,35.178,1028.269
22/01/2024 13:37,307.629,1498.564,307.629,11.092,39.432,35.165,1028.268
22/01/2024 13:37,308.576,1498.534,308.576,11.067,39.406,35.162,1028.275
22/01/2024 13:37,309.603,1498.465,309.603,11.047,39.388,35.163,1028.284
22/01/2024 13:37,310.716,1498.399,310.716,11.037,39.374,35.158,1028.287
22/01/2024 13:37,311.864,1498.356,311.864,11.032,39.366,35.154,1028.29
22/01/2024 13:37,312.961,1498.353,312.961,11.017,39.35,35.153,1028.297
22/01/2024 13:37,313.941,1498.351,313.941,10.997,39.34,35.161,1028.312
22/01/2024 13:37,314.859,1498.376,314.859,10.985,39.328,35.16,1028.317
22/01/2024 13:37,315.765,1498.337,315.765,10.98,39.322,35.159,1028.321
22/01/2024 13:37,316.717,1498.303,316.717,10.957,39.288,35.146,1028.32
22/01/2024 13:37,317.716,1498.333,317.716,10.927,39.25,35.136,1028.322
22/01/2024 13:37,318.776,1498.244,318.776,10.898,39.212,35.126,1028.324
22/01/2024 13:37,319.817,1498.057,319.817,10.857,39.178,35.131,1028.34
22/01/2024 13:37,320.851,1498.057,320.851,10.837,39.16,35.131,1028.349
22/01/2024 13:38,321.86,1497.963,321.86,10.819,39.152,35.14,1028.363
22/01/2024 13:38,322.929,1497.965,322.929,10.816,39.148,35.138,1028.367
22/01/2024 13:38,323.973,1497.933,323.973,10.806,39.128,35.128,1028.366
22/01/2024 13:38,324.979,1497.856,324.979,10.8,39.126,35.131,1028.374
22/01/2024 13:38,325.938,1497.948,325.938,10.794,39.126,35.136,1028.384
22/01/2024 13:38,326.879,1498.029,326.879,10.793,39.12,35.131,1028.384
22/01/2024 13:38,327.804,1497.964,327.804,10.78,39.108,35.131,1028.39
22/01/2024 13:38,328.745,1497.816,328.745,10.769,39.102,35.135,1028.4
22/01/2024 13:38,329.707,1497.803,329.707,10.762,39.096,35.135,1028.405
22/01/2024 13:38,330.702,1497.92,330.702,10.757,39.092,35.135,1028.411
22/01/2024 13:38,331.724,1497.946,331.724,10.761,39.084,35.123,1028.405
22/01/2024 13:38,332.764,1497.797,332.764,10.748,39.078,35.129,1028.417
22/01/2024 13:38,333.902,1497.759,333.902,10.734,39.054,35.118,1028.416
22/01/2024 13:38,335.06,1497.701,335.06,10.715,39.04,35.121,1028.427
22/01/2024 13:38,336.232,1497.628,336.232,10.689,39.014,35.12,1028.437
22/01/2024 13:38,337.3,1497.61,337.3,10.684,39.012,35.122,1028.444
22/01/2024 13:38,338.22,1497.813,338.22,10.68,39.016,35.13,1028.455
22/01/2024 13:38,339.028,1497.973,339.028,10.681,39.018,35.13,1028.459
22/01/2024 13:38,339.77,1497.726,339.77,10.676,39.01,35.127,1028.46
22/01/2024 13:38,340.574,1497.572,340.574,10.659,38.988,35.12,1028.462
22/01/2024 13:38,341.531,1497.543,341.531,10.646,38.978,35.122,1028.47
22/01/2024 13:38,342.64,1497.548,342.64,10.638,38.962,35.113,1028.469
22/01/2024 13:38,343.795,1497.456,343.795,10.624,38.952,35.116,1028.479
22/01/2024 13:38,344.973,1497.421,344.973,10.614,38.948,35.121,1028.49
22/01/2024 13:38,346.068,1497.381,346.068,10.603,38.93,35.114,1028.492
22/01/2024 13:38,347.038,1497.36,347.038,10.589,38.918,35.115,1028.499
22/01/2024 13:38,347.966,1497.415,347.966,10.572,38.904,35.116,1028.508
22/01/2024 13:38,348.919,1497.341,348.919,10.566,38.896,35.114,1028.511
22/01/2024 13:38,349.955,1497.324,349.955,10.559,38.884,35.108,1028.512
22/01/2024 13:38,351.031,1497.238,351.031,10.54,38.856,35.097,1028.512
22/01/2024 13:38,352.153,1497.154,352.153,10.505,38.832,35.106,1028.53
22/01/2024 13:38,353.216,1497.096,353.216,10.497,38.82,35.102,1028.534
22/01/2024 13:38,354.182,1497.112,354.182,10.479,38.804,35.102,1028.542
22/01/2024 13:38,355.043,1497.11,355.043,10.464,38.796,35.108,1028.553
22/01/2024 13:38,355.9,1497.101,355.9,10.452,38.786,35.109,1028.56
22/01/2024 13:38,356.793,1497.23,356.793,10.453,38.78,35.102,1028.558
22/01/2024 13:38,357.74,1497.175,357.74,10.443,38.768,35.099,1028.561
22/01/2024 13:38,358.807,1497.103,358.807,10.437,38.758,35.094,1028.563
22/01/2024 13:38,359.978,1497.164,359.978,10.425,38.75,35.096,1028.573
22/01/2024 13:38,361.179,1497.007,361.179,10.427,38.748,35.092,1028.575
22/01/2024 13:38,362.376,1497.011,362.376,10.415,38.732,35.087,1028.578
22/01/2024 13:38,363.434,1496.922,363.434,10.397,38.718,35.089,1028.588
22/01/2024 13:38,364.335,1496.937,364.335,10.38,38.702,35.09,1028.596
22/01/2024 13:38,365.123,1496.943,365.123,10.362,38.702,35.107,1028.616
22/01/2024 13:38,365.904,1496.901,365.904,10.353,38.672,35.084,1028.604
22/01/2024 13:38,366.792,1496.806,366.792,10.318,38.632,35.077,1028.608
22/01/2024 13:38,367.751,1496.746,367.751,10.298,38.614,35.077,1028.616
22/01/2024 13:38,368.878,1496.687,368.878,10.289,38.592,35.064,1028.613
22/01/2024 13:38,370.054,1496.406,370.054,10.242,38.538,35.054,1028.618
22/01/2024 13:38,371.219,1496.354,371.219,10.213,38.52,35.063,1028.636
22/01/2024 13:38,372.333,1496.334,372.333,10.189,38.494,35.059,1028.642
22/01/2024 13:38,373.333,1496.322,373.333,10.17,38.488,35.071,1028.66
22/01/2024 13:38,374.254,1496.328,374.254,10.166,38.484,35.07,1028.664
22/01/2024 13:38,375.196,1496.48,375.196,10.153,38.448,35.046,1028.651
22/01/2024 13:38,376.191,1496.319,376.191,10.106,38.408,35.05,1028.667
22/01/2024 13:38,377.135,1496.247,377.135,10.087,38.394,35.053,1028.677
22/01/2024 13:38,378.139,1496.201,378.139,10.073,38.378,35.051,1028.683
22/01/2024 13:38,379.188,1496.203,379.188,10.057,38.362,35.049,1028.689
22/01/2024 13:38,380.177,1496.125,380.177,10.039,38.342,35.046,1028.694
22/01/2024 13:38,381.167,1496.044,381.167,10.028,38.334,35.048,1028.702
22/01/2024 13:39,382.135,1495.924,382.135,10.019,38.32,35.041,1028.703
22/01/2024 13:39,383.103,1495.821,383.103,9.985,38.278,35.031,1028.705
22/01/2024 13:39,384.128,1495.686,384.128,9.953,38.244,35.027,1028.713
22/01/2024 13:39,385.142,1495.588,385.142,9.911,38.174,34.995,1028.7
22/01/2024 13:39,386.242,1495.43,386.242,9.844,38.114,34.999,1028.719
22/01/2024 13:39,387.284,1495.281,387.284,9.802,38.074,34.997,1028.73
22/01/2024 13:39,388.305,1495.08,388.305,9.773,38.032,34.983,1028.729
22/01/2024 13:39,389.292,1495.16,389.292,9.712,37.998,35.006,1028.762
22/01/2024 13:39,390.205,1495.114,390.205,9.692,37.988,35.014,1028.776
22/01/2024 13:39,391.185,1495.156,391.185,9.681,37.974,35.01,1028.779
22/01/2024 13:39,392.182,1494.998,392.182,9.671,37.96,35.006,1028.782
22/01/2024 13:39,393.301,1495.067,393.301,9.666,37.942,34.992,1028.777
22/01/2024 13:39,394.436,1494.813,394.436,9.654,37.928,34.988,1028.782
22/01/2024 13:39,395.532,1494.745,395.532,9.638,37.928,35.003,1028.801
22/01/2024 13:39,396.606,1494.752,396.606,9.626,37.916,35.002,1028.807
22/01/2024 13:39,397.538,1494.737,397.538,9.608,37.91,35.012,1028.822
22/01/2024 13:39,398.39,1495.023,398.39,9.607,37.912,35.015,1028.829
22/01/2024 13:39,399.173,1494.82,399.173,9.603,37.904,35.01,1028.829
22/01/2024 13:39,399.977,1494.613,399.977,9.597,37.88,34.991,1028.819
22/01/2024 13:39,400.911,1494.523,400.911,9.56,37.808,34.953,1028.8
22/01/2024 13:39,402.021,1494.178,402.021,9.461,37.714,34.952,1028.821
22/01/2024 13:39,403.225,1494.147,403.225,9.408,37.676,34.963,1028.844
22/01/2024 13:39,404.447,1493.886,404.447,9.386,37.652,34.959,1028.85
22/01/2024 13:39,405.65,1493.881,405.65,9.352,37.634,34.973,1028.873
22/01/2024 13:39,406.783,1493.742,406.783,9.34,37.63,34.98,1028.885
22/01/2024 13:39,407.755,1493.844,407.755,9.323,37.606,34.971,1028.886
22/01/2024 13:39,408.648,1493.9,408.648,9.292,37.578,34.972,1028.895
22/01/2024 13:39,409.451,1493.853,409.451,9.27,37.55,34.964,1028.896
22/01/2024 13:39,410.264,1493.584,410.264,9.244,37.526,34.964,1028.905
22/01/2024 13:39,411.137,1493.605,411.137,9.233,37.514,34.962,1028.909
22/01/2024 13:39,412.145,1493.462,412.145,9.212,37.482,34.949,1028.907
22/01/2024 13:39,413.296,1493.242,413.296,9.192,37.468,34.953,1028.919
22/01/2024 13:39,414.449,1493.194,414.449,9.179,37.462,34.959,1028.931
22/01/2024 13:39,415.571,1493.16,415.571,9.17,37.452,34.957,1028.937
22/01/2024 13:39,416.593,1493.128,416.593,9.157,37.426,34.942,1028.932
22/01/2024 13:39,417.547,1493.026,417.547,9.122,37.392,34.94,1028.94
22/01/2024 13:39,418.535,1493.032,418.535,9.088,37.36,34.94,1028.95
22/01/2024 13:39,419.576,1492.913,419.576,9.069,37.344,34.942,1028.96
22/01/2024 13:39,420.599,1492.869,420.599,9.055,37.334,34.944,1028.969
22/01/2024 13:39,421.655,1492.764,421.655,9.028,37.29,34.924,1028.962
22/01/2024 13:39,422.677,1492.809,422.677,8.984,37.256,34.931,1028.979
22/01/2024 13:39,423.622,1492.889,423.622,8.968,37.254,34.945,1028.997
22/01/2024 13:39,424.443,1492.78,424.443,8.959,37.224,34.922,1028.985
22/01/2024 13:39,425.313,1492.533,425.313,8.915,37.182,34.92,1028.994
22/01/2024 13:39,426.278,1492.548,426.278,8.886,37.154,34.918,1029.002
22/01/2024 13:39,427.38,1492.298,427.38,8.848,37.102,34.901,1029
22/01/2024 13:39,428.56,1492.248,428.56,8.804,37.072,34.912,1029.021
22/01/2024 13:39,429.77,1491.94,429.77,8.78,37.024,34.884,1029.009
22/01/2024 13:39,430.913,1491.811,430.913,8.733,36.988,34.893,1029.029
22/01/2024 13:39,431.93,1491.754,431.93,8.686,36.95,34.898,1029.045
22/01/2024 13:39,432.867,1491.648,432.867,8.638,36.886,34.878,1029.042
22/01/2024 13:39,433.718,1491.595,433.718,8.583,36.842,34.884,1029.06
22/01/2024 13:39,434.547,1491.143,434.547,8.532,36.782,34.871,1029.062
22/01/2024 13:39,435.439,1491.215,435.439,8.484,36.732,34.865,1029.069
22/01/2024 13:39,436.468,1491.282,436.468,8.436,36.682,34.859,1029.077
22/01/2024 13:39,437.569,1490.975,437.569,8.403,36.62,34.825,1029.061
22/01/2024 13:39,438.724,1490.824,438.724,8.328,36.59,34.867,1029.111
22/01/2024 13:39,439.851,1490.502,439.851,8.306,36.552,34.848,1029.104
22/01/2024 13:39,440.911,1490.349,440.911,8.251,36.502,34.849,1029.119
22/01/2024 13:39,441.87,1490.444,441.87,8.221,36.492,34.867,1029.142
22/01/2024 13:40,442.781,1490.444,442.781,8.216,36.486,34.865,1029.146
22/01/2024 13:40,443.707,1490.615,443.707,8.202,36.464,34.855,1029.144
22/01/2024 13:40,444.695,1490.328,444.695,8.134,36.364,34.816,1029.129
22/01/2024 13:40,445.703,1490.156,445.703,8.063,36.304,34.822,1029.149
22/01/2024 13:40,446.77,1489.795,446.77,8.019,36.258,34.815,1029.156
22/01/2024 13:40,447.792,1489.871,447.792,7.947,36.184,34.807,1029.166
22/01/2024 13:40,448.802,1489.411,448.802,7.905,36.158,34.82,1029.187
22/01/2024 13:40,449.814,1489.51,449.814,7.886,36.152,34.833,1029.205
22/01/2024 13:40,450.866,1489.102,450.866,7.88,36.142,34.827,1029.206
22/01/2024 13:40,451.919,1489.044,451.919,7.866,36.134,34.832,1029.217
22/01/2024 13:40,452.954,1488.864,452.954,7.857,36.116,34.821,1029.214
22/01/2024 13:40,454.004,1488.617,454.004,7.835,36.072,34.795,1029.202
22/01/2024 13:40,455.043,1488.729,455.043,7.777,36.044,34.822,1029.238
22/01/2024 13:40,456.033,1488.726,456.033,7.765,36.034,34.823,1029.244
22/01/2024 13:40,456.934,1488.8,456.934,7.757,36.03,34.826,1029.252
22/01/2024 13:40,457.81,1488.819,457.81,7.756,36.022,34.818,1029.25
22/01/2024 13:40,458.701,1488.535,458.701,7.736,35.992,34.805,1029.247
22/01/2024 13:40,459.612,1488.492,459.612,7.695,35.908,34.755,1029.219
22/01/2024 13:40,460.602,1488.476,460.602,7.603,35.832,34.763,1029.244
22/01/2024 13:40,461.731,1488.556,461.731,7.544,35.768,34.753,1029.25
22/01/2024 13:40,462.98,1487.906,462.98,7.48,35.73,34.775,1029.283
22/01/2024 13:40,464.23,1487.39,464.23,7.457,35.714,34.78,1029.296
22/01/2024 13:40,465.368,1487.586,465.368,7.441,35.708,34.789,1029.31
22/01/2024 13:40,466.45,1487.468,466.45,7.426,35.688,34.781,1029.312
22/01/2024 13:40,467.345,1487.564,467.345,7.42,35.688,34.787,1029.321
22/01/2024 13:40,468.171,1487.596,468.171,7.425,35.686,34.779,1029.318
22/01/2024 13:40,468.979,1487.355,468.979,7.409,35.662,34.77,1029.317
22/01/2024 13:40,469.84,1487.46,469.84,7.376,35.646,34.785,1029.337
22/01/2024 13:40,470.734,1487.533,470.734,7.38,35.638,34.771,1029.331
22/01/2024 13:40,471.755,1487.104,471.755,7.343,35.594,34.76,1029.332
22/01/2024 13:40,472.851,1486.892,472.851,7.298,35.546,34.753,1029.338
22/01/2024 13:40,473.99,1486.736,473.99,7.248,35.508,34.76,1029.356
22/01/2024 13:40,475.09,1486.718,475.09,7.218,35.49,34.771,1029.374
22/01/2024 13:40,476.153,1486.662,476.153,7.207,35.478,34.768,1029.379
22/01/2024 13:40,477.223,1486.681,477.223,7.185,35.454,34.763,1029.383
22/01/2024 13:40,478.285,1486.611,478.285,7.156,35.426,34.761,1029.39
22/01/2024 13:40,479.357,1486.5,479.357,7.137,35.406,34.757,1029.395
22/01/2024 13:40,480.452,1486.625,480.452,7.117,35.388,34.758,1029.404
22/01/2024 13:40,481.464,1486.623,481.464,7.101,35.366,34.749,1029.404
22/01/2024 13:40,482.428,1486.751,482.428,7.073,35.342,34.75,1029.414
22/01/2024 13:40,483.301,1486.679,483.301,7.052,35.326,34.753,1029.423
22/01/2024 13:40,484.19,1486.539,484.19,7.041,35.304,34.74,1029.418
22/01/2024 13:40,485.077,1486.302,485.077,6.999,35.248,34.721,1029.413
22/01/2024 13:40,486.023,1485.801,486.023,6.944,35.2,34.722,1029.427
22/01/2024 13:40,486.962,1485.827,486.962,6.896,35.166,34.733,1029.447
22/01/2024 13:40,487.916,1485.444,487.916,6.878,35.148,34.731,1029.452
22/01/2024 13:40,488.722,1485.565,488.722,6.859,35.132,34.732,1029.459
22/01/2024 13:40,489.647,1485.084,489.647,6.821,35.09,34.724,1029.463
22/01/2024 13:40,490.469,1485.11,490.469,6.793,35.074,34.734,1029.479
22/01/2024 13:40,491.292,1485.004,491.292,6.785,35.072,34.739,1029.488
22/01/2024 13:40,492.166,1485.161,492.166,6.783,35.074,34.743,1029.495
22/01/2024 13:40,492.996,1485.12,492.996,6.783,35.076,34.745,1029.5
22/01/2024 13:40,493.76,1485.173,493.76,6.785,35.078,34.745,1029.503
22/01/2024 13:40,494.492,1485.201,494.492,6.783,35.084,34.753,1029.513
22/01/2024 13:40,495.235,1485.132,495.235,6.786,35.074,34.738,1029.505
22/01/2024 13:40,496.009,1485.103,496.009,6.779,35.072,34.743,1029.513
22/01/2024 13:40,496.931,1485.133,496.931,6.779,35.068,34.738,1029.513
22/01/2024 13:40,497.964,1485.173,497.964,6.779,35.068,34.737,1029.518
22/01/2024 13:40,499.006,1485.142,499.006,6.776,35.07,34.742,1029.527
22/01/2024 13:40,500.116,1485.13,500.116,6.78,35.068,34.735,1029.526
22/01/2024 13:41,501.266,1485.128,501.266,6.77,35.062,34.738,1029.535
22/01/2024 13:41,502.366,1485.104,502.366,6.763,35.048,34.729,1029.534
22/01/2024 13:41,503.431,1485.103,503.431,6.743,35.036,34.736,1029.547
22/01/2024 13:41,504.483,1485.163,504.483,6.741,35.038,34.74,1029.555
22/01/2024 13:41,505.477,1485.226,505.477,6.734,35.022,34.729,1029.552
22/01/2024 13:41,506.418,1485.175,506.418,6.726,35.006,34.719,1029.549
22/01/2024 13:41,507.343,1485.163,507.343,6.711,35.002,34.729,1029.564
22/01/2024 13:41,508.308,1485.105,508.308,6.703,35,34.734,1029.573
22/01/2024 13:41,509.311,1485.079,509.311,6.697,34.994,34.733,1029.578
22/01/2024 13:41,510.278,1485.149,510.278,6.695,34.994,34.735,1029.584
22/01/2024 13:41,511.279,1485.175,511.279,6.698,34.992,34.729,1029.583
22/01/2024 13:41,512.279,1485.141,512.279,6.694,34.992,34.732,1029.591
22/01/2024 13:41,513.32,1485.119,513.32,6.689,34.99,34.735,1029.599
22/01/2024 13:41,514.382,1485.125,514.382,6.69,34.99,34.733,1029.602
22/01/2024 13:41,515.479,1485.174,515.479,6.692,34.988,34.728,1029.603
22/01/2024 13:41,516.576,1485.121,516.576,6.687,34.988,34.733,1029.612
22/01/2024 13:41,517.698,1485.14,517.698,6.687,34.988,34.732,1029.617
22/01/2024 13:41,518.74,1485.145,518.74,6.686,34.988,34.733,1029.622
22/01/2024 13:41,519.691,1485.138,519.691,6.685,34.988,34.733,1029.627
22/01/2024 13:41,520.62,1485.243,520.62,6.684,34.988,34.734,1029.632
22/01/2024 13:41,521.484,1485.224,521.484,6.671,34.976,34.733,1029.637
22/01/2024 13:41,522.352,1485.151,522.352,6.671,34.972,34.728,1029.637
22/01/2024 13:41,523.261,1485.079,523.261,6.66,34.956,34.721,1029.637
22/01/2024 13:41,524.27,1485.142,524.27,6.647,34.95,34.728,1029.649
22/01/2024 13:41,525.341,1485.124,525.341,6.642,34.944,34.726,1029.653
22/01/2024 13:41,526.436,1485.05,526.436,6.639,34.938,34.722,1029.655
22/01/2024 13:41,527.612,1485.01,527.612,6.626,34.918,34.712,1029.655
22/01/2024 13:41,528.793,1485.039,528.793,6.61,34.908,34.716,1029.666
22/01/2024 13:41,529.935,1484.938,529.935,6.599,34.896,34.714,1029.671
22/01/2024 13:41,530.97,1484.944,530.97,6.587,34.89,34.718,1029.681
22/01/2024 13:41,531.891,1484.995,531.891,6.581,34.888,34.722,1029.689
22/01/2024 13:41,532.637,1485.087,532.637,6.596,34.902,34.722,1029.69
22/01/2024 13:41,533.433,1484.986,533.433,6.599,34.928,34.747,1029.713
22/01/2024 13:41,534.263,1484.852,534.263,6.595,34.884,34.702,1029.682
22/01/2024 13:41,535.189,1484.868,535.189,6.575,34.882,34.719,1029.703
22/01/2024 13:41,536.238,1484.879,536.238,6.576,34.88,34.716,1029.704
22/01/2024 13:41,537.386,1484.879,537.386,6.568,34.874,34.717,1029.711
22/01/2024 13:41,538.525,1484.875,538.525,6.564,34.868,34.714,1029.715
22/01/2024 13:41,539.466,1484.857,539.466,6.553,34.854,34.709,1029.717
22/01/2024 13:41,540.377,1484.846,540.377,6.541,34.854,34.721,1029.732
22/01/2024 13:41,541.067,1484.914,541.067,6.54,34.86,34.728,1029.741
22/01/2024 13:41,541.719,1484.876,541.719,6.542,34.858,34.724,1029.741
22/01/2024 13:41,542.334,1484.89,542.334,6.538,34.854,34.723,1029.743
22/01/2024 13:41,543.063,1484.899,543.063,6.534,34.85,34.722,1029.747
22/01/2024 13:41,543.819,1484.886,543.819,6.53,34.846,34.721,1029.75
22/01/2024 13:41,544.685,1484.927,544.685,6.529,34.842,34.718,1029.751
22/01/2024 13:41,545.587,1484.871,545.587,6.525,34.84,34.719,1029.757
22/01/2024 13:41,546.509,1484.878,546.509,6.519,34.836,34.72,1029.763
22/01/2024 13:41,547.374,1484.868,547.374,6.517,34.832,34.717,1029.765
22/01/2024 13:41,548.161,1484.877,548.161,6.513,34.832,34.721,1029.772
22/01/2024 13:41,548.884,1484.888,548.884,6.512,34.826,34.715,1029.77
22/01/2024 13:41,549.599,1484.888,549.599,6.495,34.81,34.714,1029.775
22/01/2024 13:41,550.386,1484.768,550.386,6.469,34.778,34.705,1029.776
22/01/2024 13:41,551.279,1484.658,551.279,6.448,34.762,34.708,1029.785
22/01/2024 13:41,552.217,1484.682,552.217,6.438,34.752,34.706,1029.789
22/01/2024 13:41,553.107,1484.685,553.107,6.432,34.74,34.698,1029.788
22/01/2024 13:41,553.869,1484.677,553.869,6.414,34.728,34.703,1029.798
22/01/2024 13:41,554.492,1484.633,554.492,6.406,34.734,34.717,1029.813
22/01/2024 13:41,555.057,1484.665,555.057,6.408,34.736,34.717,1029.815
22/01/2024 13:41,555.596,1484.717,555.596,6.406,34.75,34.734,1029.832
22/01/2024 13:42,556.273,1484.536,556.273,6.396,34.714,34.704,1029.812
22/01/2024 13:42,557.159,1484.501,557.159,6.39,34.698,34.692,1029.808
22/01/2024 13:42,558.21,1484.46,558.21,6.372,34.69,34.701,1029.823
22/01/2024 13:42,559.367,1484.409,559.367,6.36,34.674,34.695,1029.825
22/01/2024 13:42,560.481,1484.35,560.481,6.352,34.664,34.691,1029.828
22/01/2024 13:42,561.437,1484.308,561.437,6.327,34.644,34.694,1029.838
22/01/2024 13:42,562.131,1484.372,562.131,6.316,34.65,34.711,1029.856
22/01/2024 13:42,562.643,1484.36,562.643,6.327,34.662,34.713,1029.858
22/01/2024 13:42,563.119,1484.39,563.119,6.312,34.666,34.732,1029.878
22/01/2024 13:42,563.688,1484.151,563.688,6.311,34.628,34.691,1029.848
22/01/2024 13:42,564.374,1483.975,564.374,6.269,34.568,34.667,1029.838
22/01/2024 13:42,565.221,1483.934,565.221,6.227,34.548,34.686,1029.863
22/01/2024 13:42,566.148,1483.882,566.148,6.208,34.534,34.689,1029.872
22/01/2024 13:42,567.076,1483.883,567.076,6.196,34.528,34.694,1029.882
22/01/2024 13:42,568.014,1483.888,568.014,6.196,34.528,34.693,1029.886
22/01/2024 13:42,568.852,1483.961,568.852,6.196,34.532,34.697,1029.893
22/01/2024 13:42,569.663,1483.975,569.663,6.197,34.528,34.692,1029.892
22/01/2024 13:42,570.493,1483.92,570.493,6.187,34.52,34.693,1029.899
22/01/2024 13:42,571.39,1483.89,571.39,6.182,34.512,34.689,1029.9
22/01/2024 13:42,572.221,1483.874,572.221,6.167,34.502,34.692,1029.909
22/01/2024 13:42,573.049,1483.907,573.049,6.159,34.496,34.693,1029.914
22/01/2024 13:42,573.734,1483.921,573.734,6.155,34.496,34.697,1029.921
22/01/2024 13:42,574.336,1483.928,574.336,6.161,34.498,34.693,1029.919
22/01/2024 13:42,574.858,1483.946,574.858,6.161,34.5,34.695,1029.923
22/01/2024 13:42,575.436,1483.915,575.436,6.158,34.506,34.704,1029.934
22/01/2024 13:42,576.126,1483.801,576.126,6.145,34.48,34.688,1029.926
22/01/2024 13:42,576.956,1483.815,576.956,6.137,34.476,34.691,1029.933
22/01/2024 13:42,577.99,1483.816,577.99,6.135,34.468,34.684,1029.933
22/01/2024 13:42,579.085,1483.774,579.085,6.126,34.458,34.681,1029.937
22/01/2024 13:42,580.24,1483.76,580.24,6.114,34.454,34.688,1029.949
22/01/2024 13:42,581.228,1483.76,581.228,6.111,34.452,34.688,1029.954
22/01/2024 13:42,581.975,1483.774,581.975,6.11,34.454,34.691,1029.96
22/01/2024 13:42,582.433,1483.803,582.433,6.111,34.466,34.703,1029.972
22/01/2024 13:42,582.726,1483.814,582.726,6.114,34.478,34.714,1029.981
22/01/2024 13:42,583.071,1483.792,583.071,6.122,34.482,34.71,1029.978
22/01/2024 13:42,583.569,1483.778,583.569,6.116,34.456,34.687,1029.963
22/01/2024 13:42,584.328,1483.685,584.328,6.096,34.426,34.674,1029.959
22/01/2024 13:42,585.443,1483.6,585.443,6.065,34.398,34.673,1029.968
22/01/2024 13:42,586.73,1483.595,586.73,6.047,34.392,34.684,1029.985
22/01/2024 13:42,588.083,1483.611,588.083,6.045,34.392,34.685,1029.992
22/01/2024 13:42,589.335,1483.629,589.335,6.05,34.394,34.682,1029.995
22/01/2024 13:42,590.19,1483.646,590.19,6.047,34.402,34.693,1030.008
22/01/2024 13:42,590.88,1483.625,590.88,6.044,34.392,34.685,1030.005
22/01/2024 13:42,591.614,1483.607,591.614,6.035,34.392,34.693,1030.016
22/01/2024 13:42,592.464,1483.487,592.464,6.01,34.354,34.675,1030.01
22/01/2024 13:42,593.364,1483.479,593.364,5.999,34.346,34.678,1030.017
22/01/2024 13:42,594.396,1483.473,594.396,5.993,34.34,34.677,1030.022
22/01/2024 13:42,595.419,1483.476,595.419,5.985,34.336,34.68,1030.03
22/01/2024 13:42,596.34,1483.472,596.34,5.983,34.334,34.679,1030.034
22/01/2024 13:42,597.24,1483.501,597.24,5.982,34.334,34.68,1030.039
22/01/2024 13:42,598.201,1483.491,598.201,5.978,34.33,34.679,1030.043
22/01/2024 13:42,599.216,1483.494,599.216,5.975,34.324,34.675,1030.045
22/01/2024 13:42,600.345,1483.482,600.345,5.966,34.32,34.679,1030.054
22/01/2024 13:42,601.45,1483.487,601.45,5.96,34.316,34.68,1030.061
22/01/2024 13:42,602.592,1483.481,602.592,5.956,34.308,34.674,1030.062
22/01/2024 13:42,603.659,1483.454,603.659,5.946,34.298,34.672,1030.067
22/01/2024 13:42,604.673,1483.462,604.673,5.926,34.282,34.674,1030.076
22/01/2024 13:42,605.6,1483.431,605.6,5.915,34.274,34.677,1030.084
22/01/2024 13:42,606.397,1483.435,606.397,5.908,34.27,34.679,1030.09
22/01/2024 13:42,607.219,1483.498,607.219,5.907,34.272,34.682,1030.096
22/01/2024 13:43,608.05,1483.404,608.05,5.908,34.27,34.678,1030.097
22/01/2024 13:43,609.013,1483.438,609.013,5.902,34.266,34.679,1030.103
22/01/2024 13:43,610.09,1483.419,610.09,5.903,34.264,34.675,1030.105
22/01/2024 13:43,611.25,1483.389,611.25,5.898,34.254,34.669,1030.106
22/01/2024 13:43,612.42,1483.303,612.42,5.869,34.222,34.661,1030.109
22/01/2024 13:43,613.5,1483.286,613.5,5.853,34.212,34.666,1030.12
22/01/2024 13:43,614.437,1483.367,614.437,5.838,34.204,34.671,1030.131
22/01/2024 13:43,615.273,1483.355,615.273,5.831,34.204,34.678,1030.141
22/01/2024 13:43,616.093,1483.314,616.093,5.833,34.204,34.675,1030.142
22/01/2024 13:43,616.952,1483.261,616.952,5.831,34.198,34.67,1030.142
22/01/2024 13:43,617.956,1483.25,617.956,5.824,34.196,34.676,1030.152
22/01/2024 13:43,619.083,1483.243,619.083,5.825,34.194,34.672,1030.154
22/01/2024 13:43,620.242,1483.219,620.242,5.819,34.192,34.675,1030.163
22/01/2024 13:43,621.365,1483.223,621.365,5.821,34.19,34.67,1030.164
22/01/2024 13:43,622.361,1483.246,622.361,5.815,34.188,34.673,1030.172
22/01/2024 13:43,623.213,1483.275,623.213,5.814,34.192,34.679,1030.18
22/01/2024 13:43,624.072,1483.238,624.072,5.815,34.184,34.668,1030.175
22/01/2024 13:43,624.942,1483.271,624.942,5.808,34.182,34.672,1030.184
22/01/2024 13:43,625.879,1483.305,625.879,5.795,34.166,34.667,1030.185
22/01/2024 13:43,626.848,1483.271,626.848,5.79,34.162,34.667,1030.191
22/01/2024 13:43,627.937,1483.273,627.937,5.783,34.156,34.667,1030.196
22/01/2024 13:43,629.062,1483.23,629.062,5.777,34.154,34.67,1030.205
22/01/2024 13:43,630.157,1483.229,630.157,5.771,34.146,34.667,1030.208
22/01/2024 13:43,631.208,1483.209,631.208,5.762,34.138,34.666,1030.214
22/01/2024 13:43,632.231,1483.206,632.231,5.749,34.128,34.667,1030.221
22/01/2024 13:43,633.171,1483.195,633.171,5.742,34.126,34.672,1030.23
22/01/2024 13:43,634.094,1483.171,634.094,5.74,34.12,34.667,1030.23
22/01/2024 13:43,634.954,1483.192,634.954,5.74,34.118,34.664,1030.232
22/01/2024 13:43,635.851,1483.179,635.851,5.731,34.106,34.66,1030.234
22/01/2024 13:43,636.808,1483.168,636.808,5.716,34.098,34.666,1030.245
22/01/2024 13:43,637.84,1483.153,637.84,5.711,34.092,34.663,1030.249
22/01/2024 13:43,638.918,1483.102,638.918,5.711,34.088,34.658,1030.25
22/01/2024 13:43,639.984,1483.079,639.984,5.704,34.084,34.66,1030.257
22/01/2024 13:43,641.039,1483.139,641.039,5.697,34.082,34.665,1030.266
22/01/2024 13:43,641.988,1483.2,641.988,5.693,34.08,34.666,1030.272
22/01/2024 13:43,642.911,1483.147,642.911,5.69,34.076,34.664,1030.275
22/01/2024 13:43,643.857,1483.178,643.857,5.687,34.066,34.655,1030.273
22/01/2024 13:43,644.807,1483.141,644.807,5.679,34.062,34.658,1030.281
22/01/2024 13:43,645.805,1483.111,645.805,5.674,34.058,34.658,1030.286
22/01/2024 13:43,646.729,1483.109,646.729,5.671,34.056,34.659,1030.291
22/01/2024 13:43,647.577,1483.12,647.577,5.667,34.056,34.662,1030.298
22/01/2024 13:43,648.488,1483.063,648.488,5.662,34.052,34.662,1030.303
22/01/2024 13:43,649.448,1483.143,649.448,5.661,34.05,34.661,1030.306
22/01/2024 13:43,650.394,1483.122,650.394,5.658,34.05,34.663,1030.313
22/01/2024 13:43,651.368,1483.089,651.368,5.659,34.048,34.66,1030.314
22/01/2024 13:43,652.354,1483.112,652.354,5.653,34.044,34.661,1030.321
22/01/2024 13:43,653.333,1483.075,653.333,5.648,34.042,34.663,1030.328
22/01/2024 13:43,654.231,1483.133,654.231,5.645,34.044,34.668,1030.336
22/01/2024 13:43,655.086,1483.079,655.086,5.644,34.036,34.66,1030.334
22/01/2024 13:43,655.962,1483.089,655.962,5.643,34.038,34.663,1030.341
22/01/2024 13:43,656.883,1483.113,656.883,5.64,34.036,34.663,1030.345
22/01/2024 13:43,657.843,1483.2,657.843,5.637,34.032,34.661,1030.349
22/01/2024 13:43,658.935,1483.125,658.935,5.635,34.028,34.658,1030.351
22/01/2024 13:43,660.126,1483.12,660.126,5.629,34.024,34.659,1030.358
22/01/2024 13:43,661.344,1483.12,661.344,5.626,34.024,34.662,1030.366
22/01/2024 13:43,662.528,1483.099,662.528,5.623,34.018,34.657,1030.369
22/01/2024 13:43,663.555,1483.134,663.555,5.616,34.008,34.653,1030.371
22/01/2024 13:43,664.416,1483.148,664.416,5.605,34.004,34.659,1030.381
22/01/2024 13:43,665.154,1483.189,665.154,5.611,34.01,34.659,1030.384
22/01/2024 13:43,665.872,1483.095,665.872,5.604,34.002,34.657,1030.386
22/01/2024 13:44,666.708,1483.039,666.708,5.592,33.984,34.648,1030.385
22/01/2024 13:44,667.706,1483.036,667.706,5.577,33.98,34.658,1030.399
22/01/2024 13:44,668.828,1483.025,668.828,5.576,33.978,34.657,1030.403
22/01/2024 13:44,670.005,1483.004,670.005,5.574,33.978,34.658,1030.41
22/01/2024 13:44,671.162,1483.021,671.162,5.574,33.978,34.657,1030.415
22/01/2024 13:44,672.141,1483.035,672.141,5.568,33.976,34.661,1030.423
22/01/2024 13:44,673.042,1483.057,673.042,5.565,33.972,34.659,1030.426
22/01/2024 13:44,673.916,1483.029,673.916,5.561,33.966,34.656,1030.428
22/01/2024 13:44,674.761,1483.012,674.761,5.552,33.958,34.656,1030.433
22/01/2024 13:44,675.689,1483.01,675.689,5.545,33.954,34.658,1030.44
22/01/2024 13:44,676.669,1483.029,676.669,5.547,33.954,34.656,1030.442
22/01/2024 13:44,677.723,1483.026,677.723,5.544,33.952,34.656,1030.448
22/01/2024 13:44,678.797,1483.05,678.797,5.542,33.952,34.658,1030.454
22/01/2024 13:44,679.867,1483.052,679.867,5.54,33.95,34.657,1030.459
22/01/2024 13:44,680.947,1483.063,680.947,5.539,33.95,34.657,1030.464
22/01/2024 13:44,682.002,1483.079,682.002,5.537,33.95,34.659,1030.47
22/01/2024 13:44,683.007,1483.103,683.007,5.536,33.95,34.659,1030.475
22/01/2024 13:44,683.876,1483.108,683.876,5.53,33.938,34.651,1030.474
22/01/2024 13:44,684.778,1483.131,684.778,5.527,33.934,34.649,1030.477
22/01/2024 13:44,685.714,1483.109,685.714,5.522,33.932,34.652,1030.484
22/01/2024 13:44,686.632,1483.116,686.632,5.519,33.93,34.652,1030.489
22/01/2024 13:44,687.562,1483.109,687.562,5.516,33.928,34.652,1030.493
22/01/2024 13:44,688.581,1483.13,688.581,5.511,33.924,34.652,1030.499
22/01/2024 13:44,689.627,1483.149,689.627,5.514,33.924,34.649,1030.5
22/01/2024 13:44,690.749,1483.094,690.749,5.511,33.92,34.647,1030.504
22/01/2024 13:44,691.829,1483.108,691.829,5.505,33.92,34.652,1030.514
22/01/2024 13:44,692.867,1483.117,692.867,5.504,33.92,34.653,1030.52
22/01/2024 13:44,693.843,1483.153,693.843,5.508,33.922,34.65,1030.522
22/01/2024 13:44,694.833,1483.16,694.833,5.504,33.922,34.654,1030.53
22/01/2024 13:44,695.802,1483.156,695.802,5.503,33.922,34.654,1030.534
22/01/2024 13:44,696.794,1483.161,696.794,5.503,33.918,34.649,1030.535
22/01/2024 13:44,697.748,1483.228,697.748,5.501,33.916,34.649,1030.539
22/01/2024 13:44,698.662,1483.209,698.662,5.498,33.916,34.651,1030.546
22/01/2024 13:44,699.529,1483.24,699.529,5.495,33.914,34.652,1030.55
22/01/2024 13:44,700.446,1483.24,700.446,5.489,33.908,34.65,1030.554
22/01/2024 13:44,701.374,1483.211,701.374,5.484,33.902,34.648,1030.558
22/01/2024 13:44,702.419,1483.18,702.419,5.476,33.896,34.649,1030.564
22/01/2024 13:44,703.518,1483.203,703.518,5.471,33.89,34.647,1030.568
22/01/2024 13:44,704.646,1483.188,704.646,5.466,33.884,34.644,1030.572
22/01/2024 13:44,705.825,1483.181,705.825,5.464,33.884,34.647,1030.58
22/01/2024 13:44,706.933,1483.158,706.933,5.464,33.882,34.644,1030.582
22/01/2024 13:44,707.923,1483.203,707.923,5.455,33.88,34.65,1030.593
22/01/2024 13:44,708.785,1483.219,708.785,5.458,33.882,34.649,1030.596
22/01/2024 13:44,709.59,1483.218,709.59,5.459,33.886,34.652,1030.602
22/01/2024 13:44,710.371,1483.224,710.371,5.457,33.884,34.652,1030.605
22/01/2024 13:44,711.2,1483.194,711.2,5.458,33.88,34.646,1030.604
22/01/2024 13:44,712.177,1483.199,712.177,5.448,33.876,34.651,1030.614
22/01/2024 13:44,713.263,1483.175,713.263,5.443,33.872,34.651,1030.619
22/01/2024 13:44,714.467,1483.178,714.467,5.438,33.868,34.651,1030.626
22/01/2024 13:44,715.72,1483.189,715.72,5.437,33.868,34.651,1030.632
22/01/2024 13:44,716.83,1483.218,716.83,5.435,33.868,34.653,1030.638
22/01/2024 13:44,717.836,1483.203,717.836,5.426,33.854,34.645,1030.638
22/01/2024 13:44,718.703,1483.214,718.703,5.406,33.838,34.647,1030.646
22/01/2024 13:44,719.475,1483.175,719.475,5.4,33.832,34.646,1030.65
22/01/2024 13:44,720.353,1483.113,720.353,5.388,33.822,34.646,1030.656
22/01/2024 13:44,721.279,1483.103,721.279,5.377,33.814,34.648,1030.662
22/01/2024 13:44,722.256,1483.103,722.256,5.372,33.808,34.646,1030.667
22/01/2024 13:44,723.269,1483.078,723.269,5.367,33.808,34.651,1030.676
22/01/2024 13:44,724.323,1483.076,724.323,5.368,33.808,34.65,1030.679
22/01/2024 13:44,725.343,1483.055,725.343,5.365,33.808,34.652,1030.686
22/01/2024 13:45,726.347,1483.071,726.347,5.363,33.804,34.649,1030.689
22/01/2024 13:45,727.393,1483.087,727.393,5.36,33.804,34.652,1030.696
22/01/2024 13:45,728.46,1483.077,728.46,5.353,33.8,34.654,1030.703
22/01/2024 13:45,729.59,1483.098,729.59,5.354,33.8,34.652,1030.707
22/01/2024 13:45,730.697,1483.154,730.697,5.353,33.8,34.652,1030.712
22/01/2024 13:45,731.703,1483.203,731.703,5.355,33.802,34.652,1030.717
22/01/2024 13:45,732.576,1483.232,732.576,5.357,33.802,34.65,1030.718
22/01/2024 13:45,733.352,1483.213,733.352,5.354,33.802,34.652,1030.724
22/01/2024 13:45,734.141,1483.155,734.141,5.349,33.798,34.653,1030.729
22/01/2024 13:45,735.02,1483.154,735.02,5.35,33.798,34.651,1030.731
22/01/2024 13:45,736.019,1483.175,736.019,5.348,33.796,34.65,1030.736
22/01/2024 13:45,737.096,1483.211,737.096,5.347,33.798,34.653,1030.743
22/01/2024 13:45,738.284,1483.218,738.284,5.349,33.798,34.65,1030.746
22/01/2024 13:45,739.424,1483.213,739.424,5.346,33.8,34.655,1030.755
22/01/2024 13:45,740.544,1483.222,740.544,5.35,33.8,34.651,1030.756
22/01/2024 13:45,741.542,1483.245,741.542,5.346,33.798,34.652,1030.762
22/01/2024 13:45,742.442,1483.253,742.442,5.345,33.802,34.657,1030.771
22/01/2024 13:45,743.3,1483.267,743.3,5.347,33.802,34.655,1030.772
22/01/2024 13:45,744.265,1483.27,744.265,5.346,33.798,34.651,1030.774
22/01/2024 13:45,745.292,1483.281,745.292,5.34,33.798,34.656,1030.784
22/01/2024 13:45,746.319,1483.283,746.319,5.337,33.794,34.654,1030.787
22/01/2024 13:45,747.343,1483.302,747.343,5.336,33.79,34.65,1030.789
22/01/2024 13:45,748.308,1483.297,748.308,5.326,33.784,34.653,1030.797
22/01/2024 13:45,749.144,1483.326,749.144,5.332,33.792,34.656,1030.802
22/01/2024 13:45,750.045,1483.334,750.045,5.334,33.792,34.653,1030.804
22/01/2024 13:45,750.972,1483.355,750.972,5.334,33.796,34.657,1030.811
22/01/2024 13:45,751.978,1483.367,751.978,5.331,33.794,34.657,1030.816
22/01/2024 13:45,753.096,1483.354,753.096,5.329,33.784,34.647,1030.814
22/01/2024 13:45,754.288,1483.351,754.288,5.321,33.778,34.648,1030.821
22/01/2024 13:45,755.483,1483.379,755.483,5.316,33.778,34.653,1030.831
22/01/2024 13:45,756.533,1483.394,756.533,5.317,33.778,34.651,1030.834
22/01/2024 13:45,757.449,1483.396,757.449,5.316,33.78,34.654,1030.84
22/01/2024 13:45,758.278,1483.437,758.278,5.324,33.78,34.645,1030.836
22/01/2024 13:45,758.987,1483.44,758.987,5.318,33.782,34.653,1030.847
22/01/2024 13:45,759.79,1483.426,759.79,5.314,33.78,34.655,1030.852
22/01/2024 13:45,760.725,1483.426,760.725,5.312,33.778,34.654,1030.856
22/01/2024 13:45,761.815,1483.418,761.815,5.309,33.774,34.652,1030.86
22/01/2024 13:45,763.051,1483.428,763.051,5.305,33.772,34.653,1030.867
22/01/2024 13:45,764.336,1483.424,764.336,5.297,33.768,34.656,1030.876
22/01/2024 13:45,765.553,1483.435,765.553,5.297,33.768,34.656,1030.881
22/01/2024 13:45,766.579,1483.474,766.579,5.297,33.768,34.655,1030.885
22/01/2024 13:45,767.326,1483.471,767.326,5.293,33.77,34.661,1030.894
22/01/2024 13:45,767.999,1483.48,767.999,5.293,33.77,34.661,1030.897
22/01/2024 13:45,768.687,1483.463,768.687,5.295,33.766,34.654,1030.894
22/01/2024 13:45,769.516,1483.464,769.516,5.29,33.764,34.656,1030.901
22/01/2024 13:45,770.531,1483.483,770.531,5.291,33.762,34.652,1030.902
22/01/2024 13:45,771.723,1483.462,771.723,5.28,33.754,34.655,1030.911
22/01/2024 13:45,773.075,1483.441,773.075,5.275,33.748,34.652,1030.916
22/01/2024 13:45,774.379,1483.478,774.379,5.276,33.748,34.651,1030.921
22/01/2024 13:45,775.583,1483.493,775.583,5.27,33.75,34.658,1030.933
22/01/2024 13:45,776.493,1483.512,776.493,5.269,33.752,34.661,1030.939
22/01/2024 13:45,777.167,1483.518,777.167,5.267,33.754,34.665,1030.946
22/01/2024 13:45,777.808,1483.535,777.808,5.27,33.754,34.662,1030.946
22/01/2024 13:45,778.554,1483.523,778.554,5.268,33.752,34.661,1030.949
22/01/2024 13:45,779.438,1483.541,779.438,5.271,33.754,34.66,1030.952
22/01/2024 13:45,780.532,1483.564,780.532,5.276,33.754,34.654,1030.952
22/01/2024 13:45,781.728,1483.581,781.728,5.272,33.754,34.658,1030.96
22/01/2024 13:45,782.992,1483.608,782.992,5.275,33.756,34.657,1030.965
22/01/2024 13:45,784.235,1483.628,784.235,5.266,33.756,34.665,1030.978
22/01/2024 13:45,785.335,1483.645,785.335,5.27,33.758,34.663,1030.981
22/01/2024 13:46,786.306,1483.66,786.306,5.268,33.756,34.662,1030.985
22/01/2024 13:46,787.109,1483.678,787.109,5.27,33.76,34.664,1030.99
22/01/2024 13:46,787.875,1483.687,787.875,5.272,33.756,34.657,1030.988
22/01/2024 13:46,788.728,1483.699,788.728,5.272,33.758,34.659,1030.993
22/01/2024 13:46,789.668,1483.718,789.668,5.272,33.758,34.659,1030.997
22/01/2024 13:46,790.698,1483.737,790.698,5.272,33.758,34.658,1031.001
22/01/2024 13:46,791.831,1483.757,791.831,5.273,33.76,34.659,1031.007
22/01/2024 13:46,792.968,1483.776,792.968,5.272,33.76,34.659,1031.012
22/01/2024 13:46,794.064,1483.792,794.064,5.271,33.76,34.66,1031.018
22/01/2024 13:46,795.022,1483.806,795.022,5.273,33.764,34.662,1031.024
22/01/2024 13:46,795.928,1483.823,795.928,5.269,33.764,34.665,1031.031
22/01/2024 13:46,796.823,1483.841,796.823,5.272,33.766,34.664,1031.034
22/01/2024 13:46,797.772,1483.856,797.772,5.269,33.764,34.664,1031.039
22/01/2024 13:46,798.814,1483.879,798.814,5.277,33.766,34.658,1031.037
22/01/2024 13:46,799.906,1483.896,799.906,5.278,33.766,34.657,1031.041
22/01/2024 13:46,801.011,1483.914,801.011,5.275,33.77,34.664,1031.052
22/01/2024 13:46,802.058,1483.93,802.058,5.275,33.768,34.661,1031.055
22/01/2024 13:46,802.894,1483.924,802.894,5.266,33.762,34.663,1031.061
22/01/2024 13:46,803.64,1483.917,803.64,5.259,33.75,34.656,1031.06
22/01/2024 13:46,804.406,1483.87,804.406,5.246,33.736,34.653,1031.063
22/01/2024 13:46,805.323,1483.832,805.323,5.232,33.728,34.657,1031.072
22/01/2024 13:46,806.422,1483.842,806.422,5.221,33.724,34.663,1031.084
22/01/2024 13:46,807.68,1483.861,807.68,5.221,33.722,34.66,1031.087
22/01/2024 13:46,809.024,1483.858,809.024,5.226,33.722,34.655,1031.088
22/01/2024 13:46,810.308,1483.857,810.308,5.217,33.72,34.661,1031.1
22/01/2024 13:46,811.392,1483.868,811.392,5.218,33.72,34.659,1031.104
22/01/2024 13:46,812.19,1483.869,812.19,5.221,33.72,34.656,1031.104
22/01/2024 13:46,812.773,1483.91,812.773,5.215,33.726,34.668,1031.118
22/01/2024 13:46,813.358,1483.926,813.358,5.22,33.726,34.663,1031.115
22/01/2024 13:46,814.039,1483.882,814.039,5.216,33.72,34.66,1031.117
22/01/2024 13:46,814.954,1483.886,814.954,5.212,33.716,34.659,1031.12
22/01/2024 13:46,816.107,1483.899,816.107,5.209,33.716,34.661,1031.128
22/01/2024 13:46,817.425,1483.92,817.425,5.209,33.718,34.663,1031.135
22/01/2024 13:46,818.797,1483.944,818.797,5.211,33.718,34.66,1031.139
22/01/2024 13:46,820.058,1483.964,820.058,5.207,33.716,34.662,1031.146
22/01/2024 13:46,821.062,1483.975,821.062,5.206,33.72,34.667,1031.155
22/01/2024 13:46,821.913,1483.991,821.913,5.205,33.718,34.665,1031.158
22/01/2024 13:46,822.738,1483.998,822.738,5.208,33.718,34.661,1031.158
22/01/2024 13:46,823.601,1484.014,823.601,5.204,33.716,34.663,1031.164
22/01/2024 13:46,824.566,1484.026,824.566,5.206,33.716,34.66,1031.166
22/01/2024 13:46,825.611,1484.036,825.611,5.202,33.716,34.664,1031.174
22/01/2024 13:46,826.661,1484.049,826.661,5.198,33.716,34.667,1031.182
22/01/2024 13:46,827.686,1484.065,827.686,5.199,33.716,34.666,1031.186
22/01/2024 13:46,828.611,1484.08,828.611,5.198,33.716,34.666,1031.19
22/01/2024 13:46,829.563,1484.093,829.563,5.2,33.716,34.664,1031.192
22/01/2024 13:46,830.501,1484.1,830.501,5.195,33.714,34.666,1031.199
22/01/2024 13:46,831.488,1484.105,831.488,5.194,33.71,34.663,1031.202
22/01/2024 13:46,832.51,1484.106,832.51,5.192,33.708,34.663,1031.206
22/01/2024 13:46,833.625,1484.116,833.625,5.193,33.708,34.661,1031.21
22/01/2024 13:46,834.806,1484.13,834.806,5.189,33.706,34.662,1031.216
22/01/2024 13:46,835.946,1484.145,835.946,5.182,33.704,34.666,1031.226
22/01/2024 13:46,836.956,1484.172,836.956,5.184,33.704,34.664,1031.228
22/01/2024 13:46,837.845,1484.185,837.845,5.179,33.704,34.669,1031.237
22/01/2024 13:46,838.605,1484.19,838.605,5.177,33.702,34.668,1031.24
22/01/2024 13:46,839.386,1484.16,839.386,5.173,33.696,34.665,1031.242
22/01/2024 13:46,840.221,1484.13,840.221,5.163,33.684,34.661,1031.244
22/01/2024 13:46,841.206,1484.134,841.206,5.155,33.678,34.662,1031.25
22/01/2024 13:46,842.376,1484.171,842.376,5.154,33.676,34.66,1031.254
22/01/2024 13:46,843.562,1484.143,843.562,5.151,33.67,34.655,1031.256
22/01/2024 13:46,844.7,1484.105,844.7,5.139,33.666,34.662,1031.268
22/01/2024 13:47,845.762,1484.123,845.762,5.131,33.656,34.658,1031.271
22/01/2024 13:47,846.716,1484.146,846.716,5.135,33.656,34.654,1031.272
22/01/2024 13:47,847.636,1484.125,847.636,5.131,33.656,34.658,1031.279
22/01/2024 13:47,848.552,1484.144,848.552,5.125,33.654,34.661,1031.287
22/01/2024 13:47,849.545,1484.134,849.545,5.125,33.656,34.663,1031.293
22/01/2024 13:47,850.602,1484.14,850.602,5.122,33.652,34.661,1031.296
22/01/2024 13:47,851.652,1484.152,851.652,5.123,33.652,34.659,1031.3
22/01/2024 13:47,852.596,1484.177,852.596,5.12,33.654,34.664,1031.308
22/01/2024 13:47,853.466,1484.174,853.466,5.117,33.652,34.664,1031.313
22/01/2024 13:47,854.297,1484.179,854.297,5.12,33.65,34.659,1031.312
22/01/2024 13:47,855.223,1484.17,855.223,5.118,33.648,34.658,1031.316
22/01/2024 13:47,856.279,1484.21,856.279,5.114,33.648,34.661,1031.324
22/01/2024 13:47,857.459,1484.216,857.459,5.116,33.646,34.656,1031.325
22/01/2024 13:47,858.631,1484.227,858.631,5.106,33.64,34.659,1031.334
22/01/2024 13:47,859.74,1484.212,859.74,5.103,33.638,34.66,1031.34
22/01/2024 13:47,860.752,1484.227,860.752,5.099,33.638,34.664,1031.348
22/01/2024 13:47,861.696,1484.231,861.696,5.098,33.636,34.662,1031.351
22/01/2024 13:47,862.536,1484.25,862.536,5.1,33.638,34.662,1031.355
22/01/2024 13:47,863.349,1484.241,863.349,5.1,33.638,34.662,1031.358
22/01/2024 13:47,864.162,1484.244,864.162,5.099,33.636,34.66,1031.361
22/01/2024 13:47,865.079,1484.251,865.079,5.091,33.634,34.665,1031.37
22/01/2024 13:47,866.123,1484.258,866.123,5.094,33.634,34.662,1031.372
22/01/2024 13:47,867.281,1484.265,867.281,5.089,33.632,34.664,1031.379
22/01/2024 13:47,868.522,1484.284,868.522,5.092,33.634,34.663,1031.384
22/01/2024 13:47,869.737,1484.304,869.737,5.089,33.632,34.663,1031.39
22/01/2024 13:47,870.855,1484.326,870.855,5.09,33.634,34.664,1031.395
22/01/2024 13:47,871.778,1484.348,871.778,5.092,33.636,34.663,1031.399
22/01/2024 13:47,872.588,1484.363,872.588,5.094,33.638,34.663,1031.402
22/01/2024 13:47,873.389,1484.366,873.389,5.091,33.638,34.666,1031.408
22/01/2024 13:47,874.216,1484.398,874.216,5.089,33.64,34.67,1031.416
22/01/2024 13:47,875.147,1484.408,875.147,5.091,33.636,34.663,1031.414
22/01/2024 13:47,876.161,1484.408,876.161,5.09,33.636,34.663,1031.419
22/01/2024 13:47,877.267,1484.416,877.267,5.082,33.634,34.669,1031.429
22/01/2024 13:47,878.334,1484.403,878.334,5.08,33.626,34.661,1031.428
22/01/2024 13:47,879.335,1484.415,879.335,5.069,33.624,34.669,1031.441
22/01/2024 13:47,880.365,1484.419,880.365,5.069,33.622,34.667,1031.444
22/01/2024 13:47,881.426,1484.426,881.426,5.074,33.622,34.661,1031.443
22/01/2024 13:47,882.508,1484.424,882.508,5.071,33.616,34.657,1031.445
22/01/2024 13:47,883.565,1484.448,883.565,5.059,33.614,34.666,1031.459
22/01/2024 13:47,884.629,1484.466,884.629,5.066,33.614,34.658,1031.457
22/01/2024 13:47,885.586,1484.485,885.586,5.063,33.614,34.661,1031.464
22/01/2024 13:47,886.507,1484.494,886.507,5.061,33.616,34.665,1031.471
22/01/2024 13:47,887.455,1484.488,887.455,5.059,33.62,34.671,1031.481
22/01/2024 13:47,888.359,1484.524,888.359,5.062,33.624,34.672,1031.485
22/01/2024 13:47,889.256,1484.553,889.256,5.067,33.628,34.671,1031.488
22/01/2024 13:47,890.185,1484.566,890.185,5.069,33.626,34.666,1031.488
22/01/2024 13:47,891.109,1484.569,891.109,5.058,33.622,34.672,1031.499
22/01/2024 13:47,892.126,1484.557,892.126,5.048,33.616,34.675,1031.507
22/01/2024 13:47,893.251,1484.554,893.251,5.04,33.612,34.678,1031.515
22/01/2024 13:47,894.409,1484.558,894.409,5.04,33.614,34.68,1031.522
22/01/2024 13:47,895.621,1484.589,895.621,5.039,33.614,34.68,1031.528
22/01/2024 13:47,896.779,1484.627,896.779,5.04,33.612,34.676,1031.53
22/01/2024 13:47,897.784,1484.614,897.784,5.041,33.612,34.675,1031.533
22/01/2024 13:47,898.582,1484.643,898.582,5.038,33.612,34.678,1031.539
22/01/2024 13:47,899.308,1484.627,899.308,5.043,33.612,34.672,1031.538
22/01/2024 13:47,900.064,1484.611,900.064,5.039,33.612,34.676,1031.545
22/01/2024 13:47,900.947,1484.613,900.947,5.034,33.61,34.678,1031.551
22/01/2024 13:47,901.953,1484.624,901.953,5.035,33.61,34.677,1031.554
22/01/2024 13:47,903.123,1484.633,903.123,5.029,33.608,34.68,1031.563
22/01/2024 13:47,904.293,1484.642,904.293,5.029,33.612,34.684,1031.571
22/01/2024 13:48,905.49,1484.653,905.49,5.032,33.606,34.673,1031.568
22/01/2024 13:48,906.585,1484.671,906.585,5.029,33.606,34.676,1031.576
22/01/2024 13:48,907.59,1484.689,907.59,5.03,33.606,34.674,1031.579
22/01/2024 13:48,908.524,1484.711,908.524,5.027,33.608,34.679,1031.587
22/01/2024 13:48,909.401,1484.718,909.401,5.022,33.604,34.679,1031.592
22/01/2024 13:48,910.277,1484.727,910.277,5.023,33.61,34.685,1031.6
22/01/2024 13:48,911.104,1484.736,911.104,5.025,33.608,34.68,1031.6
22/01/2024 13:48,911.983,1484.759,911.983,5.02,33.606,34.682,1031.606
22/01/2024 13:48,912.925,1484.778,912.925,5.024,33.606,34.678,1031.607
22/01/2024 13:48,914.024,1484.789,914.024,5.019,33.608,34.685,1031.618
22/01/2024 13:48,915.219,1484.802,915.219,5.022,33.606,34.679,1031.618
22/01/2024 13:48,916.493,1484.823,916.493,5.018,33.606,34.682,1031.627
22/01/2024 13:48,917.747,1484.842,917.747,5.019,33.606,34.681,1031.631
22/01/2024 13:48,918.751,1484.841,918.751,5.019,33.606,34.68,1031.636
22/01/2024 13:48,919.436,1484.861,919.436,5.017,33.608,34.684,1031.642
22/01/2024 13:48,919.97,1484.882,919.97,5.022,33.612,34.683,1031.643
22/01/2024 13:48,920.543,1484.888,920.543,5.031,33.616,34.678,1031.641
22/01/2024 13:48,921.066,1484.907,921.066,5.021,33.614,34.686,1031.65
22/01/2024 13:48,921.703,1484.887,921.703,5.022,33.61,34.68,1031.649
22/01/2024 13:48,922.455,1484.887,922.455,5.017,33.606,34.68,1031.653
22/01/2024 13:48,923.264,1484.899,923.264,5.019,33.608,34.68,1031.656
22/01/2024 13:48,924.124,1484.914,924.124,5.017,33.608,34.682,1031.662
22/01/2024 13:48,924.926,1484.927,924.926,5.02,33.608,34.678,1031.662
22/01/2024 13:48,925.691,1484.94,925.691,5.017,33.61,34.683,1031.67
22/01/2024 13:48,926.415,1484.948,926.415,5.014,33.608,34.685,1031.675
22/01/2024 13:48,927.082,1484.956,927.082,5.017,33.608,34.68,1031.674
22/01/2024 13:48,927.656,1484.963,927.656,5.014,33.606,34.682,1031.678
22/01/2024 13:48,928.212,1484.972,928.212,5.014,33.608,34.684,1031.682
22/01/2024 13:48,928.699,1484.985,928.699,5.013,33.608,34.685,1031.685
22/01/2024 13:48,929.235,1484.988,929.235,5.014,33.608,34.683,1031.687
22/01/2024 13:48,929.867,1484.99,929.867,5.012,33.606,34.683,1031.689
22/01/2024 13:48,930.592,1485.003,930.592,5.012,33.606,34.682,1031.692
22/01/2024 13:48,931.269,1485.01,931.269,5.011,33.606,34.683,1031.696
22/01/2024 13:48,931.906,1485.024,931.906,5.012,33.608,34.684,1031.7
22/01/2024 13:48,932.367,1485.031,932.367,5.012,33.608,34.684,1031.701
22/01/2024 13:48,932.75,1485.037,932.75,5.01,33.61,34.688,1031.707
22/01/2024 13:48,933.03,1485.037,933.03,5.01,33.608,34.686,1031.706
22/01/2024 13:48,933.426,1485.055,933.426,5.012,33.608,34.683,1031.706
22/01/2024 13:48,933.966,1485.068,933.966,5.011,33.61,34.686,1031.711
22/01/2024 13:48,934.539,1485.062,934.539,5.01,33.608,34.685,1031.712
22/01/2024 13:48,935.093,1485.066,935.093,5.015,33.608,34.679,1031.71
22/01/2024 13:48,935.655,1485.076,935.655,5.013,33.608,34.681,1031.714
22/01/2024 13:48,936.228,1485.086,936.228,5.01,33.608,34.684,1031.719
22/01/2024 13:48,936.787,1485.096,936.787,5.011,33.608,34.683,1031.721
22/01/2024 13:48,937.287,1485.108,937.287,5.011,33.608,34.682,1031.723
22/01/2024 13:48,937.82,1485.115,937.82,5.008,33.608,34.685,1031.728
22/01/2024 13:48,938.383,1485.098,938.383,5,33.596,34.679,1031.727
22/01/2024 13:48,938.94,1485.05,938.94,4.99,33.588,34.68,1031.731
22/01/2024 13:48,939.47,1485.058,939.47,4.982,33.582,34.681,1031.736
22/01/2024 13:48,939.971,1485.113,939.971,4.98,33.582,34.683,1031.74
22/01/2024 13:48,940.455,1485.074,940.455,4.982,33.586,34.685,1031.743
22/01/2024 13:48,940.87,1485.06,940.87,4.977,33.582,34.685,1031.746
22/01/2024 13:48,941.25,1485.053,941.25,4.977,33.58,34.683,1031.746
22/01/2024 13:48,941.62,1485.019,941.62,4.972,33.578,34.686,1031.75
22/01/2024 13:48,941.983,1485.024,941.983,4.967,33.578,34.69,1031.756
22/01/2024 13:48,942.469,1485.039,942.469,4.967,33.578,34.69,1031.759
22/01/2024 13:48,943.095,1485.019,943.095,4.968,33.576,34.687,1031.758
22/01/2024 13:48,943.847,1485.029,943.847,4.971,33.572,34.679,1031.755
22/01/2024 13:48,944.564,1485.03,944.564,4.96,33.57,34.687,1031.767
22/01/2024 13:48,945.135,1485.031,945.135,4.959,33.568,34.686,1031.768
22/01/2024 13:49,945.542,1485.043,945.542,4.953,33.568,34.692,1031.775
22/01/2024 13:49,945.784,1485.044,945.784,4.957,33.572,34.692,1031.776
22/01/2024 13:49,946.074,1485.093,946.074,4.972,33.588,34.695,1031.778
22/01/2024 13:49,946.471,1485.03,946.471,4.968,33.57,34.678,1031.767
22/01/2024 13:49,946.971,1485.019,946.971,4.954,33.568,34.69,1031.78
22/01/2024 13:49,947.582,1485.01,947.582,4.952,33.56,34.682,1031.778
22/01/2024 13:49,948.201,1485.007,948.201,4.94,33.56,34.694,1031.791
22/01/2024 13:49,948.623,1484.951,948.623,4.932,33.544,34.684,1031.786
22/01/2024 13:49,949.014,1484.936,949.014,4.914,33.542,34.701,1031.804
22/01/2024 13:49,949.366,1484.899,949.366,4.904,33.538,34.706,1031.811
22/01/2024 13:49,949.811,1484.892,949.811,4.9,33.534,34.705,1031.813
22/01/2024 13:49,950.292,1484.861,950.292,4.894,33.532,34.709,1031.819
22/01/2024 13:49,950.865,1484.859,950.865,4.891,33.528,34.707,1031.82
22/01/2024 13:49,951.486,1484.878,951.486,4.884,33.526,34.712,1031.828
22/01/2024 13:49,952.077,1484.865,952.077,4.876,33.518,34.71,1031.83
22/01/2024 13:49,952.615,1484.904,952.615,4.871,33.518,34.715,1031.837
22/01/2024 13:49,953.115,1484.908,953.115,4.871,33.516,34.713,1031.838
22/01/2024 13:49,953.543,1484.815,953.543,4.862,33.512,34.717,1031.844
22/01/2024 13:49,953.906,1484.791,953.906,4.856,33.508,34.718,1031.848
22/01/2024 13:49,954.282,1484.907,954.282,4.853,33.51,34.724,1031.854
22/01/2024 13:49,954.747,1484.876,954.747,4.853,33.512,34.726,1031.858
22/01/2024 13:49,955.258,1484.808,955.258,4.861,33.508,34.713,1031.849
22/01/2024 13:49,955.886,1484.818,955.886,4.856,33.508,34.717,1031.856
22/01/2024 13:49,956.604,1484.814,956.604,4.851,33.504,34.718,1031.86
22/01/2024 13:49,957.336,1484.824,957.336,4.844,33.502,34.722,1031.868
22/01/2024 13:49,957.93,1484.825,957.93,4.843,33.502,34.723,1031.871
22/01/2024 13:49,958.356,1484.822,958.356,4.847,33.502,34.719,1031.869
22/01/2024 13:49,958.7,1484.852,958.7,4.844,33.512,34.733,1031.883
22/01/2024 13:49,958.983,1484.841,958.983,4.847,33.512,34.73,1031.881
22/01/2024 13:49,959.325,1484.872,959.325,4.843,33.508,34.729,1031.883
22/01/2024 13:49,959.798,1484.817,959.798,4.849,33.508,34.723,1031.879
22/01/2024 13:49,960.34,1484.753,960.34,4.835,33.486,34.712,1031.875
22/01/2024 13:49,960.958,1484.747,960.958,4.81,33.48,34.731,1031.896
22/01/2024 13:49,961.523,1484.74,961.523,4.806,33.478,34.732,1031.9
22/01/2024 13:49,962.094,1484.74,962.094,4.806,33.478,34.732,1031.903
22/01/2024 13:49,962.659,1484.735,962.659,4.796,33.476,34.74,1031.912
22/01/2024 13:49,963.192,1484.751,963.192,4.795,33.476,34.74,1031.916
22/01/2024 13:49,963.662,1484.772,963.662,4.794,33.476,34.741,1031.919
22/01/2024 13:49,964.05,1484.814,964.05,4.797,33.476,34.738,1031.917
22/01/2024 13:49,964.455,1484.819,964.455,4.801,33.48,34.738,1031.919
22/01/2024 13:49,964.799,1484.818,964.799,4.802,33.482,34.739,1031.921
22/01/2024 13:49,965.167,1484.819,965.167,4.8,33.48,34.739,1031.923
22/01/2024 13:49,965.619,1484.786,965.619,4.798,33.476,34.736,1031.923
22/01/2024 13:49,966.2,1484.718,966.2,4.79,33.468,34.735,1031.926
22/01/2024 13:49,966.831,1484.702,966.831,4.779,33.462,34.739,1031.933
22/01/2024 13:49,967.463,1484.699,967.463,4.773,33.46,34.742,1031.94
22/01/2024 13:49,968.006,1484.695,968.006,4.77,33.456,34.74,1031.941
22/01/2024 13:49,968.47,1484.709,968.47,4.763,33.456,34.747,1031.949
22/01/2024 13:49,968.813,1484.719,968.813,4.76,33.458,34.753,1031.956
22/01/2024 13:49,969.152,1484.745,969.152,4.757,33.458,34.756,1031.96
22/01/2024 13:49,969.495,1484.72,969.495,4.761,33.456,34.749,1031.956
22/01/2024 13:49,969.916,1484.717,969.916,4.758,33.454,34.75,1031.958
22/01/2024 13:49,970.393,1484.707,970.393,4.75,33.448,34.751,1031.962
22/01/2024 13:49,970.97,1484.651,970.97,4.747,33.444,34.75,1031.965
22/01/2024 13:49,971.538,1484.664,971.538,4.74,33.444,34.757,1031.974
22/01/2024 13:49,972.133,1484.7,972.133,4.744,33.444,34.752,1031.973
22/01/2024 13:49,972.722,1484.736,972.722,4.748,33.444,34.748,1031.971
22/01/2024 13:49,973.235,1484.711,973.235,4.743,33.442,34.75,1031.976
22/01/2024 13:49,973.731,1484.727,973.731,4.743,33.44,34.748,1031.977
22/01/2024 13:49,974.228,1484.709,974.228,4.737,33.44,34.754,1031.984
22/01/2024 13:50,974.713,1484.707,974.713,4.739,33.44,34.751,1031.984
22/01/2024 13:50,975.277,1484.689,975.277,4.735,33.436,34.751,1031.987
22/01/2024 13:50,975.871,1484.677,975.871,4.73,33.434,34.753,1031.992
22/01/2024 13:50,976.478,1484.672,976.478,4.723,33.434,34.76,1032.001
22/01/2024 13:50,977.031,1484.683,977.031,4.721,33.434,34.762,1032.006
22/01/2024 13:50,977.518,1484.716,977.518,4.721,33.436,34.764,1032.009
22/01/2024 13:50,978.011,1484.725,978.011,4.722,33.434,34.76,1032.009
22/01/2024 13:50,978.455,1484.73,978.455,4.718,33.434,34.764,1032.014
22/01/2024 13:50,978.946,1484.712,978.946,4.721,33.434,34.761,1032.013
22/01/2024 13:50,979.447,1484.711,979.447,4.724,33.434,34.758,1032.013
22/01/2024 13:50,980.007,1484.703,980.007,4.715,33.434,34.767,1032.024
22/01/2024 13:50,980.555,1484.723,980.555,4.716,33.434,34.765,1032.025
22/01/2024 13:50,981.105,1484.727,981.105,4.724,33.434,34.757,1032.02
22/01/2024 13:50,981.643,1484.738,981.643,4.717,33.434,34.764,1032.028
22/01/2024 13:50,982.122,1484.75,982.122,4.718,33.434,34.762,1032.029
22/01/2024 13:50,982.525,1484.777,982.525,4.716,33.436,34.767,1032.035
22/01/2024 13:50,982.898,1484.798,982.898,4.718,33.436,34.764,1032.035
22/01/2024 13:50,983.259,1484.792,983.259,4.719,33.436,34.763,1032.035
22/01/2024 13:50,983.507,1484.783,983.507,4.717,33.436,34.765,1032.038
22/01/2024 13:50,983.774,1484.771,983.774,4.721,33.436,34.761,1032.035
22/01/2024 13:50,984.159,1484.866,984.159,4.716,33.44,34.77,1032.045
22/01/2024 13:50,984.429,1484.796,984.429,4.736,33.452,34.764,1032.038
22/01/2024 13:50,984.728,1484.79,984.728,4.738,33.442,34.75,1032.029
22/01/2024 13:50,984.974,1484.784,984.974,4.727,33.44,34.759,1032.038
22/01/2024 13:50,985.227,1484.793,985.227,4.725,33.436,34.756,1032.038
22/01/2024 13:50,985.493,1484.777,985.493,4.718,33.438,34.765,1032.047
22/01/2024 13:50,985.735,1484.78,985.735,4.713,33.438,34.77,1032.053
22/01/2024 13:50,985.953,1484.784,985.953,4.714,33.438,34.769,1032.053
22/01/2024 13:50,986.21,1484.788,986.21,4.717,33.436,34.764,1032.049
22/01/2024 13:50,986.524,1484.796,986.524,4.718,33.436,34.763,1032.05
22/01/2024 13:50,986.844,1484.801,986.844,4.716,33.438,34.767,1032.055
22/01/2024 13:50,987.164,1484.802,987.164,4.717,33.436,34.763,1032.053
22/01/2024 13:50,987.486,1484.808,987.486,4.716,33.436,34.764,1032.055
22/01/2024 13:50,987.532,1484.811,987.532,4.715,33.438,34.767,1032.058
22/01/2024 13:50,987.545,1484.819,987.545,4.715,33.44,34.77,1032.06
22/01/2024 13:50,987.655,1484.821,987.655,4.716,33.44,34.769,1032.06
22/01/2024 13:50,987.621,1484.83,987.621,4.718,33.442,34.769,1032.06
22/01/2024 13:50,987.547,1484.842,987.547,4.722,33.448,34.772,1032.061
22/01/2024 13:50,987.488,1484.857,987.488,4.72,33.452,34.778,1032.066
22/01/2024 13:50,987.458,1484.855,987.458,4.725,33.454,34.776,1032.063
22/01/2024 13:50,987.424,1484.853,987.424,4.718,33.452,34.781,1032.068
22/01/2024 13:50,987.39,1484.848,987.39,4.727,33.454,34.774,1032.061
22/01/2024 13:50,987.348,1484.869,987.348,4.727,33.454,34.774,1032.061
22/01/2024 13:50,987.363,1484.863,987.363,4.729,33.452,34.769,1032.057
22/01/2024 13:50,987.362,1484.871,987.362,4.724,33.448,34.77,1032.058
22/01/2024 13:50,987.43,1484.864,987.43,4.728,33.452,34.77,1032.058
22/01/2024 13:50,987.498,1484.874,987.498,4.731,33.452,34.767,1032.056
22/01/2024 13:50,987.586,1484.877,987.586,4.729,33.454,34.772,1032.06
22/01/2024 13:50,987.629,1484.873,987.629,4.727,33.454,34.774,1032.062
22/01/2024 13:50,987.615,1484.876,987.615,4.726,33.456,34.777,1032.065
22/01/2024 13:50,987.511,1484.874,987.511,4.733,33.458,34.772,1032.06
22/01/2024 13:50,987.442,1484.875,987.442,4.734,33.458,34.771,1032.058
22/01/2024 13:50,987.317,1484.877,987.317,4.735,33.46,34.772,1032.059
22/01/2024 13:50,987.228,1484.869,987.228,4.734,33.46,34.773,1032.059
22/01/2024 13:50,987.25,1484.864,987.25,4.724,33.46,34.784,1032.069
22/01/2024 13:50,987.325,1484.869,987.325,4.73,33.454,34.771,1032.058
22/01/2024 13:50,987.482,1484.872,987.482,4.728,33.452,34.77,1032.059
22/01/2024 13:50,987.61,1484.868,987.61,4.722,33.448,34.772,1032.061
22/01/2024 13:50,987.661,1484.832,987.661,4.728,33.452,34.77,1032.059
22/01/2024 13:50,987.675,1484.844,987.675,4.725,33.444,34.764,1032.055
22/01/2024 13:51,987.617,1484.852,987.617,4.724,33.448,34.77,1032.059
22/01/2024 13:51,987.508,1484.864,987.508,4.726,33.454,34.775,1032.063
22/01/2024 13:51,987.396,1484.874,987.396,4.732,33.456,34.771,1032.058
22/01/2024 13:51,987.347,1484.889,987.347,4.73,33.458,34.775,1032.062
22/01/2024 13:51,987.285,1484.888,987.285,4.732,33.46,34.776,1032.061
22/01/2024 13:51,987.266,1484.878,987.266,4.735,33.46,34.772,1032.058
22/01/2024 13:51,987.231,1484.888,987.231,4.728,33.462,34.782,1032.067
22/01/2024 13:51,987.277,1484.88,987.277,4.733,33.462,34.777,1032.062
22/01/2024 13:51,987.435,1484.874,987.435,4.735,33.462,34.775,1032.061
22/01/2024 13:51,987.587,1484.868,987.587,4.722,33.46,34.786,1032.072
22/01/2024 13:51,987.711,1484.864,987.711,4.725,33.452,34.773,1032.062
22/01/2024 13:51,987.716,1484.871,987.716,4.727,33.452,34.771,1032.061
22/01/2024 13:51,987.676,1484.875,987.676,4.729,33.456,34.774,1032.062
22/01/2024 13:51,987.574,1484.881,987.574,4.732,33.46,34.775,1032.063
22/01/2024 13:51,987.427,1484.879,987.427,4.729,33.458,34.776,1032.063
22/01/2024 13:51,987.31,1484.885,987.31,4.727,33.46,34.781,1032.066
22/01/2024 13:51,987.236,1484.89,987.236,4.737,33.458,34.768,1032.055
22/01/2024 13:51,987.312,1484.895,987.312,4.738,33.462,34.772,1032.058
22/01/2024 13:51,987.33,1484.89,987.33,4.739,33.458,34.766,1032.053
22/01/2024 13:51,987.376,1484.889,987.376,4.733,33.46,34.774,1032.061
22/01/2024 13:51,987.374,1484.894,987.374,4.733,33.458,34.772,1032.059
22/01/2024 13:51,987.389,1484.891,987.389,4.729,33.46,34.779,1032.065
22/01/2024 13:51,987.488,1484.892,987.488,4.737,33.458,34.768,1032.056
22/01/2024 13:51,987.605,1484.888,987.605,4.734,33.458,34.771,1032.059
22/01/2024 13:51,987.715,1484.891,987.715,4.739,33.458,34.766,1032.055
22/01/2024 13:51,987.769,1484.887,987.769,4.729,33.458,34.776,1032.064
22/01/2024 13:51,987.674,1484.895,987.674,4.73,33.46,34.777,1032.065
22/01/2024 13:51,987.5,1484.901,987.5,4.728,33.46,34.78,1032.066
22/01/2024 13:51,987.325,1484.897,987.325,4.733,33.46,34.774,1032.061
22/01/2024 13:51,987.184,1484.902,987.184,4.741,33.462,34.769,1032.054
22/01/2024 13:51,987.131,1484.908,987.131,4.738,33.46,34.769,1032.055
22/01/2024 13:51,987.229,1484.899,987.229,4.743,33.46,34.764,1032.051
22/01/2024 13:51,987.433,1484.907,987.433,4.735,33.46,34.772,1032.059
22/01/2024 13:51,987.589,1484.887,987.589,4.738,33.458,34.767,1032.055
22/01/2024 13:51,987.584,1484.89,987.584,4.735,33.456,34.768,1032.056
22/01/2024 13:51,987.57,1484.891,987.57,4.737,33.458,34.768,1032.056
22/01/2024 13:51,987.516,1484.889,987.516,4.74,33.46,34.767,1032.055
22/01/2024 13:51,987.47,1484.888,987.47,4.739,33.46,34.768,1032.056
22/01/2024 13:51,987.463,1484.885,987.463,4.737,33.46,34.77,1032.057
22/01/2024 13:51,987.446,1484.89,987.446,4.735,33.46,34.772,1032.059
22/01/2024 13:51,987.479,1484.89,987.479,4.732,33.458,34.773,1032.06
22/01/2024 13:51,987.476,1484.893,987.476,4.741,33.456,34.762,1032.05
22/01/2024 13:51,987.521,1484.891,987.521,4.734,33.456,34.769,1032.057
22/01/2024 13:51,987.501,1484.888,987.501,4.733,33.458,34.772,1032.06
22/01/2024 13:51,987.448,1484.872,987.448,4.732,33.458,34.773,1032.06
22/01/2024 13:51,987.435,1484.872,987.435,4.729,33.46,34.779,1032.065
22/01/2024 13:51,987.399,1484.873,987.399,4.737,33.456,34.766,1032.054
22/01/2024 13:51,987.448,1484.874,987.448,4.734,33.458,34.771,1032.058
22/01/2024 13:51,987.447,1484.874,987.447,4.731,33.458,34.774,1032.061
22/01/2024 13:51,987.464,1484.875,987.464,4.731,33.458,34.774,1032.061
22/01/2024 13:51,987.439,1484.872,987.439,4.731,33.456,34.772,1032.059
22/01/2024 13:51,987.419,1484.873,987.419,4.73,33.456,34.773,1032.06
22/01/2024 13:51,987.434,1484.868,987.434,4.733,33.456,34.77,1032.057
22/01/2024 13:51,987.434,1484.873,987.434,4.729,33.458,34.776,1032.063
22/01/2024 13:51,987.474,1484.875,987.474,4.731,33.458,34.774,1032.061
22/01/2024 13:51,987.512,1484.877,987.512,4.735,33.458,34.77,1032.058
22/01/2024 13:51,987.571,1484.881,987.571,4.732,33.458,34.773,1032.061
22/01/2024 13:51,987.569,1484.881,987.569,4.729,33.458,34.776,1032.064
22/01/2024 13:51,987.542,1484.874,987.542,4.735,33.458,34.77,1032.058
22/01/2024 13:51,987.516,1484.87,987.516,4.727,33.458,34.778,1032.065
22/01/2024 13:52,987.437,1484.872,987.437,4.725,33.458,34.78,1032.067
22/01/2024 13:52,987.378,1484.878,987.378,4.728,33.46,34.78,1032.066
22/01/2024 13:52,987.323,1484.887,987.323,4.737,33.458,34.768,1032.055
22/01/2024 13:52,987.267,1484.883,987.267,4.735,33.458,34.77,1032.057
22/01/2024 13:52,987.314,1484.876,987.314,4.734,33.458,34.771,1032.058
22/01/2024 13:52,987.424,1484.871,987.424,4.732,33.456,34.771,1032.058
22/01/2024 13:52,987.546,1484.869,987.546,4.727,33.456,34.776,1032.064
22/01/2024 13:52,987.627,1484.863,987.627,4.731,33.454,34.769,1032.058
22/01/2024 13:52,987.652,1484.854,987.652,4.728,33.448,34.766,1032.056
22/01/2024 13:52,987.591,1484.847,987.591,4.726,33.448,34.768,1032.057
22/01/2024 13:52,987.537,1484.854,987.537,4.72,33.452,34.778,1032.066
22/01/2024 13:52,987.426,1484.857,987.426,4.722,33.456,34.781,1032.068
22/01/2024 13:52,987.374,1484.88,987.374,4.73,33.458,34.775,1032.062
22/01/2024 13:52,987.309,1484.876,987.309,4.728,33.458,34.777,1032.063
22/01/2024 13:52,987.333,1484.87,987.333,4.725,33.458,34.78,1032.066
22/01/2024 13:52,987.416,1484.872,987.416,4.731,33.456,34.772,1032.059
22/01/2024 13:52,987.536,1484.866,987.536,4.727,33.454,34.774,1032.062
22/01/2024 13:52,987.556,1484.862,987.556,4.729,33.452,34.769,1032.058
22/01/2024 13:52,987.543,1484.841,987.543,4.725,33.448,34.769,1032.058
22/01/2024 13:52,987.466,1484.846,987.466,4.719,33.452,34.78,1032.067
22/01/2024 13:52,987.374,1484.831,987.374,4.726,33.452,34.772,1032.06
22/01/2024 13:52,987.362,1484.829,987.362,4.728,33.452,34.77,1032.058
22/01/2024 13:52,987.383,1484.862,987.383,4.731,33.454,34.77,1032.057
22/01/2024 13:52,987.43,1484.854,987.43,4.736,33.456,34.767,1032.055
22/01/2024 13:52,987.52,1484.839,987.52,4.735,33.448,34.758,1032.049
22/01/2024 13:52,987.541,1484.849,987.541,4.729,33.444,34.76,1032.051
22/01/2024 13:52,987.596,1484.819,987.596,4.715,33.442,34.772,1032.062
22/01/2024 13:52,987.594,1484.811,987.594,4.719,33.442,34.768,1032.059
22/01/2024 13:52,987.547,1484.812,987.547,4.714,33.44,34.771,1032.061
22/01/2024 13:52,987.417,1484.813,987.417,4.716,33.444,34.773,1032.062
22/01/2024 13:52,987.309,1484.82,987.309,4.71,33.448,34.784,1032.071
22/01/2024 13:52,987.21,1484.82,987.21,4.71,33.454,34.791,1032.076
22/01/2024 13:52,987.242,1484.868,987.242,4.727,33.454,34.774,1032.06
22/01/2024 13:52,987.343,1484.834,987.343,4.729,33.454,34.772,1032.059
22/01/2024 13:52,987.455,1484.84,987.455,4.721,33.448,34.773,1032.062
22/01/2024 13:52,987.585,1484.835,987.585,4.724,33.446,34.767,1032.057
22/01/2024 13:52,987.663,1484.845,987.663,4.722,33.442,34.765,1032.056
22/01/2024 13:52,987.704,1484.845,987.704,4.722,33.444,34.767,1032.058
22/01/2024 13:52,987.682,1484.812,987.682,4.711,33.444,34.778,1032.068
22/01/2024 13:52,987.565,1484.817,987.565,4.716,33.446,34.776,1032.065
22/01/2024 13:52,987.399,1484.833,987.399,4.72,33.448,34.774,1032.062
22/01/2024 13:52,987.299,1484.863,987.299,4.713,33.452,34.786,1032.072
22/01/2024 13:52,987.281,1484.854,987.281,4.723,33.454,34.778,1032.064
22/01/2024 13:52,987.283,1484.853,987.283,4.727,33.454,34.774,1032.061
22/01/2024 13:52,987.357,1484.842,987.357,4.718,33.452,34.781,1032.068
22/01/2024 13:52,987.417,1484.836,987.417,4.723,33.448,34.771,1032.06
22/01/2024 13:52,987.495,1484.836,987.495,4.718,33.446,34.774,1032.063
22/01/2024 13:52,987.498,1484.831,987.498,4.725,33.444,34.764,1032.054
22/01/2024 13:52,987.468,1484.817,987.468,4.721,33.444,34.768,1032.058
22/01/2024 13:52,987.45,1484.821,987.45,4.718,33.444,34.771,1032.061
22/01/2024 13:52,987.497,1484.82,987.497,4.713,33.444,34.776,1032.066
22/01/2024 13:52,987.49,1484.833,987.49,4.715,33.444,34.774,1032.064
22/01/2024 13:52,987.539,1484.834,987.539,4.716,33.444,34.773,1032.063
22/01/2024 13:52,987.57,1484.83,987.57,4.716,33.444,34.773,1032.063
22/01/2024 13:52,987.569,1484.822,987.569,4.72,33.444,34.769,1032.059
22/01/2024 13:52,987.499,1484.832,987.499,4.716,33.444,34.773,1032.063
22/01/2024 13:52,987.375,1484.834,987.375,4.724,33.446,34.767,1032.057
22/01/2024 13:52,987.302,1484.836,987.302,4.727,33.454,34.774,1032.061
22/01/2024 13:52,987.261,1484.845,987.261,4.719,33.456,34.784,1032.07
22/01/2024 13:52,987.386,1484.841,987.386,4.729,33.454,34.772,1032.059
22/01/2024 13:53,987.507,1484.838,987.507,4.727,33.446,34.764,1032.054
22/01/2024 13:53,987.544,1484.836,987.544,4.725,33.444,34.764,1032.055
22/01/2024 13:53,987.531,1484.828,987.531,4.722,33.444,34.767,1032.057
22/01/2024 13:53,987.463,1484.836,987.463,4.717,33.446,34.775,1032.064
22/01/2024 13:53,987.373,1484.841,987.373,4.722,33.446,34.77,1032.058
22/01/2024 13:53,987.31,1484.841,987.31,4.728,33.452,34.77,1032.058
22/01/2024 13:53,987.372,1484.84,987.372,4.722,33.454,34.779,1032.066
22/01/2024 13:53,987.45,1484.84,987.45,4.722,33.452,34.776,1032.064
22/01/2024 13:53,987.589,1484.846,987.589,4.723,33.446,34.768,1032.058
22/01/2024 13:53,987.674,1484.852,987.674,4.728,33.448,34.766,1032.056
22/01/2024 13:53,987.73,1484.849,987.73,4.725,33.448,34.769,1032.059
22/01/2024 13:53,987.584,1484.842,987.584,4.725,33.452,34.773,1032.062
22/01/2024 13:53,987.407,1484.843,987.407,4.725,33.452,34.773,1032.061
22/01/2024 13:53,987.227,1484.866,987.227,4.73,33.454,34.771,1032.058
22/01/2024 13:53,987.139,1484.922,987.139,4.727,33.462,34.783,1032.067
22/01/2024 13:53,987.172,1484.9,987.172,4.75,33.464,34.762,1032.048
22/01/2024 13:53,987.298,1484.871,987.298,4.734,33.456,34.769,1032.056
22/01/2024 13:53,987.482,1484.871,987.482,4.722,33.454,34.779,1032.066
22/01/2024 13:53,987.685,1484.873,987.685,4.734,33.454,34.766,1032.056
22/01/2024 13:53,987.791,1484.874,987.791,4.729,33.454,34.771,1032.061
22/01/2024 13:53,987.77,1484.87,987.77,4.727,33.454,34.773,1032.063
22/01/2024 13:53,987.611,1484.871,987.611,4.725,33.456,34.778,1032.066
22/01/2024 13:53,987.424,1484.891,987.424,4.724,33.458,34.781,1032.068
22/01/2024 13:53,987.29,1484.895,987.29,4.733,33.46,34.774,1032.06
22/01/2024 13:53,987.175,1484.938,987.175,4.729,33.46,34.779,1032.064
22/01/2024 13:53,987.173,1484.918,987.173,4.748,33.464,34.764,1032.05
22/01/2024 13:53,987.267,1484.923,987.267,4.745,33.46,34.762,1032.049
22/01/2024 13:53,987.412,1484.913,987.412,4.732,33.46,34.775,1032.062
22/01/2024 13:53,987.528,1484.901,987.528,4.746,33.462,34.763,1032.051
22/01/2024 13:53,987.639,1484.89,987.639,4.739,33.462,34.77,1032.058
22/01/2024 13:53,987.657,1484.903,987.657,4.734,33.46,34.773,1032.061
22/01/2024 13:53,987.608,1484.926,987.608,4.74,33.462,34.769,1032.057
22/01/2024 13:53,987.519,1484.919,987.519,4.741,33.458,34.764,1032.052
22/01/2024 13:53,987.427,1484.925,987.427,4.734,33.46,34.773,1032.06
22/01/2024 13:53,987.338,1484.92,987.338,4.742,33.462,34.768,1032.054
22/01/2024 13:53,987.273,1484.915,987.273,4.741,33.462,34.769,1032.055
22/01/2024 13:53,987.325,1484.91,987.325,4.734,33.462,34.776,1032.061
22/01/2024 13:53,987.385,1484.912,987.385,4.741,33.462,34.769,1032.055
22/01/2024 13:53,987.481,1484.907,987.481,4.736,33.46,34.771,1032.058
22/01/2024 13:53,987.558,1484.906,987.558,4.733,33.462,34.777,1032.063
22/01/2024 13:53,987.571,1484.911,987.571,4.737,33.46,34.77,1032.058
22/01/2024 13:53,987.522,1484.913,987.522,4.742,33.462,34.767,1032.055
22/01/2024 13:53,987.485,1484.917,987.485,4.743,33.462,34.766,1032.054
22/01/2024 13:53,987.426,1484.917,987.426,4.744,33.462,34.765,1032.053
22/01/2024 13:53,987.442,1484.916,987.442,4.735,33.462,34.775,1032.061
22/01/2024 13:53,987.439,1484.915,987.439,4.743,33.46,34.764,1032.052
22/01/2024 13:53,987.362,1484.908,987.362,4.738,33.46,34.769,1032.056
22/01/2024 13:53,987.38,1484.904,987.38,4.735,33.462,34.775,1032.061
22/01/2024 13:53,987.381,1484.912,987.381,4.745,33.46,34.762,1032.05
22/01/2024 13:53,987.399,1484.909,987.399,4.745,33.462,34.764,1032.051
22/01/2024 13:53,987.428,1484.905,987.428,4.736,33.462,34.774,1032.06
22/01/2024 13:53,987.474,1484.909,987.474,4.743,33.462,34.766,1032.054
22/01/2024 13:53,987.523,1484.913,987.523,4.741,33.462,34.768,1032.056
22/01/2024 13:53,987.585,1484.912,987.585,4.734,33.464,34.778,1032.064
22/01/2024 13:53,987.645,1484.898,987.645,4.738,33.462,34.771,1032.059
22/01/2024 13:53,987.647,1484.887,987.647,4.744,33.462,34.765,1032.053
22/01/2024 13:53,987.546,1484.894,987.546,4.74,33.462,34.769,1032.057
22/01/2024 13:53,987.394,1484.91,987.394,4.743,33.462,34.766,1032.053
22/01/2024 13:53,987.248,1484.91,987.248,4.743,33.462,34.767,1032.053
22/01/2024 13:53,987.169,1484.889,987.169,4.742,33.46,34.765,1032.051
22/01/2024 13:54,987.188,1484.888,987.188,4.736,33.456,34.767,1032.054
22/01/2024 13:54,987.337,1484.899,987.337,4.733,33.46,34.774,1032.061
22/01/2024 13:54,987.51,1484.897,987.51,4.743,33.46,34.764,1032.052
22/01/2024 13:54,987.667,1484.899,987.667,4.736,33.458,34.769,1032.057
22/01/2024 13:54,987.703,1484.899,987.703,4.734,33.458,34.771,1032.059
22/01/2024 13:54,987.664,1484.9,987.664,4.736,33.458,34.769,1032.057
22/01/2024 13:54,987.524,1484.897,987.524,4.737,33.46,34.77,1032.058
22/01/2024 13:54,987.375,1484.899,987.375,4.744,33.46,34.763,1032.05
22/01/2024 13:54,987.31,1484.9,987.31,4.74,33.46,34.767,1032.054
22/01/2024 13:54,987.299,1484.904,987.299,4.742,33.462,34.768,1032.054
22/01/2024 13:54,987.369,1484.911,987.369,4.737,33.462,34.773,1032.059
22/01/2024 13:54,987.428,1484.915,987.428,4.737,33.462,34.773,1032.059
22/01/2024 13:54,987.51,1484.905,987.51,4.748,33.46,34.759,1032.047
22/01/2024 13:54,987.505,1484.901,987.505,4.736,33.46,34.771,1032.059
22/01/2024 13:54,987.446,1484.902,987.446,4.743,33.46,34.764,1032.052
22/01/2024 13:54,987.416,1484.906,987.416,4.734,33.462,34.776,1032.062
22/01/2024 13:54,987.445,1484.912,987.445,4.732,33.46,34.775,1032.062
22/01/2024 13:54,987.467,1484.916,987.467,4.733,33.46,34.774,1032.061
22/01/2024 13:54,987.474,1484.922,987.474,4.744,33.46,34.763,1032.051
22/01/2024 13:54,987.528,1484.919,987.528,4.738,33.46,34.769,1032.057
22/01/2024 13:54,987.565,1484.919,987.565,4.742,33.462,34.767,1032.055
22/01/2024 13:54,987.56,1484.918,987.56,4.743,33.464,34.769,1032.056
22/01/2024 13:54,987.498,1484.931,987.498,4.739,33.462,34.771,1032.058
22/01/2024 13:54,987.373,1484.93,987.373,4.748,33.466,34.766,1032.052
22/01/2024 13:54,987.24,1484.937,987.24,4.748,33.466,34.766,1032.052
22/01/2024 13:54,987.175,1484.926,987.175,4.744,33.464,34.768,1032.053
22/01/2024 13:54,987.265,1484.926,987.265,4.749,33.466,34.765,1032.051
22/01/2024 13:54,987.456,1484.923,987.456,4.746,33.462,34.763,1032.051
22/01/2024 13:54,987.665,1484.918,987.665,4.745,33.46,34.762,1032.051
22/01/2024 13:54,987.707,1484.917,987.707,4.735,33.462,34.775,1032.062
22/01/2024 13:54,987.648,1484.906,987.648,4.739,33.46,34.768,1032.056
22/01/2024 13:54,987.384,1484.925,987.384,4.74,33.462,34.77,1032.056
22/01/2024 13:54,987.247,1484.949,987.247,4.744,33.468,34.772,1032.057
22/01/2024 13:54,987.196,1484.961,987.196,4.751,33.47,34.767,1032.051
22/01/2024 13:54,987.28,1484.932,987.28,4.748,33.464,34.764,1032.05
22/01/2024 13:54,987.43,1484.933,987.43,4.741,33.464,34.771,1032.057
22/01/2024 13:54,987.56,1484.907,987.56,4.744,33.46,34.763,1032.051
22/01/2024 13:54,987.581,1484.9,987.581,4.742,33.46,34.765,1032.053
22/01/2024 13:54,987.551,1484.916,987.551,4.731,33.46,34.776,1032.063
22/01/2024 13:54,987.479,1484.916,987.479,4.745,33.46,34.762,1032.05
22/01/2024 13:54,987.409,1484.922,987.409,4.74,33.46,34.767,1032.054
22/01/2024 13:54,987.448,1484.916,987.448,4.744,33.462,34.765,1032.053
22/01/2024 13:54,987.467,1484.918,987.467,4.742,33.462,34.767,1032.055
22/01/2024 13:54,987.515,1484.928,987.515,4.741,33.462,34.768,1032.056
22/01/2024 13:54,987.49,1484.937,987.49,4.738,33.462,34.772,1032.058
22/01/2024 13:54,987.437,1484.939,987.437,4.746,33.464,34.766,1032.052
22/01/2024 13:54,987.373,1484.936,987.373,4.735,33.464,34.777,1032.063
22/01/2024 13:54,987.403,1484.939,987.403,4.743,33.464,34.769,1032.055
22/01/2024 13:54,987.442,1484.939,987.442,4.741,33.464,34.771,1032.057
22/01/2024 13:54,987.47,1484.939,987.47,4.747,33.468,34.769,1032.055
22/01/2024 13:54,987.415,1484.94,987.415,4.748,33.466,34.766,1032.052
22/01/2024 13:54,987.326,1484.937,987.326,4.749,33.466,34.765,1032.051
22/01/2024 13:54,987.352,1484.936,987.352,4.748,33.466,34.766,1032.052
22/01/2024 13:54,987.387,1484.937,987.387,4.747,33.468,34.769,1032.055
22/01/2024 13:54,987.527,1484.937,987.527,4.749,33.466,34.765,1032.052
22/01/2024 13:54,987.68,1484.933,987.68,4.743,33.464,34.769,1032.056
22/01/2024 13:54,987.781,1484.91,987.781,4.748,33.466,34.766,1032.054
22/01/2024 13:54,987.713,1484.92,987.713,4.736,33.464,34.776,1032.063
22/01/2024 13:54,987.555,1484.942,987.555,4.747,33.466,34.767,1032.054
22/01/2024 13:54,987.351,1484.93,987.351,4.744,33.466,34.77,1032.056
22/01/2024 13:55,987.189,1484.936,987.189,4.745,33.468,34.771,1032.056
22/01/2024 13:55,987.136,1484.956,987.136,4.752,33.468,34.763,1032.048
22/01/2024 13:55,987.17,1484.941,987.17,4.747,33.466,34.767,1032.052
22/01/2024 13:55,987.275,1484.929,987.275,4.743,33.464,34.769,1032.055
22/01/2024 13:55,987.424,1484.929,987.424,4.739,33.464,34.773,1032.059
22/01/2024 13:55,987.615,1484.89,987.615,4.736,33.464,34.776,1032.063
22/01/2024 13:55,987.727,1484.894,987.727,4.732,33.458,34.773,1032.061
22/01/2024 13:55,987.757,1484.891,987.757,4.735,33.458,34.77,1032.059
22/01/2024 13:55,987.632,1484.893,987.632,4.737,33.458,34.768,1032.056
22/01/2024 13:55,987.431,1484.902,987.431,4.738,33.46,34.769,1032.056
22/01/2024 13:55,987.24,1484.906,987.24,4.741,33.462,34.769,1032.055
22/01/2024 13:55,987.201,1484.928,987.201,4.741,33.466,34.773,1032.058
22/01/2024 13:55,987.227,1484.911,987.227,4.746,33.462,34.764,1032.05
22/01/2024 13:55,987.389,1484.906,987.389,4.742,33.458,34.763,1032.051
22/01/2024 13:55,987.512,1484.887,987.512,4.738,33.456,34.765,1032.053
22/01/2024 13:55,987.583,1484.892,987.583,4.74,33.454,34.76,1032.05
22/01/2024 13:55,987.554,1484.87,987.554,4.725,33.454,34.776,1032.064
22/01/2024 13:55,987.511,1484.872,987.511,4.726,33.454,34.775,1032.063
22/01/2024 13:55,987.372,1484.882,987.372,4.723,33.458,34.782,1032.068
22/01/2024 13:55,987.375,1484.89,987.375,4.736,33.458,34.769,1032.056
22/01/2024 13:55,987.389,1484.89,987.389,4.734,33.458,34.771,1032.058
22/01/2024 13:55,987.485,1484.898,987.485,4.741,33.456,34.762,1032.05
22/01/2024 13:55,987.568,1484.903,987.568,4.735,33.46,34.772,1032.06
22/01/2024 13:55,987.609,1484.889,987.609,4.734,33.46,34.773,1032.061
22/01/2024 13:55,987.599,1484.87,987.599,4.735,33.458,34.77,1032.058
22/01/2024 13:55,987.459,1484.897,987.459,4.733,33.458,34.772,1032.059
22/01/2024 13:55,987.308,1484.915,987.308,4.739,33.46,34.768,1032.055
22/01/2024 13:55,987.194,1484.908,987.194,4.741,33.46,34.766,1032.053
22/01/2024 13:55,987.115,1484.899,987.115,4.744,33.46,34.763,1032.049
22/01/2024 13:55,987.19,1484.901,987.19,4.745,33.46,34.762,1032.049
22/01/2024 13:55,987.345,1484.902,987.345,4.743,33.458,34.762,1032.049
22/01/2024 13:55,987.586,1484.889,987.586,4.742,33.458,34.763,1032.051
22/01/2024 13:55,987.786,1484.885,987.786,4.736,33.456,34.767,1032.056
22/01/2024 13:55,987.858,1484.882,987.858,4.729,33.456,34.774,1032.063
22/01/2024 13:55,987.868,1484.885,987.868,4.731,33.458,34.774,1032.063
22/01/2024 13:55,987.703,1484.899,987.703,4.727,33.458,34.778,1032.066
22/01/2024 13:55,987.469,1484.904,987.469,4.737,33.456,34.766,1032.054
22/01/2024 13:55,987.197,1484.912,987.197,4.741,33.464,34.771,1032.056
22/01/2024 13:55,987.032,1484.945,987.032,4.738,33.462,34.772,1032.057
22/01/2024 13:55,986.971,1484.936,986.971,4.754,33.468,34.761,1032.046
22/01/2024 13:55,987.058,1484.928,987.058,4.744,33.464,34.768,1032.053
22/01/2024 13:55,987.255,1484.917,987.255,4.748,33.462,34.761,1032.048
22/01/2024 13:55,987.514,1484.882,987.514,4.731,33.456,34.772,1032.06
22/01/2024 13:55,987.717,1484.872,987.717,4.737,33.456,34.766,1032.055
22/01/2024 13:55,987.78,1484.877,987.78,4.738,33.456,34.764,1032.054
22/01/2024 13:55,987.767,1484.888,987.767,4.737,33.454,34.763,1032.053
22/01/2024 13:55,987.656,1484.914,987.656,4.738,33.456,34.765,1032.054
22/01/2024 13:55,987.508,1484.913,987.508,4.734,33.458,34.771,1032.059
22/01/2024 13:55,987.329,1484.905,987.329,4.741,33.458,34.764,1032.051
22/01/2024 13:55,987.241,1484.914,987.241,4.739,33.46,34.768,1032.055
22/01/2024 13:55,987.244,1484.914,987.244,4.744,33.462,34.766,1032.052
22/01/2024 13:55,987.344,1484.91,987.344,4.743,33.462,34.767,1032.053
22/01/2024 13:55,987.463,1484.918,987.463,4.739,33.458,34.766,1032.054
22/01/2024 13:55,987.549,1484.917,987.549,4.738,33.46,34.769,1032.057
22/01/2024 13:55,987.567,1484.907,987.567,4.744,33.462,34.765,1032.053
22/01/2024 13:55,987.501,1484.913,987.501,4.739,33.462,34.771,1032.058
22/01/2024 13:55,987.386,1484.926,987.386,4.74,33.464,34.772,1032.058
22/01/2024 13:55,987.294,1484.923,987.294,4.736,33.464,34.776,1032.061
22/01/2024 13:55,987.352,1484.921,987.352,4.747,33.462,34.762,1032.049
22/01/2024 13:55,987.445,1484.909,987.445,4.743,33.464,34.769,1032.055
22/01/2024 13:56,987.574,1484.897,987.574,4.745,33.456,34.757,1032.047
22/01/2024 13:56,987.676,1484.88,987.676,4.731,33.456,34.772,1032.06
22/01/2024 13:56,987.655,1484.887,987.655,4.737,33.456,34.766,1032.055
22/01/2024 13:56,987.516,1484.876,987.516,4.737,33.458,34.768,1032.056
22/01/2024 13:56,987.338,1484.902,987.338,4.736,33.46,34.771,1032.058
22/01/2024 13:56,987.209,1484.911,987.209,4.736,33.462,34.774,1032.059
22/01/2024 13:56,987.232,1484.898,987.232,4.746,33.462,34.763,1032.05
22/01/2024 13:56,987.245,1484.897,987.245,4.733,33.458,34.772,1032.058
22/01/2024 13:56,987.36,1484.891,987.36,4.737,33.458,34.768,1032.055
22/01/2024 13:56,987.528,1484.888,987.528,4.741,33.458,34.764,1032.052
22/01/2024 13:56,987.606,1484.877,987.606,4.73,33.456,34.773,1032.061
22/01/2024 13:56,987.608,1484.873,987.608,4.735,33.456,34.768,1032.056
22/01/2024 13:56,987.557,1484.873,987.557,4.732,33.456,34.771,1032.059
22/01/2024 13:56,987.501,1484.871,987.501,4.721,33.458,34.784,1032.071
22/01/2024 13:56,987.42,1484.876,987.42,4.731,33.458,34.774,1032.061
22/01/2024 13:56,987.331,1484.875,987.331,4.733,33.46,34.774,1032.061
22/01/2024 13:56,987.31,1484.876,987.31,4.728,33.458,34.777,1032.063
22/01/2024 13:56,987.372,1484.877,987.372,4.728,33.458,34.777,1032.064
22/01/2024 13:56,987.466,1484.875,987.466,4.733,33.456,34.77,1032.058
22/01/2024 13:56,987.61,1484.862,987.61,4.73,33.454,34.77,1032.059
22/01/2024 13:56,987.586,1484.838,987.586,4.719,33.448,34.775,1032.064
22/01/2024 13:56,987.527,1484.845,987.527,4.72,33.452,34.778,1032.066
22/01/2024 13:56,987.395,1484.866,987.395,4.729,33.454,34.772,1032.059
22/01/2024 13:56,987.372,1484.872,987.372,4.724,33.454,34.777,1032.064
22/01/2024 13:56,987.364,1484.867,987.364,4.732,33.454,34.769,1032.056
22/01/2024 13:56,987.398,1484.863,987.398,4.734,33.454,34.766,1032.055
22/01/2024 13:56,987.515,1484.849,987.515,4.737,33.456,34.766,1032.054
22/01/2024 13:56,987.575,1484.848,987.575,4.729,33.454,34.772,1032.06
22/01/2024 13:56,987.569,1484.838,987.569,4.727,33.446,34.764,1032.055
22/01/2024 13:56,987.46,1484.837,987.46,4.722,33.448,34.772,1032.061
22/01/2024 13:56,987.342,1484.855,987.342,4.726,33.452,34.772,1032.06
22/01/2024 13:56,987.234,1484.867,987.234,4.728,33.454,34.773,1032.059
22/01/2024 13:56,987.274,1484.859,987.274,4.732,33.454,34.769,1032.056
22/01/2024 13:56,987.405,1484.853,987.405,4.733,33.452,34.765,1032.054
22/01/2024 13:56,987.577,1484.855,987.577,4.724,33.448,34.77,1032.059
22/01/2024 13:56,987.695,1484.839,987.695,4.725,33.446,34.766,1032.057
22/01/2024 13:56,987.69,1484.835,987.69,4.722,33.444,34.767,1032.058
22/01/2024 13:56,987.603,1484.84,987.603,4.722,33.452,34.776,1032.065
22/01/2024 13:56,987.414,1484.842,987.414,4.719,33.448,34.775,1032.063
22/01/2024 13:56,987.277,1484.867,987.277,4.727,33.452,34.771,1032.059
22/01/2024 13:56,987.225,1484.874,987.225,4.728,33.456,34.775,1032.061
22/01/2024 13:56,987.212,1484.877,987.212,4.73,33.458,34.775,1032.061
22/01/2024 13:56,987.242,1484.86,987.242,4.729,33.452,34.769,1032.057
22/01/2024 13:56,987.341,1484.851,987.341,4.729,33.452,34.769,1032.057
22/01/2024 13:56,987.437,1484.853,987.437,4.729,33.448,34.765,1032.054
22/01/2024 13:56,987.518,1484.842,987.518,4.728,33.448,34.766,1032.055
22/01/2024 13:56,987.563,1484.844,987.563,4.721,33.446,34.77,1032.06
22/01/2024 13:56,987.627,1484.853,987.627,4.728,33.448,34.766,1032.056
22/01/2024 13:56,987.632,1484.852,987.632,4.726,33.448,34.768,1032.058
22/01/2024 13:56,987.636,1484.849,987.636,4.729,33.448,34.765,1032.055
22/01/2024 13:56,987.596,1484.859,987.596,4.718,33.452,34.78,1032.069
22/01/2024 13:56,987.51,1484.862,987.51,4.729,33.452,34.769,1032.058
22/01/2024 13:56,987.396,1484.864,987.396,4.73,33.452,34.768,1032.056
22/01/2024 13:56,987.312,1484.859,987.312,4.735,33.452,34.763,1032.051
22/01/2024 13:56,987.283,1484.862,987.283,4.729,33.452,34.769,1032.057
22/01/2024 13:56,987.236,1484.862,987.236,4.729,33.452,34.769,1032.057
22/01/2024 13:56,987.221,1484.855,987.221,4.722,33.452,34.777,1032.063
22/01/2024 13:56,987.266,1484.851,987.266,4.73,33.452,34.768,1032.056
22/01/2024 13:56,987.412,1484.849,987.412,4.728,33.452,34.77,1032.058
22/01/2024 13:56,987.584,1484.855,987.584,4.729,33.448,34.765,1032.055
22/01/2024 13:57,987.753,1484.841,987.753,4.732,33.448,34.761,1032.052
22/01/2024 13:57,987.822,1484.824,987.822,4.723,33.446,34.768,1032.059
22/01/2024 13:57,987.714,1484.834,987.714,4.725,33.446,34.766,1032.057
22/01/2024 13:57,987.579,1484.843,987.579,4.717,33.452,34.782,1032.069
22/01/2024 13:57,987.367,1484.85,987.367,4.719,33.452,34.78,1032.067
22/01/2024 13:57,987.154,1484.869,987.154,4.729,33.454,34.772,1032.058
22/01/2024 13:57,987.08,1484.872,987.08,4.722,33.452,34.777,1032.063
22/01/2024 13:57,987.137,1484.866,987.137,4.734,33.452,34.764,1032.052
22/01/2024 13:57,987.272,1484.871,987.272,4.729,33.452,34.769,1032.057
22/01/2024 13:57,987.513,1484.849,987.513,4.724,33.454,34.777,1032.064
22/01/2024 13:57,987.681,1484.856,987.681,4.73,33.452,34.768,1032.058
22/01/2024 13:57,987.744,1484.848,987.744,4.728,33.448,34.766,1032.056
22/01/2024 13:57,987.709,1484.852,987.709,4.721,33.454,34.78,1032.068
22/01/2024 13:57,987.61,1484.837,987.61,4.728,33.452,34.77,1032.059
22/01/2024 13:57,987.515,1484.84,987.515,4.715,33.452,34.784,1032.071
22/01/2024 13:57,987.458,1484.842,987.458,4.717,33.452,34.782,1032.069
22/01/2024 13:57,987.419,1484.84,987.419,4.727,33.448,34.767,1032.056
22/01/2024 13:57,987.355,1484.875,987.355,4.727,33.452,34.771,1032.059
22/01/2024 13:57,987.267,1484.889,987.267,4.732,33.448,34.762,1032.05
22/01/2024 13:57,987.245,1484.891,987.245,4.731,33.452,34.767,1032.055
22/01/2024 13:57,987.232,1484.89,987.232,4.736,33.452,34.762,1032.05
22/01/2024 13:57,987.337,1484.881,987.337,4.728,33.454,34.773,1032.06
22/01/2024 13:57,987.444,1484.87,987.444,4.726,33.452,34.772,1032.06
22/01/2024 13:57,987.606,1484.866,987.606,4.731,33.452,34.767,1032.056
22/01/2024 13:57,987.674,1484.85,987.674,4.733,33.452,34.765,1032.055
22/01/2024 13:57,987.693,1484.851,987.693,4.73,33.452,34.768,1032.058
22/01/2024 13:57,987.616,1484.859,987.616,4.726,33.448,34.768,1032.058
22/01/2024 13:57,987.495,1484.869,987.495,4.729,33.452,34.769,1032.058
22/01/2024 13:57,987.359,1484.865,987.359,4.735,33.448,34.759,1032.048
22/01/2024 13:57,987.27,1484.864,987.27,4.727,33.452,34.771,1032.059
22/01/2024 13:57,987.324,1484.86,987.324,4.724,33.452,34.774,1032.062
22/01/2024 13:57,987.436,1484.859,987.436,4.731,33.452,34.767,1032.056
22/01/2024 13:57,987.5,1484.85,987.5,4.719,33.452,34.78,1032.067
22/01/2024 13:57,987.531,1484.839,987.531,4.726,33.448,34.768,1032.057
22/01/2024 13:57,987.461,1484.829,987.461,4.726,33.444,34.763,1032.053
22/01/2024 13:57,987.321,1484.843,987.321,4.725,33.446,34.766,1032.055
22/01/2024 13:57,987.261,1484.852,987.261,4.729,33.452,34.769,1032.057
22/01/2024 13:57,987.233,1484.851,987.233,4.731,33.452,34.767,1032.055
22/01/2024 13:57,987.297,1484.849,987.297,4.726,33.452,34.772,1032.06
22/01/2024 13:57,987.45,1484.845,987.45,4.723,33.446,34.768,1032.058
22/01/2024 13:57,987.596,1484.839,987.596,4.722,33.446,34.769,1032.059
22/01/2024 13:57,987.683,1484.817,987.683,4.725,33.442,34.762,1032.053
22/01/2024 13:57,987.699,1484.818,987.699,4.714,33.44,34.771,1032.062
22/01/2024 13:57,987.674,1484.821,987.674,4.717,33.44,34.768,1032.059
22/01/2024 13:57,987.585,1484.813,987.585,4.713,33.442,34.774,1032.064
22/01/2024 13:57,987.489,1484.83,987.489,4.721,33.446,34.771,1032.06
22/01/2024 13:57,987.301,1484.833,987.301,4.715,33.452,34.784,1032.07
22/01/2024 13:57,987.105,1484.854,987.105,4.726,33.452,34.773,1032.059
22/01/2024 13:57,987.072,1484.867,987.072,4.731,33.454,34.77,1032.056
22/01/2024 13:57,987.159,1484.855,987.159,4.735,33.452,34.763,1032.051
22/01/2024 13:57,987.378,1484.841,987.378,4.727,33.446,34.764,1032.054
22/01/2024 13:57,987.612,1484.849,987.612,4.728,33.446,34.763,1032.054
22/01/2024 13:57,987.733,1484.833,987.733,4.725,33.442,34.762,1032.053
22/01/2024 13:57,987.747,1484.821,987.747,4.717,33.446,34.774,1032.065
22/01/2024 13:57,987.675,1484.821,987.675,4.716,33.446,34.776,1032.065
22/01/2024 13:57,987.512,1484.834,987.512,4.723,33.448,34.771,1032.06
22/01/2024 13:57,987.305,1484.863,987.305,4.723,33.452,34.775,1032.063
22/01/2024 13:57,987.136,1484.879,987.136,4.723,33.454,34.778,1032.064
22/01/2024 13:57,987.091,1484.883,987.091,4.728,33.454,34.773,1032.059
22/01/2024 13:57,987.141,1484.869,987.141,4.727,33.454,34.774,1032.06
22/01/2024 13:58,987.297,1484.878,987.297,4.73,33.454,34.771,1032.058
22/01/2024 13:58,987.502,1484.872,987.502,4.738,33.456,34.765,1032.053
22/01/2024 13:58,987.65,1484.871,987.65,4.735,33.452,34.763,1032.053
22/01/2024 13:58,987.775,1484.871,987.775,4.732,33.454,34.768,1032.058
22/01/2024 13:58,987.753,1484.869,987.753,4.722,33.454,34.779,1032.067
22/01/2024 13:58,987.604,1484.874,987.604,4.729,33.456,34.774,1032.062
22/01/2024 13:58,987.361,1484.874,987.361,4.737,33.454,34.763,1032.052
22/01/2024 13:58,987.205,1484.872,987.205,4.729,33.456,34.774,1032.06
22/01/2024 13:58,987.111,1484.885,987.111,4.733,33.458,34.772,1032.058
22/01/2024 13:58,987.144,1484.87,987.144,4.724,33.452,34.775,1032.061
22/01/2024 13:58,987.32,1484.871,987.32,4.734,33.452,34.764,1032.052
22/01/2024 13:58,987.456,1484.868,987.456,4.73,33.452,34.768,1032.057
22/01/2024 13:58,987.578,1484.871,987.578,4.733,33.452,34.765,1032.054
22/01/2024 13:58,987.662,1484.865,987.662,4.728,33.452,34.77,1032.059
22/01/2024 13:58,987.655,1484.868,987.655,4.731,33.452,34.767,1032.057
22/01/2024 13:58,987.558,1484.86,987.558,4.729,33.456,34.774,1032.062
22/01/2024 13:58,987.435,1484.856,987.435,4.723,33.456,34.78,1032.067
22/01/2024 13:58,987.311,1484.855,987.311,4.734,33.456,34.769,1032.056
22/01/2024 13:58,987.238,1484.855,987.238,4.737,33.454,34.763,1032.051
22/01/2024 13:58,987.241,1484.855,987.241,4.725,33.454,34.776,1032.062
22/01/2024 13:58,987.268,1484.855,987.268,4.733,33.452,34.765,1032.053
22/01/2024 13:58,987.395,1484.863,987.395,4.726,33.454,34.775,1032.062
22/01/2024 13:58,987.513,1484.873,987.513,4.728,33.452,34.77,1032.059
22/01/2024 13:58,987.624,1484.888,987.624,4.728,33.456,34.775,1032.063
22/01/2024 13:58,987.664,1484.874,987.664,4.721,33.458,34.784,1032.072
22/01/2024 13:58,987.629,1484.872,987.629,4.737,33.456,34.766,1032.054
22/01/2024 13:58,987.511,1484.871,987.511,4.734,33.454,34.766,1032.055
22/01/2024 13:58,987.383,1484.865,987.383,4.723,33.458,34.782,1032.068
22/01/2024 13:58,987.291,1484.87,987.291,4.726,33.458,34.779,1032.065
22/01/2024 13:58,987.247,1484.871,987.247,4.735,33.458,34.77,1032.057
22/01/2024 13:58,987.261,1484.868,987.261,4.731,33.458,34.774,1032.06
22/01/2024 13:58,987.33,1484.873,987.33,4.737,33.458,34.768,1032.055
22/01/2024 13:58,987.362,1484.872,987.362,4.732,33.456,34.771,1032.058
22/01/2024 13:58,987.44,1484.872,987.44,4.734,33.454,34.766,1032.055
22/01/2024 13:58,987.503,1484.875,987.503,4.724,33.452,34.774,1032.063
22/01/2024 13:58,987.546,1484.873,987.546,4.734,33.456,34.769,1032.057
22/01/2024 13:58,987.554,1484.868,987.554,4.729,33.454,34.772,1032.06
22/01/2024 13:58,987.631,1484.864,987.631,4.736,33.452,34.762,1032.052
22/01/2024 13:58,987.623,1484.854,987.623,4.731,33.454,34.769,1032.058
22/01/2024 13:58,987.588,1484.856,987.588,4.73,33.454,34.77,1032.059
22/01/2024 13:58,987.473,1484.862,987.473,4.723,33.452,34.775,1032.063
22/01/2024 13:58,987.349,1484.87,987.349,4.733,33.456,34.77,1032.057
22/01/2024 13:58,987.241,1484.874,987.241,4.736,33.458,34.769,1032.056
22/01/2024 13:58,987.187,1484.874,987.187,4.729,33.46,34.779,1032.064
22/01/2024 13:58,987.218,1484.871,987.218,4.733,33.456,34.77,1032.057
22/01/2024 13:58,987.287,1484.871,987.287,4.737,33.456,34.766,1032.053
22/01/2024 13:58,987.454,1484.869,987.454,4.733,33.454,34.767,1032.056
22/01/2024 13:58,987.568,1484.868,987.568,4.727,33.448,34.767,1032.056
22/01/2024 13:58,987.695,1484.871,987.695,4.732,33.454,34.768,1032.058
22/01/2024 13:58,987.726,1484.863,987.726,4.729,33.454,34.771,1032.061
22/01/2024 13:58,987.646,1484.848,987.646,4.728,33.452,34.77,1032.059
22/01/2024 13:58,987.44,1484.85,987.44,4.73,33.454,34.771,1032.058
22/01/2024 13:58,987.229,1484.852,987.229,4.726,33.454,34.775,1032.061
22/01/2024 13:58,987.026,1484.866,987.026,4.732,33.454,34.769,1032.055
22/01/2024 13:58,987.028,1484.875,987.028,4.735,33.458,34.77,1032.056
22/01/2024 13:58,987.132,1484.863,987.132,4.735,33.456,34.768,1032.054
22/01/2024 13:58,987.421,1484.872,987.421,4.729,33.452,34.769,1032.058
22/01/2024 13:58,987.721,1484.918,987.721,4.739,33.464,34.773,1032.06
22/01/2024 13:58,987.934,1484.921,987.934,4.735,33.462,34.774,1032.063
22/01/2024 13:58,987.905,1484.893,987.905,4.74,33.46,34.767,1032.056
22/01/2024 13:59,987.7,1484.872,987.7,4.737,33.456,34.766,1032.055
22/01/2024 13:59,987.396,1484.893,987.396,4.731,33.46,34.776,1032.063
22/01/2024 13:59,987.078,1484.9,987.078,4.74,33.46,34.767,1032.053
22/01/2024 13:59,986.949,1484.901,986.949,4.742,33.464,34.77,1032.054
22/01/2024 13:59,986.998,1484.898,986.998,4.74,33.462,34.77,1032.054
22/01/2024 13:59,987.197,1484.912,987.197,4.743,33.458,34.762,1032.049
22/01/2024 13:59,987.519,1484.934,987.519,4.74,33.468,34.776,1032.062
22/01/2024 13:59,987.766,1484.921,987.766,4.739,33.464,34.773,1032.06
22/01/2024 13:59,987.847,1484.928,987.847,4.746,33.466,34.768,1032.056
22/01/2024 13:59,987.715,1484.919,987.715,4.736,33.466,34.778,1032.065
22/01/2024 13:59,987.451,1484.903,987.451,4.739,33.464,34.773,1032.059
22/01/2024 13:59,987.207,1484.905,987.207,4.744,33.462,34.766,1032.052
22/01/2024 13:59,987.115,1484.892,987.115,4.742,33.46,34.765,1032.051
22/01/2024 13:59,987.193,1484.897,987.193,4.735,33.46,34.772,1032.058
22/01/2024 13:59,987.334,1484.899,987.334,4.739,33.462,34.771,1032.057
22/01/2024 13:59,987.476,1484.898,987.476,4.743,33.462,34.766,1032.054
22/01/2024 13:59,987.586,1484.912,987.586,4.732,33.462,34.778,1032.064
22/01/2024 13:59,987.614,1484.89,987.614,4.737,33.462,34.773,1032.06
22/01/2024 13:59,987.599,1484.888,987.599,4.734,33.46,34.773,1032.061
22/01/2024 13:59,987.538,1484.897,987.538,4.742,33.462,34.767,1032.055
22/01/2024 13:59,987.442,1484.893,987.442,4.738,33.462,34.772,1032.058
22/01/2024 13:59,987.411,1484.878,987.411,4.731,33.46,34.776,1032.063
22/01/2024 13:59,987.388,1484.864,987.388,4.733,33.46,34.774,1032.061
22/01/2024 13:59,987.458,1484.875,987.458,4.736,33.458,34.769,1032.057
22/01/2024 13:59,987.465,1484.874,987.465,4.734,33.458,34.771,1032.058
22/01/2024 13:59,987.449,1484.85,987.449,4.73,33.458,34.775,1032.062
22/01/2024 13:59,987.382,1484.855,987.382,4.722,33.456,34.781,1032.068
22/01/2024 13:59,987.288,1484.859,987.288,4.733,33.456,34.77,1032.057
22/01/2024 13:59,987.284,1484.853,987.284,4.735,33.458,34.77,1032.057
22/01/2024 13:59,987.326,1484.857,987.326,4.725,33.456,34.778,1032.065
22/01/2024 13:59,987.434,1484.857,987.434,4.729,33.454,34.772,1032.059
22/01/2024 13:59,987.578,1484.867,987.578,4.736,33.454,34.764,1032.053
22/01/2024 13:59,987.678,1484.855,987.678,4.73,33.454,34.77,1032.059
22/01/2024 13:59,987.686,1484.824,987.686,4.725,33.448,34.769,1032.059
22/01/2024 13:59,987.625,1484.84,987.625,4.727,33.448,34.767,1032.057
22/01/2024 13:59,987.499,1484.843,987.499,4.727,33.456,34.776,1032.063
22/01/2024 13:59,987.374,1484.863,987.374,4.726,33.458,34.779,1032.066
22/01/2024 13:59,987.238,1484.861,987.238,4.726,33.458,34.779,1032.065
22/01/2024 13:59,987.249,1484.865,987.249,4.724,33.46,34.784,1032.069
22/01/2024 13:59,987.286,1484.872,987.286,4.734,33.46,34.773,1032.06
22/01/2024 13:59,987.404,1484.853,987.404,4.733,33.458,34.772,1032.059
22/01/2024 13:59,987.544,1484.852,987.544,4.728,33.448,34.766,1032.055
22/01/2024 13:59,987.648,1484.859,987.648,4.724,33.452,34.774,1032.063
22/01/2024 13:59,987.663,1484.836,987.663,4.73,33.452,34.768,1032.058
22/01/2024 13:59,987.534,1484.822,987.534,4.727,33.452,34.771,1032.06
22/01/2024 13:59,987.371,1484.837,987.371,4.723,33.456,34.78,1032.067
22/01/2024 13:59,987.22,1484.864,987.22,4.719,33.458,34.787,1032.072
22/01/2024 13:59,987.176,1484.872,987.176,4.73,33.458,34.775,1032.061
22/01/2024 13:59,987.27,1484.873,987.27,4.735,33.458,34.77,1032.057
22/01/2024 13:59,987.421,1484.864,987.421,4.735,33.456,34.768,1032.055
22/01/2024 13:59,987.577,1484.871,987.577,4.733,33.452,34.765,1032.054
22/01/2024 13:59,987.65,1484.874,987.65,4.732,33.454,34.768,1032.057
22/01/2024 13:59,987.598,1484.865,987.598,4.732,33.454,34.768,1032.057
22/01/2024 13:59,987.518,1484.85,987.518,4.724,33.454,34.777,1032.064
22/01/2024 13:59,987.369,1484.864,987.369,4.735,33.458,34.77,1032.057
22/01/2024 13:59,987.319,1484.863,987.319,4.738,33.458,34.767,1032.054
22/01/2024 13:59,987.305,1484.873,987.305,4.732,33.458,34.773,1032.06
22/01/2024 13:59,987.37,1484.883,987.37,4.73,33.458,34.775,1032.062
22/01/2024 13:59,987.474,1484.897,987.474,4.739,33.458,34.766,1032.054
22/01/2024 13:59,987.542,1484.888,987.542,4.736,33.458,34.769,1032.057
22/01/2024 14:00,987.511,1484.897,987.511,4.737,33.46,34.77,1032.058
22/01/2024 14:00,987.407,1484.898,987.407,4.745,33.46,34.762,1032.05
22/01/2024 14:00,987.318,1484.885,987.318,4.745,33.46,34.762,1032.049
22/01/2024 14:00,987.224,1484.868,987.224,4.74,33.46,34.767,1032.054
22/01/2024 14:00,987.25,1484.89,987.25,4.739,33.46,34.768,1032.055
22/01/2024 14:00,987.314,1484.904,987.314,4.736,33.46,34.771,1032.058
22/01/2024 14:00,987.397,1484.913,987.397,4.747,33.462,34.762,1032.05
22/01/2024 14:00,987.583,1484.914,987.583,4.746,33.464,34.766,1032.053
22/01/2024 14:00,987.711,1484.911,987.711,4.743,33.462,34.766,1032.055
22/01/2024 14:00,987.745,1484.913,987.745,4.734,33.464,34.778,1032.065
22/01/2024 14:00,987.702,1484.919,987.702,4.732,33.462,34.778,1032.065
22/01/2024 14:00,987.574,1484.914,987.574,4.743,33.464,34.769,1032.056
22/01/2024 14:00,987.375,1484.905,987.375,4.734,33.462,34.776,1032.062
22/01/2024 14:00,987.183,1484.896,987.183,4.733,33.46,34.775,1032.06
22/01/2024 14:00,987.069,1484.881,987.069,4.737,33.458,34.768,1032.054
22/01/2024 14:00,987.135,1484.892,987.135,4.731,33.46,34.777,1032.062
22/01/2024 14:00,987.27,1484.902,987.27,4.73,33.462,34.78,1032.065
22/01/2024 14:00,987.482,1484.916,987.482,4.739,33.462,34.771,1032.057
22/01/2024 14:00,987.635,1484.898,987.635,4.734,33.462,34.776,1032.063
22/01/2024 14:00,987.666,1484.899,987.666,4.744,33.46,34.763,1032.052
22/01/2024 14:00,987.633,1484.886,987.633,4.734,33.46,34.773,1032.061
22/01/2024 14:00,987.532,1484.893,987.532,4.731,33.462,34.779,1032.065
22/01/2024 14:00,987.401,1484.886,987.401,4.736,33.464,34.776,1032.062
22/01/2024 14:00,987.347,1484.885,987.347,4.736,33.464,34.776,1032.062
22/01/2024 14:00,987.293,1484.877,987.293,4.731,33.462,34.779,1032.064
22/01/2024 14:00,987.36,1484.898,987.36,4.738,33.46,34.769,1032.056
22/01/2024 14:00,987.413,1484.892,987.413,4.742,33.46,34.765,1032.053
22/01/2024 14:00,987.451,1484.877,987.451,4.74,33.46,34.767,1032.055
22/01/2024 14:00,987.486,1484.872,987.486,4.727,33.458,34.778,1032.065
22/01/2024 14:00,987.5,1484.885,987.5,4.738,33.458,34.767,1032.055
22/01/2024 14:00,987.413,1484.888,987.413,4.729,33.458,34.776,1032.063
22/01/2024 14:00,987.361,1484.89,987.361,4.741,33.462,34.769,1032.055
22/01/2024 14:00,987.317,1484.892,987.317,4.741,33.46,34.766,1032.053
22/01/2024 14:00,987.359,1484.882,987.359,4.739,33.46,34.768,1032.055
22/01/2024 14:00,987.495,1484.882,987.495,4.735,33.458,34.77,1032.058
22/01/2024 14:00,987.586,1484.881,987.586,4.738,33.458,34.767,1032.055
22/01/2024 14:00,987.585,1484.877,987.585,4.734,33.456,34.769,1032.057
22/01/2024 14:00,987.523,1484.866,987.523,4.73,33.456,34.773,1032.061
22/01/2024 14:00,987.464,1484.881,987.464,4.73,33.458,34.775,1032.062
22/01/2024 14:00,987.385,1484.881,987.385,4.736,33.46,34.771,1032.058
22/01/2024 14:00,987.361,1484.887,987.361,4.736,33.462,34.774,1032.06
22/01/2024 14:00,987.364,1484.875,987.364,4.728,33.464,34.784,1032.069
22/01/2024 14:00,987.347,1484.875,987.347,4.733,33.462,34.777,1032.063
22/01/2024 14:00,987.315,1484.863,987.315,4.733,33.464,34.779,1032.064
22/01/2024 14:00,987.302,1484.883,987.302,4.726,33.464,34.786,1032.071
22/01/2024 14:00,987.324,1484.888,987.324,4.731,33.46,34.777,1032.062
22/01/2024 14:00,987.417,1484.874,987.417,4.731,33.458,34.774,1032.061
22/01/2024 14:00,987.544,1484.871,987.544,4.736,33.458,34.769,1032.057
22/01/2024 14:00,987.651,1484.87,987.651,4.724,33.456,34.779,1032.067
22/01/2024 14:00,987.659,1484.881,987.659,4.726,33.454,34.775,1032.063
22/01/2024 14:00,987.629,1484.869,987.629,4.722,33.452,34.776,1032.065
22/01/2024 14:00,987.498,1484.87,987.498,4.726,33.458,34.779,1032.066
22/01/2024 14:00,987.393,1484.87,987.393,4.737,33.462,34.773,1032.059
22/01/2024 14:00,987.33,1484.88,987.33,4.737,33.466,34.777,1032.062
22/01/2024 14:00,987.271,1484.892,987.271,4.735,33.464,34.777,1032.062
22/01/2024 14:00,987.241,1484.893,987.241,4.737,33.466,34.777,1032.062
22/01/2024 14:00,987.25,1484.907,987.25,4.739,33.466,34.775,1032.06
22/01/2024 14:00,987.362,1484.899,987.362,4.735,33.466,34.779,1032.064
22/01/2024 14:00,987.464,1484.879,987.464,4.736,33.464,34.776,1032.062
22/01/2024 14:00,987.604,1484.897,987.604,4.729,33.456,34.774,1032.062
22/01/2024 14:01,987.708,1484.918,987.708,4.737,33.46,34.77,1032.058
22/01/2024 14:01,987.682,1484.919,987.682,4.734,33.462,34.776,1032.063
22/01/2024 14:01,987.607,1484.855,987.607,4.728,33.46,34.779,1032.066
22/01/2024 14:01,987.387,1484.874,987.387,4.733,33.468,34.784,1032.068
22/01/2024 14:01,987.203,1484.9,987.203,4.739,33.468,34.778,1032.062
22/01/2024 14:01,987.111,1484.904,987.111,4.747,33.468,34.769,1032.054
22/01/2024 14:01,987.116,1484.916,987.116,4.745,33.47,34.774,1032.058
22/01/2024 14:01,987.272,1484.893,987.272,4.745,33.468,34.771,1032.056
22/01/2024 14:01,987.451,1484.919,987.451,4.747,33.462,34.762,1032.05
22/01/2024 14:01,987.576,1484.964,987.576,4.748,33.476,34.777,1032.062
22/01/2024 14:01,987.619,1484.913,987.619,4.747,33.466,34.767,1032.054
22/01/2024 14:01,987.646,1484.878,987.646,4.747,33.464,34.765,1032.052
22/01/2024 14:01,987.605,1484.893,987.605,4.731,33.458,34.774,1032.062
22/01/2024 14:01,987.553,1484.898,987.553,4.728,33.46,34.779,1032.066
22/01/2024 14:01,987.474,1484.889,987.474,4.735,33.46,34.772,1032.059
22/01/2024 14:01,987.339,1484.896,987.339,4.732,33.464,34.78,1032.065
22/01/2024 14:01,987.195,1484.897,987.195,4.74,33.468,34.777,1032.061
22/01/2024 14:01,987.173,1484.897,987.173,4.739,33.472,34.782,1032.065
22/01/2024 14:01,987.187,1484.906,987.187,4.738,33.47,34.781,1032.064
22/01/2024 14:01,987.308,1484.89,987.308,4.743,33.468,34.773,1032.058
22/01/2024 14:01,987.455,1484.902,987.455,4.745,33.464,34.767,1032.053
22/01/2024 14:01,987.618,1484.904,987.618,4.74,33.46,34.767,1032.055
22/01/2024 14:01,987.729,1484.923,987.729,4.735,33.456,34.768,1032.057
22/01/2024 14:01,987.689,1484.839,987.689,4.73,33.452,34.768,1032.058
22/01/2024 14:01,987.597,1484.844,987.597,4.724,33.458,34.781,1032.068
22/01/2024 14:01,987.43,1484.884,987.43,4.727,33.466,34.788,1032.072
22/01/2024 14:01,987.276,1484.898,987.276,4.738,33.466,34.776,1032.061
22/01/2024 14:01,987.196,1484.921,987.196,4.735,33.468,34.782,1032.065
22/01/2024 14:01,987.205,1484.927,987.205,4.75,33.468,34.766,1032.051
22/01/2024 14:01,987.32,1484.91,987.32,4.75,33.468,34.765,1032.051
22/01/2024 14:01,987.456,1484.903,987.456,4.742,33.464,34.77,1032.056
22/01/2024 14:01,987.547,1484.91,987.547,4.74,33.464,34.772,1032.059
22/01/2024 14:01,987.561,1484.937,987.561,4.741,33.466,34.773,1032.06
22/01/2024 14:01,987.53,1484.904,987.53,4.742,33.464,34.77,1032.057
22/01/2024 14:01,987.463,1484.902,987.463,4.739,33.458,34.766,1032.054
22/01/2024 14:01,987.369,1484.898,987.369,4.743,33.462,34.767,1032.053
22/01/2024 14:01,987.251,1484.894,987.251,4.738,33.462,34.772,1032.057
22/01/2024 14:01,987.209,1484.882,987.209,4.743,33.462,34.767,1032.053
22/01/2024 14:01,987.225,1484.898,987.225,4.745,33.46,34.762,1032.049
22/01/2024 14:01,987.396,1484.89,987.396,4.739,33.462,34.771,1032.057
22/01/2024 14:01,987.592,1484.917,987.592,4.74,33.464,34.772,1032.059
22/01/2024 14:01,987.781,1484.937,987.781,4.737,33.466,34.777,1032.064
22/01/2024 14:01,987.833,1484.898,987.833,4.743,33.46,34.764,1032.053
22/01/2024 14:01,987.752,1484.91,987.752,4.742,33.462,34.767,1032.056
22/01/2024 14:01,987.538,1484.902,987.538,4.744,33.464,34.768,1032.055
22/01/2024 14:01,987.35,1484.912,987.35,4.742,33.464,34.77,1032.056
22/01/2024 14:01,987.143,1484.903,987.143,4.736,33.464,34.776,1032.061
22/01/2024 14:01,987.047,1484.918,987.047,4.743,33.466,34.771,1032.056
22/01/2024 14:01,987.039,1484.924,987.039,4.748,33.468,34.768,1032.053
22/01/2024 14:01,987.157,1484.898,987.157,4.751,33.472,34.769,1032.053
22/01/2024 14:01,987.349,1484.943,987.349,4.754,33.47,34.763,1032.049
22/01/2024 14:01,987.542,1484.97,987.542,4.751,33.476,34.773,1032.058
22/01/2024 14:01,987.711,1484.982,987.711,4.757,33.476,34.767,1032.053
22/01/2024 14:01,987.826,1484.976,987.826,4.759,33.478,34.767,1032.054
22/01/2024 14:01,987.824,1484.94,987.824,4.759,33.476,34.765,1032.052
22/01/2024 14:01,987.718,1484.931,987.718,4.743,33.474,34.78,1032.066
22/01/2024 14:01,987.534,1484.918,987.534,4.746,33.47,34.773,1032.058
22/01/2024 14:01,987.28,1484.906,987.28,4.745,33.466,34.769,1032.055
22/01/2024 14:01,987.051,1484.908,987.051,4.737,33.466,34.777,1032.061
22/01/2024 14:01,986.95,1484.923,986.95,4.743,33.466,34.771,1032.055
22/01/2024 14:02,987.075,1484.921,987.075,4.75,33.468,34.765,1032.05
22/01/2024 14:02,987.309,1484.925,987.309,4.751,33.466,34.762,1032.048
22/01/2024 14:02,987.604,1484.958,987.604,4.749,33.47,34.769,1032.056
22/01/2024 14:02,987.772,1484.966,987.772,4.751,33.478,34.776,1032.061
22/01/2024 14:02,987.796,1484.93,987.796,4.746,33.468,34.77,1032.058
22/01/2024 14:02,987.664,1484.897,987.664,4.743,33.468,34.773,1032.06
22/01/2024 14:02,987.445,1484.904,987.445,4.74,33.47,34.779,1032.064
22/01/2024 14:02,987.226,1484.921,987.226,4.739,33.468,34.778,1032.062
22/01/2024 14:02,987.106,1484.923,987.106,4.75,33.466,34.764,1032.049
22/01/2024 14:02,987.102,1484.916,987.102,4.747,33.468,34.769,1032.054
22/01/2024 14:02,987.237,1484.923,987.237,4.748,33.468,34.768,1032.053
22/01/2024 14:02,987.442,1484.937,987.442,4.749,33.47,34.77,1032.055
22/01/2024 14:02,987.698,1484.957,987.698,4.75,33.472,34.771,1032.057
22/01/2024 14:02,987.859,1484.955,987.859,4.749,33.472,34.772,1032.059
22/01/2024 14:02,987.854,1484.92,987.854,4.75,33.466,34.763,1032.051
22/01/2024 14:02,987.656,1484.923,987.656,4.748,33.472,34.773,1032.059
22/01/2024 14:02,987.374,1484.924,987.374,4.746,33.47,34.773,1032.058
22/01/2024 14:02,987.085,1484.931,987.085,4.752,33.47,34.766,1032.05
22/01/2024 14:02,986.905,1484.926,986.905,4.749,33.47,34.77,1032.053
22/01/2024 14:02,986.895,1484.921,986.895,4.75,33.47,34.768,1032.051
22/01/2024 14:02,987.04,1484.911,987.04,4.747,33.47,34.772,1032.055
22/01/2024 14:02,987.353,1484.956,987.353,4.746,33.474,34.777,1032.061
22/01/2024 14:02,987.712,1484.939,987.712,4.755,33.466,34.758,1032.046
22/01/2024 14:02,988.013,1484.931,988.013,4.752,33.468,34.763,1032.052
22/01/2024 14:02,988.095,1484.946,988.095,4.75,33.47,34.768,1032.057
22/01/2024 14:02,987.965,1484.961,987.965,4.746,33.474,34.777,1032.064
22/01/2024 14:02,987.553,1484.937,987.553,4.753,33.47,34.764,1032.051
22/01/2024 14:02,987.152,1484.926,987.152,4.741,33.468,34.776,1032.06
22/01/2024 14:02,986.864,1484.897,986.864,4.746,33.468,34.771,1032.054
22/01/2024 14:02,986.748,1484.898,986.748,4.746,33.468,34.771,1032.053
22/01/2024 14:02,986.824,1484.894,986.824,4.742,33.466,34.772,1032.056
22/01/2024 14:02,987.127,1484.972,987.127,4.745,33.476,34.781,1032.063
22/01/2024 14:02,987.524,1484.897,987.524,4.751,33.464,34.76,1032.047
22/01/2024 14:02,987.879,1484.917,987.879,4.736,33.468,34.78,1032.067
22/01/2024 14:02,988.091,1484.95,988.091,4.746,33.476,34.779,1032.066
22/01/2024 14:02,988.05,1484.98,988.05,4.76,33.478,34.766,1032.054
22/01/2024 14:02,987.813,1484.981,987.813,4.764,33.476,34.76,1032.047
22/01/2024 14:02,987.481,1484.955,987.481,4.753,33.472,34.767,1032.052
22/01/2024 14:02,987.123,1484.919,987.123,4.747,33.466,34.767,1032.052
22/01/2024 14:02,986.929,1484.912,986.929,4.742,33.466,34.772,1032.056
22/01/2024 14:02,986.851,1484.911,986.851,4.746,33.468,34.771,1032.054
22/01/2024 14:02,986.93,1484.899,986.93,4.751,33.466,34.762,1032.047
22/01/2024 14:02,987.155,1484.942,987.155,4.752,33.472,34.768,1032.052
22/01/2024 14:02,987.398,1484.986,987.398,4.758,33.48,34.771,1032.055
22/01/2024 14:02,987.622,1484.94,987.622,4.759,33.474,34.763,1032.049
22/01/2024 14:02,987.792,1484.96,987.792,4.754,33.476,34.77,1032.056
22/01/2024 14:02,987.839,1484.957,987.839,4.756,33.478,34.77,1032.057
22/01/2024 14:02,987.848,1484.981,987.848,4.757,33.474,34.765,1032.052
22/01/2024 14:02,987.772,1484.954,987.772,4.755,33.476,34.769,1032.055
22/01/2024 14:02,987.583,1484.891,987.583,4.742,33.476,34.784,1032.068
22/01/2024 14:02,987.399,1484.902,987.399,4.738,33.474,34.785,1032.069
22/01/2024 14:02,987.143,1484.944,987.143,4.742,33.472,34.779,1032.062
22/01/2024 14:02,986.989,1484.928,986.989,4.748,33.466,34.766,1032.051
22/01/2024 14:02,986.927,1484.912,986.927,4.739,33.468,34.778,1032.061
22/01/2024 14:02,986.947,1484.92,986.947,4.75,33.47,34.768,1032.051
22/01/2024 14:02,987.127,1484.911,987.127,4.75,33.47,34.768,1032.052
22/01/2024 14:02,987.424,1484.945,987.424,4.749,33.47,34.77,1032.055
22/01/2024 14:02,987.766,1484.96,987.766,4.749,33.472,34.772,1032.058
22/01/2024 14:02,988.008,1484.944,988.008,4.743,33.47,34.775,1032.063
22/01/2024 14:02,988.073,1484.933,988.073,4.75,33.47,34.767,1032.056
22/01/2024 14:03,987.825,1484.917,987.825,4.744,33.47,34.775,1032.061
22/01/2024 14:03,987.506,1484.924,987.506,4.742,33.468,34.774,1032.06
22/01/2024 14:03,987.113,1484.898,987.113,4.746,33.466,34.768,1032.053
22/01/2024 14:03,986.921,1484.901,986.921,4.742,33.466,34.772,1032.056
22/01/2024 14:03,986.864,1484.889,986.864,4.745,33.466,34.769,1032.053
22/01/2024 14:03,987.039,1484.897,987.039,4.733,33.466,34.782,1032.065
22/01/2024 14:03,987.311,1484.931,987.311,4.741,33.466,34.773,1032.058
22/01/2024 14:03,987.586,1484.958,987.586,4.752,33.476,34.772,1032.057
22/01/2024 14:03,987.747,1484.965,987.747,4.756,33.478,34.77,1032.056
22/01/2024 14:03,987.764,1484.96,987.764,4.758,33.476,34.766,1032.053
22/01/2024 14:03,987.708,1484.94,987.708,4.751,33.472,34.769,1032.055
22/01/2024 14:03,987.614,1484.925,987.614,4.751,33.47,34.766,1032.053
22/01/2024 14:03,987.497,1484.915,987.497,4.745,33.468,34.771,1032.057
22/01/2024 14:03,987.341,1484.911,987.341,4.748,33.47,34.771,1032.056
22/01/2024 14:03,987.203,1484.911,987.203,4.742,33.468,34.775,1032.059
22/01/2024 14:03,987.115,1484.914,987.115,4.745,33.466,34.769,1032.054
22/01/2024 14:03,987.165,1484.911,987.165,4.745,33.464,34.767,1032.052
22/01/2024 14:03,987.32,1484.908,987.32,4.743,33.466,34.771,1032.057
22/01/2024 14:03,987.483,1484.928,987.483,4.738,33.466,34.776,1032.062
22/01/2024 14:03,987.56,1484.942,987.56,4.747,33.468,34.769,1032.056
22/01/2024 14:03,987.599,1484.928,987.599,4.74,33.468,34.776,1032.062
22/01/2024 14:03,987.528,1484.927,987.528,4.742,33.468,34.774,1032.06
22/01/2024 14:03,987.459,1484.92,987.459,4.741,33.468,34.775,1032.061
22/01/2024 14:03,987.414,1484.917,987.414,4.745,33.468,34.771,1032.057
22/01/2024 14:03,987.381,1484.915,987.381,4.746,33.466,34.768,1032.054
22/01/2024 14:03,987.375,1484.924,987.375,4.75,33.468,34.766,1032.052
22/01/2024 14:03,987.46,1484.922,987.46,4.746,33.468,34.77,1032.056
22/01/2024 14:03,987.518,1484.921,987.518,4.743,33.468,34.773,1032.059
22/01/2024 14:03,987.557,1484.925,987.557,4.746,33.466,34.768,1032.055
22/01/2024 14:03,987.526,1484.926,987.526,4.746,33.466,34.768,1032.055
22/01/2024 14:03,987.43,1484.914,987.43,4.741,33.466,34.773,1032.059
22/01/2024 14:03,987.333,1484.906,987.333,4.749,33.466,34.765,1032.051
22/01/2024 14:03,987.213,1484.905,987.213,4.745,33.466,34.769,1032.054
22/01/2024 14:03,987.144,1484.909,987.144,4.746,33.466,34.768,1032.053
22/01/2024 14:03,987.2,1484.908,987.2,4.747,33.466,34.767,1032.052
22/01/2024 14:03,987.315,1484.909,987.315,4.746,33.466,34.768,1032.054
22/01/2024 14:03,987.535,1484.92,987.535,4.745,33.466,34.769,1032.056
22/01/2024 14:03,987.703,1484.924,987.703,4.737,33.468,34.779,1032.066
22/01/2024 14:03,987.815,1484.911,987.815,4.745,33.464,34.767,1032.055
22/01/2024 14:03,987.802,1484.893,987.802,4.741,33.46,34.766,1032.055
22/01/2024 14:03,987.666,1484.901,987.666,4.74,33.464,34.772,1032.059
22/01/2024 14:03,987.424,1484.911,987.424,4.743,33.464,34.769,1032.055
22/01/2024 14:03,987.155,1484.902,987.155,4.74,33.464,34.772,1032.057
22/01/2024 14:03,987.019,1484.907,987.019,4.744,33.462,34.766,1032.051
22/01/2024 14:03,987.021,1484.905,987.021,4.734,33.464,34.778,1032.062
22/01/2024 14:03,987.201,1484.913,987.201,4.747,33.466,34.767,1032.052
22/01/2024 14:03,987.464,1484.928,987.464,4.749,33.464,34.763,1032.05
22/01/2024 14:03,987.693,1484.949,987.693,4.753,33.47,34.764,1032.051
22/01/2024 14:03,987.818,1484.944,987.818,4.75,33.474,34.772,1032.058
22/01/2024 14:03,987.754,1484.93,987.754,4.742,33.472,34.779,1032.065
22/01/2024 14:03,987.633,1484.92,987.633,4.749,33.468,34.767,1032.054
22/01/2024 14:03,987.464,1484.911,987.464,4.747,33.468,34.769,1032.055
22/01/2024 14:03,987.319,1484.907,987.319,4.737,33.466,34.777,1032.062
22/01/2024 14:03,987.193,1484.904,987.193,4.748,33.466,34.766,1032.051
22/01/2024 14:03,987.154,1484.909,987.154,4.745,33.466,34.769,1032.054
22/01/2024 14:03,987.169,1484.909,987.169,4.746,33.466,34.768,1032.053
22/01/2024 14:03,987.242,1484.912,987.242,4.74,33.468,34.777,1032.061
22/01/2024 14:03,987.388,1484.91,987.388,4.743,33.47,34.776,1032.061
22/01/2024 14:03,987.525,1484.91,987.525,4.74,33.468,34.776,1032.062
22/01/2024 14:03,987.611,1484.912,987.611,4.749,33.466,34.765,1032.052
22/01/2024 14:04,987.653,1484.914,987.653,4.748,33.464,34.764,1032.051
22/01/2024 14:04,987.591,1484.887,987.591,4.746,33.464,34.766,1032.053
22/01/2024 14:04,987.541,1484.87,987.541,4.734,33.47,34.785,1032.07
22/01/2024 14:04,987.46,1484.881,987.46,4.738,33.468,34.779,1032.064
22/01/2024 14:04,987.416,1484.883,987.416,4.742,33.47,34.777,1032.062
22/01/2024 14:04,987.416,1484.877,987.416,4.739,33.47,34.78,1032.064
22/01/2024 14:04,987.422,1484.88,987.422,4.738,33.466,34.776,1032.062
22/01/2024 14:04,987.393,1484.853,987.393,4.733,33.466,34.781,1032.066
22/01/2024 14:04,987.328,1484.867,987.328,4.736,33.464,34.776,1032.061
22/01/2024 14:04,987.311,1484.857,987.311,4.739,33.464,34.773,1032.059
22/01/2024 14:04,987.287,1484.877,987.287,4.74,33.462,34.77,1032.056
22/01/2024 14:04,987.325,1484.881,987.325,4.728,33.462,34.782,1032.067
22/01/2024 14:04,987.369,1484.877,987.369,4.727,33.458,34.778,1032.065
22/01/2024 14:04,987.372,1484.88,987.372,4.73,33.458,34.775,1032.062
22/01/2024 14:04,987.384,1484.863,987.384,4.725,33.456,34.778,1032.065
22/01/2024 14:04,987.431,1484.86,987.431,4.738,33.456,34.765,1032.053
22/01/2024 14:04,987.531,1484.874,987.531,4.736,33.454,34.764,1032.053
22/01/2024 14:04,987.656,1484.885,987.656,4.737,33.458,34.768,1032.056
22/01/2024 14:04,987.714,1484.882,987.714,4.737,33.456,34.766,1032.055
22/01/2024 14:04,987.706,1484.87,987.706,4.733,33.456,34.77,1032.059
22/01/2024 14:04,987.565,1484.837,987.565,4.723,33.458,34.782,1032.069
22/01/2024 14:04,987.387,1484.849,987.387,4.726,33.464,34.786,1032.071
22/01/2024 14:04,987.227,1484.881,987.227,4.73,33.464,34.782,1032.067
22/01/2024 14:04,987.208,1484.89,987.208,4.736,33.464,34.776,1032.061
22/01/2024 14:04,987.229,1484.889,987.229,4.739,33.464,34.773,1032.058
22/01/2024 14:04,987.352,1484.869,987.352,4.734,33.46,34.773,1032.06
22/01/2024 14:04,987.39,1484.872,987.39,4.737,33.456,34.766,1032.053
22/01/2024 14:04,987.389,1484.879,987.389,4.733,33.458,34.772,1032.059
22/01/2024 14:04,987.344,1484.881,987.344,4.736,33.456,34.767,1032.054
22/01/2024 14:04,987.362,1484.88,987.362,4.736,33.46,34.771,1032.058
22/01/2024 14:04,987.384,1484.876,987.384,4.738,33.458,34.767,1032.054
22/01/2024 14:04,987.503,1484.894,987.503,4.738,33.46,34.769,1032.057
22/01/2024 14:04,987.664,1484.901,987.664,4.746,33.462,34.763,1032.052
22/01/2024 14:04,987.777,1484.891,987.777,4.739,33.464,34.773,1032.06
22/01/2024 14:04,987.792,1484.879,987.792,4.733,33.464,34.779,1032.066
22/01/2024 14:04,987.622,1484.887,987.622,4.734,33.464,34.778,1032.065
22/01/2024 14:04,987.367,1484.877,987.367,4.732,33.464,34.78,1032.065
22/01/2024 14:04,987.079,1484.874,987.079,4.735,33.464,34.777,1032.061
22/01/2024 14:04,986.901,1484.889,986.901,4.738,33.464,34.774,1032.058
22/01/2024 14:04,986.933,1484.891,986.933,4.743,33.464,34.769,1032.053
22/01/2024 14:04,987.17,1484.898,987.17,4.745,33.464,34.767,1032.052
22/01/2024 14:04,987.523,1484.936,987.523,4.747,33.466,34.767,1032.054
22/01/2024 14:04,987.82,1484.897,987.82,4.746,33.46,34.761,1032.05
22/01/2024 14:04,987.936,1484.907,987.936,4.734,33.464,34.778,1032.066
22/01/2024 14:04,987.839,1484.916,987.839,4.729,33.464,34.783,1032.07
22/01/2024 14:04,987.565,1484.9,987.565,4.737,33.466,34.777,1032.063
22/01/2024 14:04,987.281,1484.907,987.281,4.74,33.464,34.772,1032.057
22/01/2024 14:04,987.096,1484.881,987.096,4.745,33.464,34.767,1032.052
22/01/2024 14:04,986.997,1484.847,986.997,4.747,33.462,34.763,1032.048
22/01/2024 14:04,987.102,1484.873,987.102,4.744,33.46,34.763,1032.049
22/01/2024 14:04,987.289,1484.915,987.289,4.735,33.464,34.777,1032.062
22/01/2024 14:04,987.504,1484.931,987.504,4.746,33.464,34.766,1032.053
22/01/2024 14:04,987.657,1484.935,987.657,4.738,33.466,34.776,1032.063
22/01/2024 14:04,987.689,1484.921,987.689,4.748,33.466,34.766,1032.053
22/01/2024 14:04,987.678,1484.917,987.678,4.748,33.464,34.764,1032.052
22/01/2024 14:04,987.596,1484.91,987.596,4.739,33.466,34.775,1032.062
22/01/2024 14:04,987.491,1484.906,987.491,4.745,33.466,34.769,1032.055
22/01/2024 14:04,987.362,1484.902,987.362,4.735,33.466,34.779,1032.064
22/01/2024 14:04,987.341,1484.898,987.341,4.741,33.466,34.773,1032.059
22/01/2024 14:04,987.314,1484.908,987.314,4.744,33.468,34.772,1032.057
22/01/2024 14:05,987.319,1484.91,987.319,4.746,33.466,34.768,1032.054
22/01/2024 14:05,987.336,1484.907,987.336,4.744,33.466,34.77,1032.056
22/01/2024 14:05,987.349,1484.908,987.349,4.746,33.464,34.766,1032.052
22/01/2024 14:05,987.376,1484.906,987.376,4.748,33.466,34.766,1032.052
22/01/2024 14:05,987.354,1484.904,987.354,4.742,33.464,34.77,1032.056
22/01/2024 14:05,987.387,1484.898,987.387,4.74,33.466,34.774,1032.06
22/01/2024 14:05,987.442,1484.898,987.442,4.74,33.466,34.774,1032.06
22/01/2024 14:05,987.54,1484.9,987.54,4.737,33.464,34.775,1032.061
22/01/2024 14:05,987.617,1484.908,987.617,4.744,33.464,34.768,1032.055
22/01/2024 14:05,987.653,1484.904,987.653,4.743,33.466,34.771,1032.058
22/01/2024 14:05,987.629,1484.898,987.629,4.743,33.462,34.766,1032.054
22/01/2024 14:05,987.5,1484.899,987.5,4.739,33.464,34.773,1032.059
22/01/2024 14:05,987.324,1484.905,987.324,4.745,33.466,34.769,1032.055
22/01/2024 14:05,987.133,1484.896,987.133,4.734,33.464,34.778,1032.063
22/01/2024 14:05,987.029,1484.898,987.029,4.738,33.462,34.772,1032.056
22/01/2024 14:05,987.078,1484.898,987.078,4.73,33.462,34.78,1032.064
22/01/2024 14:05,987.242,1484.899,987.242,4.741,33.464,34.771,1032.056
22/01/2024 14:05,987.473,1484.904,987.473,4.744,33.464,34.768,1032.055
22/01/2024 14:05,987.735,1484.909,987.735,4.743,33.464,34.769,1032.057
22/01/2024 14:05,987.877,1484.927,987.877,4.736,33.468,34.78,1032.067
22/01/2024 14:05,987.824,1484.916,987.824,4.739,33.464,34.773,1032.061
22/01/2024 14:05,987.662,1484.903,987.662,4.739,33.464,34.773,1032.06
22/01/2024 14:05,987.395,1484.898,987.395,4.73,33.464,34.782,1032.067
22/01/2024 14:05,987.179,1484.899,987.179,4.731,33.464,34.781,1032.066
22/01/2024 14:05,987.094,1484.898,987.094,4.739,33.464,34.773,1032.058
22/01/2024 14:05,987.125,1484.892,987.125,4.742,33.464,34.77,1032.055
22/01/2024 14:05,987.225,1484.882,987.225,4.74,33.462,34.77,1032.055
22/01/2024 14:05,987.405,1484.898,987.405,4.739,33.464,34.773,1032.059
22/01/2024 14:05,987.552,1484.925,987.552,4.745,33.47,34.774,1032.059
22/01/2024 14:05,987.606,1484.919,987.606,4.747,33.472,34.774,1032.06
22/01/2024 14:05,987.655,1484.926,987.655,4.739,33.472,34.782,1032.067
22/01/2024 14:05,987.571,1484.91,987.571,4.74,33.472,34.781,1032.066
22/01/2024 14:05,987.423,1484.903,987.423,4.744,33.47,34.775,1032.06
22/01/2024 14:05,987.245,1484.895,987.245,4.744,33.464,34.768,1032.054
22/01/2024 14:05,987.19,1484.893,987.19,4.745,33.462,34.765,1032.051
22/01/2024 14:05,987.19,1484.895,987.19,4.743,33.462,34.767,1032.052
22/01/2024 14:05,987.326,1484.897,987.326,4.732,33.462,34.778,1032.063
22/01/2024 14:05,987.512,1484.92,987.512,4.739,33.462,34.771,1032.058
22/01/2024 14:05,987.644,1484.923,987.644,4.744,33.466,34.77,1032.057
22/01/2024 14:05,987.626,1484.917,987.626,4.744,33.466,34.77,1032.057
22/01/2024 14:05,987.515,1484.914,987.515,4.744,33.464,34.768,1032.055
22/01/2024 14:05,987.356,1484.897,987.356,4.742,33.466,34.772,1032.058
22/01/2024 14:05,987.21,1484.899,987.21,4.746,33.464,34.766,1032.052
22/01/2024 14:05,987.244,1484.9,987.244,4.739,33.464,34.773,1032.058
22/01/2024 14:05,987.366,1484.9,987.366,4.735,33.462,34.775,1032.061
22/01/2024 14:05,987.534,1484.905,987.534,4.742,33.462,34.767,1032.055
22/01/2024 14:05,987.643,1484.907,987.643,4.741,33.464,34.771,1032.058
22/01/2024 14:05,987.579,1484.905,987.579,4.741,33.462,34.768,1032.056
22/01/2024 14:05,987.471,1484.901,987.471,4.744,33.464,34.768,1032.055
22/01/2024 14:05,987.338,1484.9,987.338,4.741,33.464,34.771,1032.057
22/01/2024 14:05,987.242,1484.901,987.242,4.739,33.464,34.773,1032.058
22/01/2024 14:05,987.323,1484.904,987.323,4.745,33.464,34.767,1032.053
22/01/2024 14:05,987.418,1484.909,987.418,4.746,33.464,34.766,1032.052
22/01/2024 14:05,987.524,1484.905,987.524,4.735,33.462,34.775,1032.061
22/01/2024 14:05,987.503,1484.899,987.503,4.735,33.462,34.775,1032.061
22/01/2024 14:05,987.417,1484.902,987.417,4.741,33.462,34.769,1032.055
22/01/2024 14:05,987.295,1484.902,987.295,4.746,33.462,34.763,1032.05
22/01/2024 14:05,987.231,1484.902,987.231,4.735,33.464,34.777,1032.062
22/01/2024 14:05,987.279,1484.901,987.279,4.733,33.464,34.779,1032.064
22/01/2024 14:05,987.394,1484.906,987.394,4.742,33.464,34.77,1032.056
22/01/2024 14:06,987.535,1484.909,987.535,4.741,33.462,34.768,1032.056
22/01/2024 14:06,987.711,1484.911,987.711,4.74,33.464,34.772,1032.059
22/01/2024 14:06,987.724,1484.909,987.724,4.734,33.462,34.776,1032.063
22/01/2024 14:06,987.633,1484.901,987.633,4.744,33.462,34.765,1032.053
22/01/2024 14:06,987.455,1484.903,987.455,4.736,33.462,34.774,1032.06
22/01/2024 14:06,987.311,1484.897,987.311,4.741,33.462,34.769,1032.055
22/01/2024 14:06,987.19,1484.899,987.19,4.742,33.462,34.768,1032.053
22/01/2024 14:06,987.179,1484.897,987.179,4.739,33.462,34.771,1032.056
22/01/2024 14:06,987.227,1484.899,987.227,4.74,33.462,34.77,1032.055
22/01/2024 14:06,987.37,1484.893,987.37,4.745,33.462,34.764,1032.051
22/01/2024 14:06,987.542,1484.907,987.542,4.742,33.46,34.765,1032.053
22/01/2024 14:06,987.554,1484.913,987.554,4.744,33.464,34.768,1032.055
22/01/2024 14:06,987.533,1484.91,987.533,4.745,33.464,34.767,1032.054
22/01/2024 14:06,987.431,1484.896,987.431,4.741,33.464,34.771,1032.057
22/01/2024 14:06,987.381,1484.891,987.381,4.743,33.464,34.769,1032.055
22/01/2024 14:06,987.365,1484.891,987.365,4.734,33.466,34.78,1032.065
22/01/2024 14:06,987.365,1484.896,987.365,4.738,33.464,34.774,1032.06
22/01/2024 14:06,987.479,1484.91,987.479,4.729,33.464,34.783,1032.069
22/01/2024 14:06,987.542,1484.922,987.542,4.749,33.466,34.765,1032.052
22/01/2024 14:06,987.56,1484.918,987.56,4.745,33.468,34.771,1032.058
22/01/2024 14:06,987.528,1484.912,987.528,4.744,33.466,34.77,1032.057
22/01/2024 14:06,987.363,1484.899,987.363,4.74,33.466,34.774,1032.06
22/01/2024 14:06,987.193,1484.901,987.193,4.747,33.468,34.769,1032.054
22/01/2024 14:06,987.082,1484.93,987.082,4.745,33.47,34.774,1032.057
22/01/2024 14:06,987.096,1484.928,987.096,4.751,33.472,34.769,1032.053
22/01/2024 14:06,987.28,1484.892,987.28,4.745,33.466,34.769,1032.055
22/01/2024 14:06,987.565,1484.933,987.565,4.744,33.462,34.765,1032.053
22/01/2024 14:06,987.76,1484.942,987.76,4.746,33.468,34.77,1032.057
22/01/2024 14:06,987.842,1484.928,987.842,4.74,33.468,34.776,1032.063
22/01/2024 14:06,987.803,1484.908,987.803,4.743,33.468,34.773,1032.06
22/01/2024 14:06,987.607,1484.908,987.607,4.745,33.466,34.769,1032.056
22/01/2024 14:06,987.37,1484.906,987.37,4.746,33.466,34.768,1032.054
22/01/2024 14:06,987.228,1484.901,987.228,4.747,33.466,34.767,1032.052
22/01/2024 14:06,987.165,1484.909,987.165,4.747,33.466,34.767,1032.052
22/01/2024 14:06,987.167,1484.91,987.167,4.735,33.466,34.779,1032.064
22/01/2024 14:06,987.244,1484.901,987.244,4.747,33.468,34.769,1032.054
22/01/2024 14:06,987.293,1484.898,987.293,4.749,33.466,34.765,1032.051
22/01/2024 14:06,987.363,1484.901,987.363,4.747,33.464,34.765,1032.051
22/01/2024 14:06,987.39,1484.9,987.39,4.749,33.462,34.76,1032.048
22/01/2024 14:06,987.399,1484.907,987.399,4.74,33.464,34.772,1032.058
22/01/2024 14:06,987.465,1484.937,987.465,4.75,33.464,34.762,1032.049
22/01/2024 14:06,987.524,1484.951,987.524,4.75,33.468,34.766,1032.053
22/01/2024 14:06,987.61,1484.974,987.61,4.756,33.468,34.759,1032.046
22/01/2024 14:06,987.665,1484.954,987.665,4.758,33.47,34.759,1032.047
22/01/2024 14:06,987.653,1484.926,987.653,4.75,33.474,34.773,1032.059
22/01/2024 14:06,987.515,1484.914,987.515,4.744,33.476,34.782,1032.066
22/01/2024 14:06,987.312,1484.916,987.312,4.747,33.472,34.774,1032.058
22/01/2024 14:06,987.164,1484.917,987.164,4.743,33.47,34.776,1032.06
22/01/2024 14:06,987.162,1484.917,987.162,4.75,33.47,34.768,1032.052
22/01/2024 14:06,987.276,1484.912,987.276,4.75,33.472,34.771,1032.055
22/01/2024 14:06,987.453,1484.944,987.453,4.75,33.47,34.769,1032.054
22/01/2024 14:06,987.578,1484.944,987.578,4.739,33.472,34.782,1032.067
22/01/2024 14:06,987.617,1484.94,987.617,4.747,33.47,34.772,1032.058
22/01/2024 14:06,987.579,1484.932,987.579,4.75,33.47,34.768,1032.055
22/01/2024 14:06,987.463,1484.928,987.463,4.741,33.472,34.78,1032.065
22/01/2024 14:06,987.353,1484.913,987.353,4.73,33.472,34.791,1032.074
22/01/2024 14:06,987.238,1484.914,987.238,4.742,33.468,34.775,1032.059
22/01/2024 14:06,987.232,1484.91,987.232,4.74,33.468,34.777,1032.061
22/01/2024 14:06,987.262,1484.912,987.262,4.74,33.466,34.774,1032.059
22/01/2024 14:06,987.343,1484.922,987.343,4.755,33.466,34.758,1032.044
22/01/2024 14:07,987.528,1484.934,987.528,4.752,33.468,34.763,1032.05
22/01/2024 14:07,987.678,1484.934,987.678,4.753,33.472,34.767,1032.053
22/01/2024 14:07,987.72,1484.911,987.72,4.747,33.462,34.762,1032.051
22/01/2024 14:07,987.662,1484.886,987.662,4.737,33.462,34.773,1032.06
22/01/2024 14:07,987.442,1484.888,987.442,4.732,33.468,34.785,1032.069
22/01/2024 14:07,987.226,1484.913,987.226,4.736,33.468,34.781,1032.065
22/01/2024 14:07,987.069,1484.912,987.069,4.745,33.468,34.772,1032.056
22/01/2024 14:07,987.065,1484.903,987.065,4.745,33.464,34.767,1032.052
22/01/2024 14:07,987.198,1484.913,987.198,4.745,33.466,34.769,1032.054
22/01/2024 14:07,987.477,1484.932,987.477,4.746,33.47,34.773,1032.058
22/01/2024 14:07,987.706,1484.957,987.706,4.754,33.472,34.766,1032.052
22/01/2024 14:07,987.766,1484.941,987.766,4.752,33.472,34.768,1032.055
22/01/2024 14:07,987.679,1484.92,987.679,4.748,33.466,34.766,1032.053
22/01/2024 14:07,987.512,1484.909,987.512,4.743,33.47,34.776,1032.061
22/01/2024 14:07,987.322,1484.912,987.322,4.747,33.466,34.767,1032.053
22/01/2024 14:07,987.22,1484.912,987.22,4.743,33.466,34.771,1032.056
22/01/2024 14:07,987.244,1484.918,987.244,4.739,33.466,34.775,1032.06
22/01/2024 14:07,987.295,1484.913,987.295,4.742,33.468,34.775,1032.059
22/01/2024 14:07,987.406,1484.916,987.406,4.745,33.464,34.767,1032.053
22/01/2024 14:07,987.529,1484.922,987.529,4.744,33.466,34.77,1032.057
22/01/2024 14:07,987.554,1484.929,987.554,4.746,33.466,34.768,1032.055
22/01/2024 14:07,987.574,1484.922,987.574,4.744,33.468,34.772,1032.059
22/01/2024 14:07,987.526,1484.913,987.526,4.74,33.464,34.772,1032.058
22/01/2024 14:07,987.42,1484.907,987.42,4.736,33.468,34.781,1032.065
22/01/2024 14:07,987.237,1484.906,987.237,4.743,33.466,34.771,1032.056
22/01/2024 14:07,987.204,1484.912,987.204,4.747,33.466,34.767,1032.052
22/01/2024 14:07,987.224,1484.911,987.224,4.748,33.468,34.768,1032.053
22/01/2024 14:07,987.384,1484.915,987.384,4.747,33.466,34.767,1032.053
22/01/2024 14:07,987.551,1484.927,987.551,4.747,33.466,34.767,1032.054
22/01/2024 14:07,987.673,1484.936,987.673,4.742,33.466,34.772,1032.059
22/01/2024 14:07,987.677,1484.917,987.677,4.743,33.468,34.773,1032.06
22/01/2024 14:07,987.651,1484.907,987.651,4.738,33.466,34.776,1032.063
22/01/2024 14:07,987.508,1484.911,987.508,4.743,33.464,34.769,1032.056
22/01/2024 14:07,987.357,1484.91,987.357,4.744,33.466,34.77,1032.056
22/01/2024 14:07,987.225,1484.919,987.225,4.742,33.466,34.772,1032.057
22/01/2024 14:07,987.136,1484.92,987.136,4.744,33.468,34.773,1032.057
22/01/2024 14:07,987.162,1484.924,987.162,4.753,33.47,34.765,1032.049
22/01/2024 14:07,987.234,1484.909,987.234,4.737,33.468,34.78,1032.064
22/01/2024 14:07,987.388,1484.907,987.388,4.751,33.464,34.76,1032.047
22/01/2024 14:07,987.539,1484.92,987.539,4.739,33.468,34.777,1032.063
22/01/2024 14:07,987.662,1484.923,987.662,4.748,33.466,34.766,1032.053
22/01/2024 14:07,987.66,1484.912,987.66,4.741,33.466,34.773,1032.06
22/01/2024 14:07,987.541,1484.91,987.541,4.741,33.464,34.771,1032.058
22/01/2024 14:07,987.396,1484.896,987.396,4.746,33.47,34.773,1032.058
22/01/2024 14:07,987.296,1484.914,987.296,4.743,33.47,34.776,1032.06
22/01/2024 14:07,987.259,1484.913,987.259,4.744,33.468,34.772,1032.057
22/01/2024 14:07,987.404,1484.913,987.404,4.75,33.468,34.766,1032.052
22/01/2024 14:07,987.543,1484.913,987.543,4.74,33.466,34.774,1032.06
22/01/2024 14:07,987.633,1484.906,987.633,4.734,33.464,34.778,1032.065
22/01/2024 14:07,987.611,1484.899,987.611,4.745,33.464,34.767,1032.054
22/01/2024 14:07,987.478,1484.882,987.478,4.741,33.462,34.769,1032.056
22/01/2024 14:07,987.264,1484.902,987.264,4.742,33.47,34.777,1032.061
22/01/2024 14:07,987.139,1484.923,987.139,4.743,33.47,34.776,1032.06
22/01/2024 14:07,987.128,1484.918,987.128,4.754,33.466,34.759,1032.045
22/01/2024 14:07,987.216,1484.912,987.216,4.737,33.466,34.777,1032.062
22/01/2024 14:07,987.432,1484.912,987.432,4.747,33.466,34.767,1032.053
22/01/2024 14:07,987.59,1484.925,987.59,4.742,33.466,34.772,1032.059
22/01/2024 14:07,987.671,1484.912,987.671,4.749,33.468,34.767,1032.054
22/01/2024 14:07,987.681,1484.906,987.681,4.743,33.466,34.771,1032.058
22/01/2024 14:07,987.621,1484.91,987.621,4.742,33.464,34.77,1032.057
22/01/2024 14:08,987.518,1484.909,987.518,4.746,33.464,34.766,1032.053
22/01/2024 14:08,987.377,1484.902,987.377,4.745,33.468,34.771,1032.057
22/01/2024 14:08,987.246,1484.901,987.246,4.738,33.466,34.776,1032.061
22/01/2024 14:08,987.091,1484.899,987.091,4.738,33.466,34.776,1032.06
22/01/2024 14:08,987.052,1484.903,987.052,4.745,33.468,34.772,1032.055
22/01/2024 14:08,987.15,1484.906,987.15,4.743,33.468,34.774,1032.058
22/01/2024 14:08,987.35,1484.904,987.35,4.747,33.464,34.765,1032.051
22/01/2024 14:08,987.599,1484.927,987.599,4.745,33.468,34.771,1032.058
22/01/2024 14:08,987.751,1484.929,987.751,4.742,33.468,34.774,1032.061
22/01/2024 14:08,987.817,1484.907,987.817,4.745,33.466,34.769,1032.057
22/01/2024 14:08,987.694,1484.899,987.694,4.742,33.466,34.772,1032.059
22/01/2024 14:08,987.505,1484.89,987.505,4.744,33.468,34.772,1032.058
22/01/2024 14:08,987.275,1484.901,987.275,4.737,33.468,34.78,1032.064
22/01/2024 14:08,987.213,1484.92,987.213,4.742,33.468,34.775,1032.059
22/01/2024 14:08,987.211,1484.918,987.211,4.743,33.47,34.776,1032.06
22/01/2024 14:08,987.258,1484.916,987.258,4.744,33.47,34.775,1032.059
22/01/2024 14:08,987.31,1484.912,987.31,4.749,33.466,34.765,1032.051
22/01/2024 14:08,987.335,1484.92,987.335,4.747,33.468,34.769,1032.055
22/01/2024 14:08,987.388,1484.919,987.388,4.74,33.468,34.777,1032.062
22/01/2024 14:08,987.463,1484.932,987.463,4.74,33.468,34.776,1032.062
22/01/2024 14:08,987.571,1484.947,987.571,4.75,33.468,34.766,1032.053
22/01/2024 14:08,987.642,1484.957,987.642,4.75,33.47,34.768,1032.055
22/01/2024 14:08,987.666,1484.932,987.666,4.742,33.47,34.777,1032.063
22/01/2024 14:08,987.63,1484.926,987.63,4.753,33.47,34.764,1032.051
22/01/2024 14:08,987.529,1484.916,987.529,4.742,33.47,34.777,1032.062
22/01/2024 14:08,987.341,1484.915,987.341,4.746,33.47,34.773,1032.058
22/01/2024 14:08,987.209,1484.909,987.209,4.749,33.47,34.77,1032.054
22/01/2024 14:08,987.111,1484.898,987.111,4.75,33.472,34.771,1032.055
22/01/2024 14:08,987.092,1484.914,987.092,4.746,33.472,34.775,1032.058
22/01/2024 14:08,987.187,1484.91,987.187,4.75,33.47,34.768,1032.052
22/01/2024 14:08,987.291,1484.901,987.291,4.75,33.466,34.764,1032.05
22/01/2024 14:08,987.486,1484.91,987.486,4.745,33.468,34.771,1032.057
22/01/2024 14:08,987.64,1484.948,987.64,4.742,33.47,34.777,1032.063
22/01/2024 14:08,987.714,1484.916,987.714,4.749,33.47,34.769,1032.056
22/01/2024 14:08,987.702,1484.914,987.702,4.75,33.47,34.768,1032.055
22/01/2024 14:08,987.588,1484.916,987.588,4.742,33.47,34.777,1032.062
22/01/2024 14:08,987.462,1484.918,987.462,4.739,33.47,34.78,1032.065
22/01/2024 14:08,987.346,1484.914,987.346,4.745,33.468,34.771,1032.057
22/01/2024 14:08,987.276,1484.914,987.276,4.751,33.468,34.764,1032.05
22/01/2024 14:08,987.247,1484.911,987.247,4.745,33.468,34.771,1032.056
22/01/2024 14:08,987.305,1484.918,987.305,4.749,33.466,34.765,1032.051
22/01/2024 14:08,987.381,1484.918,987.381,4.748,33.468,34.768,1032.054
22/01/2024 14:08,987.372,1484.917,987.372,4.748,33.466,34.766,1032.052
22/01/2024 14:08,987.382,1484.913,987.382,4.747,33.466,34.767,1032.053
22/01/2024 14:08,987.341,1484.908,987.341,4.746,33.466,34.768,1032.054
22/01/2024 14:08,987.345,1484.91,987.345,4.742,33.466,34.772,1032.058
22/01/2024 14:08,987.373,1484.911,987.373,4.745,33.466,34.769,1032.055
22/01/2024 14:08,987.442,1484.914,987.442,4.743,33.466,34.771,1032.057
22/01/2024 14:08,987.533,1484.936,987.533,4.748,33.466,34.766,1032.053
22/01/2024 14:08,987.586,1484.909,987.586,4.746,33.47,34.773,1032.059
22/01/2024 14:08,987.565,1484.863,987.565,4.741,33.466,34.773,1032.06
22/01/2024 14:08,987.508,1484.881,987.508,4.737,33.462,34.773,1032.059
22/01/2024 14:08,987.456,1484.889,987.456,4.738,33.462,34.772,1032.058
22/01/2024 14:08,987.36,1484.891,987.36,4.736,33.464,34.776,1032.062
22/01/2024 14:08,987.308,1484.895,987.308,4.74,33.466,34.774,1032.059
22/01/2024 14:08,987.335,1484.892,987.335,4.735,33.468,34.782,1032.066
22/01/2024 14:08,987.391,1484.898,987.391,4.737,33.466,34.777,1032.063
22/01/2024 14:08,987.449,1484.889,987.449,4.744,33.468,34.772,1032.058
22/01/2024 14:08,987.482,1484.874,987.482,4.742,33.466,34.772,1032.058
22/01/2024 14:08,987.417,1484.869,987.417,4.742,33.464,34.77,1032.056
22/01/2024 14:09,987.326,1484.892,987.326,4.744,33.464,34.768,1032.054
22/01/2024 14:09,987.258,1484.904,987.258,4.734,33.464,34.778,1032.063
22/01/2024 14:09,987.265,1484.894,987.265,4.736,33.464,34.776,1032.061
22/01/2024 14:09,987.373,1484.896,987.373,4.733,33.466,34.781,1032.066
22/01/2024 14:09,987.519,1484.885,987.519,4.742,33.462,34.767,1032.055
22/01/2024 14:09,987.645,1484.897,987.645,4.742,33.46,34.765,1032.053
22/01/2024 14:09,987.697,1484.867,987.697,4.741,33.46,34.766,1032.055
22/01/2024 14:09,987.583,1484.879,987.583,4.736,33.458,34.769,1032.057
22/01/2024 14:09,987.348,1484.898,987.348,4.735,33.468,34.782,1032.066
22/01/2024 14:09,987.122,1484.919,987.122,4.736,33.47,34.783,1032.066
22/01/2024 14:09,987.015,1484.909,987.015,4.748,33.466,34.766,1032.051
22/01/2024 14:09,987.062,1484.904,987.062,4.736,33.466,34.778,1032.062
22/01/2024 14:09,987.218,1484.907,987.218,4.743,33.466,34.771,1032.056
22/01/2024 14:09,987.516,1484.927,987.516,4.748,33.468,34.768,1032.055
22/01/2024 14:09,987.723,1484.946,987.723,4.75,33.468,34.765,1032.053
22/01/2024 14:09,987.825,1484.947,987.825,4.75,33.476,34.774,1032.06
22/01/2024 14:09,987.71,1484.925,987.71,4.749,33.47,34.769,1032.056
22/01/2024 14:09,987.479,1484.91,987.479,4.744,33.468,34.772,1032.058
22/01/2024 14:09,987.223,1484.897,987.223,4.744,33.466,34.77,1032.055
22/01/2024 14:09,987.129,1484.906,987.129,4.741,33.466,34.773,1032.058
22/01/2024 14:09,987.19,1484.916,987.19,4.75,33.468,34.766,1032.051
22/01/2024 14:09,987.309,1484.897,987.309,4.748,33.47,34.771,1032.056
22/01/2024 14:09,987.493,1484.93,987.493,4.752,33.466,34.761,1032.048
22/01/2024 14:09,987.563,1484.947,987.563,4.752,33.468,34.763,1032.05
22/01/2024 14:09,987.563,1484.94,987.563,4.749,33.47,34.77,1032.056
22/01/2024 14:09,987.466,1484.947,987.466,4.745,33.47,34.774,1032.059
22/01/2024 14:09,987.368,1484.927,987.368,4.75,33.468,34.765,1032.051
22/01/2024 14:09,987.255,1484.912,987.255,4.74,33.466,34.774,1032.059
22/01/2024 14:09,987.304,1484.915,987.304,4.749,33.466,34.765,1032.051
22/01/2024 14:09,987.394,1484.92,987.394,4.747,33.466,34.767,1032.053
22/01/2024 14:09,987.547,1484.929,987.547,4.741,33.468,34.775,1032.061
22/01/2024 14:09,987.652,1484.932,987.652,4.749,33.468,34.767,1032.054
22/01/2024 14:09,987.664,1484.924,987.664,4.745,33.468,34.771,1032.058
22/01/2024 14:09,987.529,1484.911,987.529,4.746,33.468,34.77,1032.056
22/01/2024 14:09,987.294,1484.897,987.294,4.746,33.466,34.768,1032.054
22/01/2024 14:09,987.142,1484.901,987.142,4.743,33.466,34.771,1032.056
22/01/2024 14:09,987.1,1484.898,987.1,4.745,33.466,34.769,1032.054
22/01/2024 14:09,987.211,1484.901,987.211,4.744,33.466,34.77,1032.055
22/01/2024 14:09,987.421,1484.907,987.421,4.736,33.466,34.778,1032.064
22/01/2024 14:09,987.636,1484.93,987.636,4.742,33.468,34.774,1032.061
22/01/2024 14:09,987.768,1484.918,987.768,4.752,33.468,34.763,1032.051
22/01/2024 14:09,987.769,1484.922,987.769,4.744,33.468,34.772,1032.059
22/01/2024 14:09,987.661,1484.908,987.661,4.741,33.466,34.773,1032.06
22/01/2024 14:09,987.447,1484.902,987.447,4.738,33.468,34.779,1032.064
22/01/2024 14:09,987.273,1484.887,987.273,4.745,33.466,34.769,1032.055
22/01/2024 14:09,987.127,1484.9,987.127,4.739,33.468,34.778,1032.061
22/01/2024 14:09,987.067,1484.924,987.067,4.745,33.468,34.772,1032.056
22/01/2024 14:09,987.08,1484.91,987.08,4.745,33.47,34.774,1032.057
22/01/2024 14:09,987.187,1484.901,987.187,4.746,33.466,34.768,1032.053
22/01/2024 14:09,987.385,1484.919,987.385,4.741,33.468,34.775,1032.061
22/01/2024 14:09,987.614,1484.934,987.614,4.749,33.468,34.767,1032.054
22/01/2024 14:09,987.769,1484.918,987.769,4.745,33.468,34.771,1032.058
22/01/2024 14:09,987.79,1484.872,987.79,4.733,33.462,34.777,1032.064
22/01/2024 14:09,987.704,1484.891,987.704,4.742,33.468,34.774,1032.061
22/01/2024 14:09,987.523,1484.904,987.523,4.736,33.466,34.778,1032.064
22/01/2024 14:09,987.331,1484.892,987.331,4.738,33.464,34.774,1032.06
22/01/2024 14:09,987.242,1484.903,987.242,4.742,33.464,34.77,1032.055
22/01/2024 14:09,987.259,1484.901,987.259,4.741,33.464,34.771,1032.056
22/01/2024 14:09,987.302,1484.905,987.302,4.746,33.464,34.766,1032.052
22/01/2024 14:09,987.324,1484.906,987.324,4.743,33.466,34.771,1032.057
22/01/2024 14:10,987.345,1484.899,987.345,4.741,33.464,34.771,1032.057
22/01/2024 14:10,987.322,1484.896,987.322,4.738,33.464,34.774,1032.06
22/01/2024 14:10,987.296,1484.884,987.296,4.741,33.462,34.769,1032.055
22/01/2024 14:10,987.435,1484.91,987.435,4.745,33.464,34.767,1032.053
22/01/2024 14:10,987.606,1484.906,987.606,4.741,33.466,34.773,1032.06
22/01/2024 14:10,987.686,1484.904,987.686,4.736,33.464,34.776,1032.063
22/01/2024 14:10,987.693,1484.898,987.693,4.74,33.464,34.772,1032.059
22/01/2024 14:10,987.59,1484.889,987.59,4.741,33.468,34.775,1032.061
22/01/2024 14:10,987.425,1484.897,987.425,4.741,33.466,34.773,1032.059
22/01/2024 14:10,987.252,1484.879,987.252,4.741,33.464,34.771,1032.056
22/01/2024 14:10,987.174,1484.887,987.174,4.74,33.464,34.772,1032.057
22/01/2024 14:10,987.194,1484.881,987.194,4.733,33.46,34.775,1032.06
22/01/2024 14:10,987.227,1484.884,987.227,4.742,33.462,34.768,1032.054
22/01/2024 14:10,987.313,1484.878,987.313,4.74,33.46,34.767,1032.054
22/01/2024 14:10,987.379,1484.878,987.379,4.731,33.458,34.774,1032.061
22/01/2024 14:10,987.455,1484.874,987.455,4.735,33.458,34.77,1032.057
22/01/2024 14:10,987.555,1484.874,987.555,4.733,33.456,34.77,1032.058
22/01/2024 14:10,987.63,1484.89,987.63,4.726,33.458,34.779,1032.067
22/01/2024 14:10,987.66,1484.898,987.66,4.736,33.458,34.769,1032.057
22/01/2024 14:10,987.621,1484.891,987.621,4.735,33.46,34.772,1032.06
22/01/2024 14:10,987.554,1484.877,987.554,4.736,33.46,34.771,1032.059
22/01/2024 14:10,987.486,1484.844,987.486,4.729,33.46,34.778,1032.065
22/01/2024 14:10,987.402,1484.848,987.402,4.722,33.46,34.786,1032.071
22/01/2024 14:10,987.296,1484.854,987.296,4.73,33.462,34.78,1032.065
22/01/2024 14:10,987.205,1484.863,987.205,4.727,33.462,34.783,1032.068
22/01/2024 14:10,987.164,1484.867,987.164,4.728,33.462,34.782,1032.066
22/01/2024 14:10,987.082,1484.87,987.082,4.734,33.46,34.774,1032.059
22/01/2024 14:10,987.148,1484.872,987.148,4.738,33.464,34.774,1032.059
22/01/2024 14:10,987.351,1484.877,987.351,4.738,33.46,34.769,1032.056
22/01/2024 14:10,987.622,1484.886,987.622,4.736,33.46,34.771,1032.059
22/01/2024 14:10,987.827,1484.877,987.827,4.739,33.458,34.766,1032.055
22/01/2024 14:10,987.832,1484.845,987.832,4.736,33.454,34.764,1032.054
22/01/2024 14:10,987.689,1484.875,987.689,4.732,33.458,34.773,1032.061
22/01/2024 14:10,987.454,1484.866,987.454,4.736,33.46,34.771,1032.058
22/01/2024 14:10,987.181,1484.884,987.181,4.738,33.462,34.772,1032.057
22/01/2024 14:10,987.036,1484.893,987.036,4.733,33.464,34.779,1032.063
22/01/2024 14:10,987.084,1484.884,987.084,4.74,33.464,34.772,1032.057
22/01/2024 14:10,987.23,1484.887,987.23,4.74,33.46,34.767,1032.054
22/01/2024 14:10,987.417,1484.902,987.417,4.742,33.46,34.765,1032.053
22/01/2024 14:10,987.552,1484.913,987.552,4.738,33.466,34.776,1032.062
22/01/2024 14:10,987.63,1484.901,987.63,4.738,33.464,34.774,1032.061
22/01/2024 14:10,987.591,1484.863,987.591,4.741,33.462,34.768,1032.056
22/01/2024 14:10,987.6,1484.886,987.6,4.738,33.462,34.772,1032.059
22/01/2024 14:10,987.557,1484.886,987.557,4.735,33.462,34.775,1032.062
22/01/2024 14:10,987.494,1484.862,987.494,4.735,33.464,34.777,1032.063
22/01/2024 14:10,987.391,1484.87,987.391,4.731,33.464,34.781,1032.066
22/01/2024 14:10,987.323,1484.872,987.323,4.736,33.462,34.774,1032.06
22/01/2024 14:10,987.235,1484.862,987.235,4.73,33.462,34.78,1032.065
22/01/2024 14:10,987.224,1484.845,987.224,4.728,33.46,34.78,1032.065
22/01/2024 14:10,987.206,1484.837,987.206,4.74,33.46,34.767,1032.054
22/01/2024 14:10,987.228,1484.842,987.228,4.736,33.46,34.771,1032.057
22/01/2024 14:10,987.286,1484.852,987.286,4.731,33.458,34.774,1032.061
22/01/2024 14:10,987.443,1484.864,987.443,4.73,33.46,34.777,1032.064
22/01/2024 14:10,987.615,1484.872,987.615,4.732,33.46,34.775,1032.063
22/01/2024 14:10,987.815,1484.889,987.815,4.735,33.46,34.772,1032.061
22/01/2024 14:10,987.841,1484.857,987.841,4.734,33.456,34.769,1032.058
22/01/2024 14:10,987.801,1484.855,987.801,4.73,33.456,34.773,1032.062
22/01/2024 14:10,987.581,1484.87,987.581,4.729,33.46,34.778,1032.065
22/01/2024 14:10,987.334,1484.875,987.334,4.734,33.458,34.771,1032.058
22/01/2024 14:10,987.08,1484.89,987.08,4.728,33.462,34.782,1032.066
22/01/2024 14:11,986.932,1484.888,986.932,4.74,33.462,34.77,1032.054
22/01/2024 14:11,986.942,1484.886,986.942,4.733,33.462,34.777,1032.061
22/01/2024 14:11,987.08,1484.888,987.08,4.739,33.464,34.773,1032.058
22/01/2024 14:11,987.297,1484.897,987.297,4.741,33.464,34.771,1032.057
22/01/2024 14:11,987.532,1484.901,987.532,4.746,33.462,34.763,1032.051
22/01/2024 14:11,987.686,1484.91,987.686,4.744,33.468,34.772,1032.059
22/01/2024 14:11,987.742,1484.917,987.742,4.741,33.47,34.778,1032.064
22/01/2024 14:11,987.734,1484.904,987.734,4.747,33.466,34.767,1032.055
22/01/2024 14:11,987.676,1484.893,987.676,4.732,33.466,34.782,1032.068
22/01/2024 14:11,987.555,1484.892,987.555,4.741,33.464,34.771,1032.058
22/01/2024 14:11,987.44,1484.892,987.44,4.741,33.464,34.771,1032.057
22/01/2024 14:11,987.328,1484.907,987.328,4.738,33.462,34.772,1032.058
22/01/2024 14:11,987.227,1484.908,987.227,4.737,33.46,34.77,1032.056
22/01/2024 14:11,987.118,1484.897,987.118,4.738,33.462,34.772,1032.057
22/01/2024 14:11,987.032,1484.906,987.032,4.738,33.464,34.774,1032.058
22/01/2024 14:11,987.043,1484.899,987.043,4.744,33.466,34.77,1032.055
22/01/2024 14:11,987.187,1484.885,987.187,4.745,33.466,34.769,1032.054
22/01/2024 14:11,987.443,1484.899,987.443,4.742,33.462,34.767,1032.054
22/01/2024 14:11,987.715,1484.917,987.715,4.74,33.464,34.772,1032.059
22/01/2024 14:11,987.909,1484.929,987.909,4.742,33.466,34.772,1032.06
22/01/2024 14:11,987.94,1484.923,987.94,4.743,33.466,34.771,1032.059
22/01/2024 14:11,987.77,1484.901,987.77,4.745,33.464,34.767,1032.055
22/01/2024 14:11,987.559,1484.9,987.559,4.74,33.464,34.772,1032.059
22/01/2024 14:11,987.268,1484.903,987.268,4.747,33.466,34.767,1032.053
22/01/2024 14:11,987.084,1484.884,987.084,4.735,33.466,34.779,1032.063
22/01/2024 14:11,986.926,1484.893,986.926,4.743,33.466,34.771,1032.055
22/01/2024 14:11,986.885,1484.891,986.885,4.748,33.468,34.769,1032.052
22/01/2024 14:11,986.987,1484.868,986.987,4.744,33.464,34.768,1032.052
22/01/2024 14:11,987.228,1484.927,987.228,4.744,33.468,34.772,1032.057
22/01/2024 14:11,987.508,1484.927,987.508,4.747,33.468,34.769,1032.055
22/01/2024 14:11,987.742,1484.953,987.742,4.755,33.478,34.771,1032.057
22/01/2024 14:11,987.871,1484.959,987.871,4.744,33.476,34.781,1032.067
22/01/2024 14:11,987.846,1484.936,987.846,4.746,33.472,34.775,1032.061
22/01/2024 14:11,987.795,1484.929,987.795,4.741,33.468,34.775,1032.062
22/01/2024 14:11,987.665,1484.9,987.665,4.743,33.468,34.773,1032.06
22/01/2024 14:11,987.461,1484.883,987.461,4.734,33.468,34.783,1032.068
22/01/2024 14:11,987.212,1484.898,987.212,4.745,33.468,34.771,1032.056
22/01/2024 14:11,987.026,1484.872,987.026,4.742,33.468,34.775,1032.058
22/01/2024 14:11,986.916,1484.877,986.916,4.737,33.468,34.78,1032.062
22/01/2024 14:11,986.979,1484.856,986.979,4.747,33.468,34.77,1032.053
22/01/2024 14:11,987.138,1484.881,987.138,4.741,33.464,34.771,1032.056
22/01/2024 14:11,987.38,1484.924,987.38,4.747,33.466,34.767,1032.053
22/01/2024 14:11,987.623,1484.941,987.623,4.742,33.468,34.774,1032.061
22/01/2024 14:11,987.746,1484.949,987.746,4.747,33.474,34.776,1032.062
22/01/2024 14:11,987.831,1484.947,987.831,4.746,33.474,34.777,1032.063
22/01/2024 14:11,987.77,1484.93,987.77,4.749,33.47,34.769,1032.056
22/01/2024 14:11,987.627,1484.912,987.627,4.743,33.468,34.773,1032.06
22/01/2024 14:11,987.448,1484.903,987.448,4.739,33.466,34.775,1032.061
22/01/2024 14:11,987.237,1484.892,987.237,4.738,33.462,34.772,1032.057
22/01/2024 14:11,987.097,1484.857,987.097,4.741,33.464,34.771,1032.056
22/01/2024 14:11,987.056,1484.863,987.056,4.737,33.464,34.775,1032.059
22/01/2024 14:11,987.161,1484.85,987.161,4.73,33.464,34.782,1032.066
22/01/2024 14:11,987.345,1484.89,987.345,4.737,33.462,34.773,1032.059
22/01/2024 14:11,987.533,1484.921,987.533,4.741,33.462,34.768,1032.056
22/01/2024 14:11,987.606,1484.904,987.606,4.743,33.464,34.769,1032.056
22/01/2024 14:11,987.558,1484.862,987.558,4.736,33.458,34.769,1032.057
22/01/2024 14:11,987.499,1484.878,987.499,4.733,33.458,34.772,1032.06
22/01/2024 14:11,987.368,1484.87,987.368,4.728,33.462,34.782,1032.067
22/01/2024 14:11,987.347,1484.869,987.347,4.738,33.462,34.772,1032.058
22/01/2024 14:11,987.316,1484.872,987.316,4.73,33.46,34.778,1032.063
22/01/2024 14:12,987.373,1484.891,987.373,4.736,33.46,34.771,1032.058
22/01/2024 14:12,987.445,1484.889,987.445,4.731,33.462,34.779,1032.065
22/01/2024 14:12,987.53,1484.884,987.53,4.731,33.462,34.779,1032.065
22/01/2024 14:12,987.569,1484.889,987.569,4.726,33.46,34.782,1032.068
22/01/2024 14:12,987.535,1484.87,987.535,4.734,33.458,34.771,1032.059
22/01/2024 14:12,987.471,1484.872,987.471,4.729,33.46,34.779,1032.065
22/01/2024 14:12,987.358,1484.881,987.358,4.74,33.458,34.765,1032.052
22/01/2024 14:12,987.273,1484.878,987.273,4.738,33.462,34.772,1032.058
22/01/2024 14:12,987.224,1484.882,987.224,4.728,33.462,34.782,1032.067
22/01/2024 14:12,987.232,1484.884,987.232,4.742,33.464,34.77,1032.055
22/01/2024 14:12,987.328,1484.887,987.328,4.735,33.464,34.777,1032.062
22/01/2024 14:12,987.448,1484.88,987.448,4.738,33.462,34.772,1032.058
22/01/2024 14:12,987.534,1484.885,987.534,4.736,33.46,34.771,1032.059
22/01/2024 14:12,987.551,1484.884,987.551,4.732,33.46,34.775,1032.062
22/01/2024 14:12,987.51,1484.864,987.51,4.732,33.458,34.773,1032.061
22/01/2024 14:12,987.449,1484.867,987.449,4.734,33.46,34.773,1032.06
22/01/2024 14:12,987.367,1484.868,987.367,4.739,33.46,34.768,1032.055
22/01/2024 14:12,987.351,1484.865,987.351,4.735,33.46,34.772,1032.059
22/01/2024 14:12,987.319,1484.862,987.319,4.733,33.46,34.774,1032.061
22/01/2024 14:12,987.297,1484.869,987.297,4.739,33.462,34.771,1032.057
22/01/2024 14:12,987.315,1484.875,987.315,4.737,33.46,34.77,1032.057
22/01/2024 14:12,987.391,1484.869,987.391,4.739,33.46,34.768,1032.055
22/01/2024 14:12,987.523,1484.867,987.523,4.741,33.46,34.766,1032.054
22/01/2024 14:12,987.595,1484.863,987.595,4.737,33.454,34.763,1032.053
22/01/2024 14:12,987.626,1484.84,987.626,4.738,33.454,34.762,1032.052
22/01/2024 14:12,987.619,1484.845,987.619,4.732,33.456,34.771,1032.059
22/01/2024 14:12,987.522,1484.867,987.522,4.725,33.456,34.778,1032.065
22/01/2024 14:12,987.367,1484.862,987.367,4.735,33.462,34.775,1032.061
22/01/2024 14:12,987.252,1484.871,987.252,4.737,33.462,34.773,1032.058
22/01/2024 14:12,987.206,1484.877,987.206,4.739,33.462,34.771,1032.056
22/01/2024 14:12,987.161,1484.872,987.161,4.744,33.458,34.761,1032.048
22/01/2024 14:12,987.232,1484.881,987.232,4.726,33.46,34.782,1032.067
22/01/2024 14:12,987.367,1484.871,987.367,4.731,33.46,34.777,1032.063
22/01/2024 14:12,987.5,1484.875,987.5,4.738,33.458,34.767,1032.055
22/01/2024 14:12,987.578,1484.881,987.578,4.733,33.458,34.772,1032.06
22/01/2024 14:12,987.582,1484.877,987.582,4.729,33.458,34.776,1032.064
22/01/2024 14:12,987.54,1484.877,987.54,4.732,33.458,34.773,1032.061
22/01/2024 14:12,987.556,1484.876,987.556,4.728,33.458,34.777,1032.064
22/01/2024 14:12,987.571,1484.877,987.571,4.738,33.456,34.765,1032.053
22/01/2024 14:12,987.58,1484.879,987.58,4.735,33.458,34.77,1032.058
22/01/2024 14:12,987.543,1484.876,987.543,4.736,33.458,34.769,1032.057
22/01/2024 14:12,987.429,1484.875,987.429,4.736,33.46,34.771,1032.058
22/01/2024 14:12,987.252,1484.87,987.252,4.734,33.462,34.776,1032.061
22/01/2024 14:12,987.119,1484.861,987.119,4.736,33.458,34.769,1032.055
22/01/2024 14:12,987.095,1484.846,987.095,4.73,33.458,34.775,1032.061
22/01/2024 14:12,987.162,1484.868,987.162,4.732,33.456,34.771,1032.057
22/01/2024 14:12,987.308,1484.868,987.308,4.738,33.458,34.767,1032.054
22/01/2024 14:12,987.482,1484.891,987.482,4.735,33.458,34.77,1032.058
22/01/2024 14:12,987.598,1484.9,987.598,4.74,33.46,34.767,1032.055
22/01/2024 14:12,987.681,1484.897,987.681,4.733,33.46,34.774,1032.062
22/01/2024 14:12,987.686,1484.881,987.686,4.744,33.458,34.761,1032.05
22/01/2024 14:12,987.615,1484.865,987.615,4.739,33.46,34.768,1032.056
22/01/2024 14:12,987.463,1484.864,987.463,4.738,33.46,34.769,1032.056
22/01/2024 14:12,987.348,1484.868,987.348,4.738,33.46,34.769,1032.056
22/01/2024 14:12,987.206,1484.861,987.206,4.732,33.46,34.776,1032.061
22/01/2024 14:12,987.114,1484.859,987.114,4.735,33.46,34.773,1032.058
22/01/2024 14:12,987.104,1484.864,987.104,4.736,33.458,34.769,1032.055
22/01/2024 14:12,987.24,1484.865,987.24,4.735,33.46,34.772,1032.058
22/01/2024 14:12,987.435,1484.882,987.435,4.737,33.458,34.768,1032.055
22/01/2024 14:12,987.671,1484.89,987.671,4.736,33.46,34.771,1032.059
22/01/2024 14:13,987.709,1484.874,987.709,4.737,33.458,34.768,1032.057
22/01/2024 14:13,987.678,1484.879,987.678,4.735,33.458,34.77,1032.058
22/01/2024 14:13,987.486,1484.881,987.486,4.737,33.462,34.773,1032.059
22/01/2024 14:13,987.284,1484.885,987.284,4.739,33.464,34.773,1032.058
22/01/2024 14:13,987.156,1484.892,987.156,4.736,33.462,34.774,1032.059
22/01/2024 14:13,987.164,1484.902,987.164,4.745,33.468,34.771,1032.056
22/01/2024 14:13,987.242,1484.894,987.242,4.743,33.466,34.771,1032.056
22/01/2024 14:13,987.364,1484.885,987.364,4.738,33.466,34.776,1032.062
22/01/2024 14:13,987.45,1484.895,987.45,4.738,33.46,34.769,1032.056
22/01/2024 14:13,987.548,1484.899,987.548,4.732,33.462,34.778,1032.064
22/01/2024 14:13,987.64,1484.911,987.64,4.743,33.462,34.766,1032.054
22/01/2024 14:13,987.656,1484.902,987.656,4.748,33.462,34.761,1032.05
22/01/2024 14:13,987.54,1484.899,987.54,4.744,33.462,34.765,1032.053
22/01/2024 14:13,987.386,1484.894,987.386,4.745,33.464,34.767,1032.053
22/01/2024 14:13,987.219,1484.898,987.219,4.74,33.466,34.774,1032.059
22/01/2024 14:13,987.106,1484.89,987.106,4.742,33.462,34.768,1032.053
22/01/2024 14:13,987.114,1484.889,987.114,4.736,33.462,34.774,1032.059
22/01/2024 14:13,987.212,1484.892,987.212,4.738,33.464,34.774,1032.059
22/01/2024 14:13,987.421,1484.902,987.421,4.732,33.462,34.778,1032.064
22/01/2024 14:13,987.617,1484.925,987.617,4.74,33.468,34.776,1032.063
22/01/2024 14:13,987.72,1484.902,987.72,4.745,33.464,34.767,1032.055
22/01/2024 14:13,987.692,1484.89,987.692,4.744,33.46,34.763,1032.052
22/01/2024 14:13,987.575,1484.881,987.575,4.74,33.46,34.767,1032.055
22/01/2024 14:13,987.421,1484.89,987.421,4.74,33.464,34.772,1032.058
22/01/2024 14:13,987.242,1484.891,987.242,4.742,33.466,34.772,1032.057
22/01/2024 14:13,987.177,1484.898,987.177,4.742,33.468,34.775,1032.059
22/01/2024 14:13,987.258,1484.904,987.258,4.744,33.468,34.772,1032.057
22/01/2024 14:13,987.416,1484.897,987.416,4.747,33.464,34.765,1032.051
22/01/2024 14:13,987.526,1484.902,987.526,4.737,33.464,34.775,1032.061
22/01/2024 14:13,987.511,1484.906,987.511,4.741,33.464,34.771,1032.057
22/01/2024 14:13,987.424,1484.898,987.424,4.733,33.462,34.777,1032.063
22/01/2024 14:13,987.365,1484.898,987.365,4.741,33.464,34.771,1032.057
22/01/2024 14:13,987.356,1484.898,987.356,4.746,33.466,34.768,1032.054
22/01/2024 14:13,987.38,1484.9,987.38,4.731,33.466,34.783,1032.068
22/01/2024 14:13,987.414,1484.904,987.414,4.736,33.464,34.776,1032.062
22/01/2024 14:13,987.412,1484.897,987.412,4.742,33.464,34.77,1032.056
22/01/2024 14:13,987.372,1484.897,987.372,4.742,33.462,34.768,1032.054
22/01/2024 14:13,987.352,1484.899,987.352,4.743,33.464,34.769,1032.055
22/01/2024 14:13,987.353,1484.89,987.353,4.741,33.464,34.771,1032.057
22/01/2024 14:13,987.41,1484.893,987.41,4.73,33.464,34.782,1032.067
22/01/2024 14:13,987.529,1484.9,987.529,4.739,33.462,34.771,1032.058
22/01/2024 14:13,987.655,1484.905,987.655,4.735,33.464,34.777,1032.064
22/01/2024 14:13,987.629,1484.903,987.629,4.743,33.464,34.769,1032.056
22/01/2024 14:13,987.523,1484.904,987.523,4.743,33.464,34.769,1032.056
22/01/2024 14:13,987.333,1484.906,987.333,4.736,33.466,34.778,1032.063
22/01/2024 14:13,987.13,1484.9,987.13,4.745,33.468,34.772,1032.056
22/01/2024 14:13,987.067,1484.912,987.067,4.746,33.468,34.771,1032.055
22/01/2024 14:13,987.083,1484.913,987.083,4.746,33.47,34.773,1032.056
22/01/2024 14:13,987.265,1484.899,987.265,4.748,33.468,34.768,1032.054
22/01/2024 14:13,987.474,1484.926,987.474,4.75,33.468,34.766,1032.053
22/01/2024 14:13,987.69,1484.937,987.69,4.752,33.47,34.765,1032.052
22/01/2024 14:13,987.766,1484.902,987.766,4.744,33.468,34.772,1032.059
22/01/2024 14:13,987.737,1484.92,987.737,4.748,33.466,34.766,1032.054
22/01/2024 14:13,987.557,1484.911,987.557,4.739,33.468,34.777,1032.063
22/01/2024 14:13,987.365,1484.911,987.365,4.75,33.468,34.766,1032.052
22/01/2024 14:13,987.223,1484.915,987.223,4.736,33.468,34.781,1032.065
22/01/2024 14:13,987.111,1484.922,987.111,4.746,33.468,34.77,1032.055
22/01/2024 14:13,987.143,1484.93,987.143,4.752,33.472,34.768,1032.052
22/01/2024 14:13,987.221,1484.918,987.221,4.754,33.47,34.764,1032.049
22/01/2024 14:13,987.397,1484.923,987.397,4.748,33.468,34.768,1032.054
22/01/2024 14:14,987.548,1484.958,987.548,4.75,33.476,34.774,1032.059
22/01/2024 14:14,987.691,1484.964,987.691,4.749,33.476,34.776,1032.062
22/01/2024 14:14,987.685,1484.93,987.685,4.746,33.474,34.777,1032.063
22/01/2024 14:14,987.571,1484.913,987.571,4.749,33.474,34.774,1032.059
22/01/2024 14:14,987.352,1484.929,987.352,4.749,33.474,34.774,1032.058
22/01/2024 14:14,987.174,1484.904,987.174,4.744,33.47,34.775,1032.059
22/01/2024 14:14,987.131,1484.906,987.131,4.745,33.47,34.774,1032.058
22/01/2024 14:14,987.25,1484.919,987.25,4.743,33.47,34.776,1032.06
22/01/2024 14:14,987.406,1484.922,987.406,4.749,33.474,34.774,1032.059
22/01/2024 14:14,987.515,1484.912,987.515,4.752,33.47,34.765,1032.052
22/01/2024 14:14,987.538,1484.934,987.538,4.742,33.466,34.772,1032.058
22/01/2024 14:14,987.48,1484.927,987.48,4.747,33.466,34.767,1032.054
22/01/2024 14:14,987.375,1484.922,987.375,4.75,33.466,34.764,1032.05
22/01/2024 14:14,987.342,1484.918,987.342,4.737,33.468,34.78,1032.064
22/01/2024 14:14,987.378,1484.919,987.378,4.748,33.468,34.768,1032.054
22/01/2024 14:14,987.424,1484.949,987.424,4.746,33.468,34.77,1032.056
22/01/2024 14:14,987.516,1484.949,987.516,4.746,33.472,34.775,1032.06
22/01/2024 14:14,987.452,1484.939,987.452,4.75,33.47,34.768,1032.053
22/01/2024 14:14,987.376,1484.927,987.376,4.751,33.468,34.764,1032.05
22/01/2024 14:14,987.398,1484.92,987.398,4.752,33.47,34.765,1032.051
22/01/2024 14:14,987.404,1484.939,987.404,4.753,33.468,34.762,1032.048
22/01/2024 14:14,987.448,1484.952,987.448,4.751,33.472,34.769,1032.054
22/01/2024 14:14,987.499,1484.948,987.499,4.756,33.474,34.766,1032.051
22/01/2024 14:14,987.416,1484.94,987.416,4.754,33.47,34.763,1032.049
22/01/2024 14:14,987.372,1484.936,987.372,4.75,33.47,34.768,1032.053
22/01/2024 14:14,987.341,1484.941,987.341,4.752,33.47,34.766,1032.051
22/01/2024 14:14,987.357,1484.954,987.357,4.751,33.47,34.767,1032.052
22/01/2024 14:14,987.409,1484.955,987.409,4.755,33.472,34.765,1032.05
22/01/2024 14:14,987.456,1484.958,987.456,4.755,33.472,34.765,1032.05
22/01/2024 14:14,987.518,1484.944,987.518,4.758,33.476,34.766,1032.051
22/01/2024 14:14,987.52,1484.949,987.52,4.757,33.476,34.767,1032.052
22/01/2024 14:14,987.51,1484.94,987.51,4.759,33.476,34.765,1032.051
22/01/2024 14:14,987.502,1484.942,987.502,4.758,33.474,34.764,1032.05
22/01/2024 14:14,987.43,1484.944,987.43,4.751,33.476,34.773,1032.058
22/01/2024 14:14,987.382,1484.934,987.382,4.742,33.474,34.781,1032.065
22/01/2024 14:14,987.335,1484.928,987.335,4.74,33.474,34.783,1032.067
22/01/2024 14:14,987.272,1484.924,987.272,4.744,33.474,34.779,1032.063
22/01/2024 14:14,987.242,1484.92,987.242,4.745,33.474,34.778,1032.062
22/01/2024 14:14,987.213,1484.918,987.213,4.747,33.474,34.776,1032.06
22/01/2024 14:14,987.234,1484.915,987.234,4.738,33.474,34.786,1032.068
22/01/2024 14:14,987.318,1484.93,987.318,4.75,33.474,34.773,1032.057
22/01/2024 14:14,987.484,1484.91,987.484,4.748,33.472,34.773,1032.058
22/01/2024 14:14,987.651,1484.918,987.651,4.739,33.466,34.775,1032.062
22/01/2024 14:14,987.747,1484.9,987.747,4.742,33.462,34.767,1032.056
22/01/2024 14:14,987.728,1484.92,987.728,4.742,33.462,34.767,1032.056
22/01/2024 14:14,987.504,1484.863,987.504,4.74,33.468,34.776,1032.062
22/01/2024 14:14,987.337,1484.89,987.337,4.736,33.47,34.783,1032.067
22/01/2024 14:14,987.204,1484.923,987.204,4.733,33.474,34.791,1032.073
22/01/2024 14:14,987.122,1484.941,987.122,4.75,33.466,34.763,1032.048
22/01/2024 14:14,987.183,1484.941,987.183,4.743,33.472,34.778,1032.062
22/01/2024 14:14,987.338,1484.871,987.338,4.75,33.468,34.766,1032.052
22/01/2024 14:14,987.488,1484.943,987.488,4.735,33.466,34.779,1032.065
22/01/2024 14:14,987.591,1484.897,987.591,4.734,33.47,34.785,1032.07
22/01/2024 14:14,987.544,1484.858,987.544,4.735,33.462,34.775,1032.061
22/01/2024 14:14,987.468,1484.903,987.468,4.736,33.462,34.774,1032.06
22/01/2024 14:14,987.398,1484.897,987.398,4.741,33.464,34.771,1032.057
22/01/2024 14:14,987.401,1484.892,987.401,4.736,33.466,34.778,1032.064
22/01/2024 14:14,987.388,1484.891,987.388,4.743,33.468,34.773,1032.059
22/01/2024 14:14,987.368,1484.882,987.368,4.745,33.47,34.774,1032.059
22/01/2024 14:14,987.364,1484.889,987.364,4.745,33.472,34.776,1032.06
22/01/2024 14:15,987.353,1484.887,987.353,4.742,33.472,34.779,1032.063
22/01/2024 14:15,987.341,1484.866,987.341,4.742,33.472,34.779,1032.063
22/01/2024 14:15,987.344,1484.873,987.344,4.74,33.47,34.779,1032.063
22/01/2024 14:15,987.393,1484.882,987.393,4.736,33.466,34.778,1032.064
22/01/2024 14:15,987.407,1484.88,987.407,4.737,33.464,34.775,1032.061
22/01/2024 14:15,987.478,1484.9,987.478,4.743,33.466,34.771,1032.057
22/01/2024 14:15,987.527,1484.898,987.527,4.742,33.468,34.774,1032.06
22/01/2024 14:15,987.529,1484.853,987.529,4.75,33.468,34.766,1032.053
22/01/2024 14:15,987.493,1484.876,987.493,4.736,33.464,34.776,1032.062
22/01/2024 14:15,987.461,1484.875,987.461,4.733,33.462,34.777,1032.063
22/01/2024 14:15,987.416,1484.889,987.416,4.74,33.46,34.767,1032.054
22/01/2024 14:15,987.337,1484.902,987.337,4.74,33.464,34.772,1032.058
22/01/2024 14:15,987.237,1484.906,987.237,4.745,33.47,34.774,1032.058
22/01/2024 14:15,987.211,1484.912,987.211,4.739,33.472,34.782,1032.065
22/01/2024 14:15,987.244,1484.899,987.244,4.744,33.472,34.777,1032.061
22/01/2024 14:15,987.302,1484.897,987.302,4.745,33.472,34.776,1032.06
22/01/2024 14:15,987.447,1484.883,987.447,4.736,33.466,34.778,1032.064
22/01/2024 14:15,987.552,1484.89,987.552,4.742,33.464,34.77,1032.057
22/01/2024 14:15,987.61,1484.914,987.61,4.734,33.462,34.776,1032.063
22/01/2024 14:15,987.578,1484.881,987.578,4.737,33.464,34.775,1032.062
22/01/2024 14:15,987.489,1484.876,987.489,4.737,33.464,34.775,1032.061
22/01/2024 14:15,987.389,1484.882,987.389,4.738,33.468,34.779,1032.063
22/01/2024 14:15,987.379,1484.886,987.379,4.736,33.468,34.781,1032.065
22/01/2024 14:15,987.407,1484.869,987.407,4.727,33.466,34.788,1032.072
22/01/2024 14:15,987.424,1484.888,987.424,4.739,33.464,34.773,1032.059
22/01/2024 14:15,987.349,1484.863,987.349,4.74,33.464,34.772,1032.058
22/01/2024 14:15,987.224,1484.874,987.224,4.729,33.468,34.788,1032.071
22/01/2024 14:15,987.107,1484.886,987.107,4.739,33.474,34.785,1032.067
22/01/2024 14:15,987.118,1484.905,987.118,4.747,33.474,34.776,1032.059
22/01/2024 14:15,987.286,1484.871,987.286,4.746,33.468,34.77,1032.055
22/01/2024 14:15,987.574,1484.903,987.574,4.74,33.464,34.772,1032.059
22/01/2024 14:15,987.788,1484.907,987.788,4.756,33.47,34.761,1032.049
22/01/2024 14:15,987.82,1484.855,987.82,4.736,33.458,34.769,1032.058
22/01/2024 14:15,987.703,1484.842,987.703,4.725,33.464,34.787,1032.073
22/01/2024 14:15,987.416,1484.874,987.416,4.734,33.472,34.787,1032.071
22/01/2024 14:15,987.166,1484.892,987.166,4.732,33.468,34.785,1032.068
22/01/2024 14:15,987.021,1484.902,987.021,4.739,33.468,34.778,1032.061
22/01/2024 14:15,987.011,1484.9,987.011,4.744,33.472,34.777,1032.06
22/01/2024 14:15,987.146,1484.881,987.146,4.76,33.47,34.757,1032.043
22/01/2024 14:15,987.422,1485.002,987.422,4.765,33.478,34.761,1032.046
22/01/2024 14:15,987.629,1485.038,987.629,4.768,33.49,34.772,1032.055
22/01/2024 14:15,987.676,1485.034,987.676,4.763,33.49,34.777,1032.06
22/01/2024 14:15,987.662,1484.969,987.662,4.767,33.482,34.764,1032.049
22/01/2024 14:15,987.532,1484.963,987.532,4.763,33.478,34.763,1032.049
22/01/2024 14:15,987.342,1484.935,987.342,4.755,33.476,34.769,1032.054
22/01/2024 14:15,987.209,1484.931,987.209,4.757,33.476,34.767,1032.051
22/01/2024 14:15,987.162,1484.936,987.162,4.755,33.476,34.769,1032.053
22/01/2024 14:15,987.248,1484.947,987.248,4.755,33.478,34.772,1032.055
22/01/2024 14:15,987.325,1484.944,987.325,4.757,33.476,34.767,1032.052
22/01/2024 14:15,987.479,1484.958,987.479,4.743,33.474,34.78,1032.065
22/01/2024 14:15,987.533,1484.965,987.533,4.753,33.474,34.769,1032.054
22/01/2024 14:15,987.518,1484.943,987.518,4.748,33.474,34.775,1032.06
22/01/2024 14:15,987.518,1484.936,987.518,4.75,33.474,34.773,1032.058
22/01/2024 14:15,987.498,1484.938,987.498,4.749,33.476,34.776,1032.061
22/01/2024 14:15,987.517,1484.941,987.517,4.752,33.474,34.77,1032.055
22/01/2024 14:15,987.482,1484.945,987.482,4.749,33.476,34.776,1032.061
22/01/2024 14:15,987.4,1484.941,987.4,4.751,33.478,34.776,1032.059
22/01/2024 14:15,987.347,1484.945,987.347,4.752,33.48,34.777,1032.06
22/01/2024 14:15,987.264,1484.96,987.264,4.75,33.484,34.785,1032.066
22/01/2024 14:15,987.21,1484.981,987.21,4.76,33.482,34.771,1032.054
22/01/2024 14:16,987.177,1484.985,987.177,4.75,33.48,34.78,1032.062
22/01/2024 14:16,987.22,1484.96,987.22,4.751,33.478,34.776,1032.059
22/01/2024 14:16,987.381,1484.945,987.381,4.755,33.476,34.769,1032.054
22/01/2024 14:16,987.569,1484.959,987.569,4.756,33.476,34.768,1032.054
22/01/2024 14:16,987.719,1484.952,987.719,4.756,33.474,34.766,1032.052
22/01/2024 14:16,987.826,1484.945,987.826,4.751,33.474,34.771,1032.058
22/01/2024 14:16,987.714,1484.939,987.714,4.752,33.472,34.768,1032.054
22/01/2024 14:16,987.461,1484.939,987.461,4.747,33.472,34.774,1032.059
22/01/2024 14:16,987.2,1484.933,987.2,4.75,33.472,34.77,1032.054
22/01/2024 14:16,987.031,1484.927,987.031,4.753,33.472,34.767,1032.051
22/01/2024 14:16,986.985,1484.922,986.985,4.752,33.47,34.766,1032.049
22/01/2024 14:16,987.107,1484.925,987.107,4.755,33.476,34.769,1032.053
22/01/2024 14:16,987.385,1484.954,987.385,4.76,33.478,34.767,1032.051
22/01/2024 14:16,987.681,1485.008,987.681,4.754,33.482,34.777,1032.061
22/01/2024 14:16,987.84,1484.99,987.84,4.761,33.484,34.772,1032.057
22/01/2024 14:16,987.809,1484.966,987.809,4.75,33.48,34.78,1032.065
22/01/2024 14:16,987.599,1484.953,987.599,4.759,33.478,34.767,1032.053
22/01/2024 14:16,987.315,1484.957,987.315,4.751,33.48,34.778,1032.061
22/01/2024 14:16,987.071,1484.945,987.071,4.758,33.476,34.766,1032.05
22/01/2024 14:16,987.031,1484.939,987.031,4.757,33.474,34.765,1032.049
22/01/2024 14:16,987.145,1484.922,987.145,4.753,33.476,34.772,1032.055
22/01/2024 14:16,987.373,1484.962,987.373,4.76,33.482,34.771,1032.054
22/01/2024 14:16,987.607,1485.009,987.607,4.76,33.486,34.776,1032.059
22/01/2024 14:16,987.708,1484.997,987.708,4.767,33.482,34.764,1032.049
22/01/2024 14:16,987.636,1484.944,987.636,4.758,33.48,34.771,1032.056
22/01/2024 14:16,987.454,1484.949,987.454,4.759,33.48,34.77,1032.054
22/01/2024 14:16,987.297,1484.939,987.297,4.756,33.474,34.766,1032.051
22/01/2024 14:16,987.249,1484.937,987.249,4.76,33.476,34.764,1032.048
22/01/2024 14:16,987.266,1484.945,987.266,4.75,33.476,34.775,1032.058
22/01/2024 14:16,987.333,1484.942,987.333,4.757,33.476,34.767,1032.052
22/01/2024 14:16,987.391,1484.925,987.391,4.757,33.474,34.765,1032.05
22/01/2024 14:16,987.403,1484.921,987.403,4.743,33.47,34.776,1032.061
22/01/2024 14:16,987.481,1484.92,987.481,4.743,33.468,34.773,1032.059
22/01/2024 14:16,987.524,1484.924,987.524,4.75,33.47,34.767,1032.054
22/01/2024 14:16,987.593,1484.935,987.593,4.75,33.47,34.768,1032.055
22/01/2024 14:16,987.59,1484.925,987.59,4.747,33.47,34.772,1032.058
22/01/2024 14:16,987.57,1484.909,987.57,4.749,33.47,34.769,1032.056
22/01/2024 14:16,987.453,1484.91,987.453,4.747,33.472,34.774,1032.059
22/01/2024 14:16,987.363,1484.905,987.363,4.747,33.472,34.774,1032.059
22/01/2024 14:16,987.19,1484.914,987.19,4.75,33.476,34.776,1032.059
22/01/2024 14:16,987.091,1484.922,987.091,4.75,33.474,34.772,1032.055
22/01/2024 14:16,987.131,1484.917,987.131,4.752,33.468,34.763,1032.048
22/01/2024 14:16,987.223,1484.903,987.223,4.74,33.47,34.779,1032.063
22/01/2024 14:16,987.388,1484.9,987.388,4.748,33.466,34.766,1032.052
22/01/2024 14:16,987.521,1484.922,987.521,4.746,33.466,34.768,1032.055
22/01/2024 14:16,987.64,1484.927,987.64,4.745,33.47,34.774,1032.06
22/01/2024 14:16,987.696,1484.963,987.696,4.75,33.472,34.771,1032.057
22/01/2024 14:16,987.7,1484.926,987.7,4.751,33.47,34.766,1032.053
22/01/2024 14:16,987.631,1484.878,987.631,4.738,33.468,34.778,1032.064
22/01/2024 14:16,987.453,1484.871,987.453,4.74,33.468,34.776,1032.062
22/01/2024 14:16,987.288,1484.888,987.288,4.742,33.468,34.775,1032.059
22/01/2024 14:16,987.159,1484.895,987.159,4.739,33.47,34.78,1032.063
22/01/2024 14:16,987.105,1484.899,987.105,4.744,33.47,34.775,1032.058
22/01/2024 14:16,987.142,1484.903,987.142,4.746,33.468,34.77,1032.055
22/01/2024 14:16,987.257,1484.881,987.257,4.745,33.468,34.771,1032.056
22/01/2024 14:16,987.428,1484.897,987.428,4.746,33.466,34.768,1032.054
22/01/2024 14:16,987.591,1484.916,987.591,4.749,33.466,34.765,1032.052
22/01/2024 14:16,987.675,1484.931,987.675,4.748,33.47,34.77,1032.057
22/01/2024 14:16,987.637,1484.919,987.637,4.748,33.468,34.768,1032.055
22/01/2024 14:16,987.513,1484.922,987.513,4.745,33.47,34.774,1032.059
22/01/2024 14:17,987.356,1484.91,987.356,4.747,33.47,34.772,1032.057
22/01/2024 14:17,987.258,1484.902,987.258,4.746,33.468,34.77,1032.055
22/01/2024 14:17,987.245,1484.901,987.245,4.744,33.466,34.77,1032.055
22/01/2024 14:17,987.296,1484.901,987.296,4.744,33.464,34.768,1032.054
22/01/2024 14:17,987.349,1484.9,987.349,4.732,33.464,34.78,1032.065
22/01/2024 14:17,987.434,1484.911,987.434,4.743,33.466,34.771,1032.057
22/01/2024 14:17,987.468,1484.911,987.468,4.744,33.466,34.77,1032.056
22/01/2024 14:17,987.446,1484.913,987.446,4.742,33.466,34.772,1032.058
22/01/2024 14:17,987.411,1484.909,987.411,4.748,33.466,34.766,1032.052
22/01/2024 14:17,987.37,1484.899,987.37,4.746,33.466,34.768,1032.054
22/01/2024 14:17,987.337,1484.902,987.337,4.75,33.466,34.764,1032.05
22/01/2024 14:17,987.335,1484.904,987.335,4.744,33.468,34.772,1032.058
22/01/2024 14:17,987.384,1484.9,987.384,4.74,33.468,34.777,1032.062
22/01/2024 14:17,987.427,1484.913,987.427,4.746,33.466,34.768,1032.054
22/01/2024 14:17,987.512,1484.9,987.512,4.737,33.468,34.78,1032.065
22/01/2024 14:17,987.516,1484.89,987.516,4.742,33.468,34.774,1032.06
22/01/2024 14:17,987.445,1484.882,987.445,4.74,33.462,34.77,1032.056
22/01/2024 14:17,987.286,1484.893,987.286,4.739,33.466,34.775,1032.06
22/01/2024 14:17,987.229,1484.905,987.229,4.742,33.468,34.775,1032.059
22/01/2024 14:17,987.246,1484.901,987.246,4.743,33.47,34.776,1032.06
22/01/2024 14:17,987.333,1484.888,987.333,4.743,33.466,34.771,1032.057
22/01/2024 14:17,987.547,1484.878,987.547,4.739,33.46,34.768,1032.056
22/01/2024 14:17,987.653,1484.891,987.653,4.738,33.456,34.765,1032.054
22/01/2024 14:17,987.621,1484.847,987.621,4.732,33.456,34.771,1032.059
22/01/2024 14:17,987.511,1484.858,987.511,4.728,33.46,34.78,1032.066
22/01/2024 14:17,987.342,1484.877,987.342,4.731,33.466,34.783,1032.068
22/01/2024 14:17,987.203,1484.892,987.203,4.736,33.466,34.778,1032.063
22/01/2024 14:17,987.151,1484.9,987.151,4.743,33.468,34.774,1032.058
22/01/2024 14:17,987.261,1484.897,987.261,4.747,33.468,34.769,1032.054
22/01/2024 14:17,987.408,1484.879,987.408,4.733,33.466,34.781,1032.066
22/01/2024 14:17,987.592,1484.893,987.592,4.732,33.46,34.775,1032.063
22/01/2024 14:17,987.653,1484.885,987.653,4.737,33.462,34.773,1032.06
22/01/2024 14:17,987.551,1484.875,987.551,4.741,33.462,34.768,1032.056
22/01/2024 14:17,987.385,1484.884,987.385,4.736,33.468,34.781,1032.065
22/01/2024 14:17,987.226,1484.897,987.226,4.736,33.468,34.781,1032.065
22/01/2024 14:17,987.172,1484.908,987.172,4.742,33.47,34.777,1032.061
22/01/2024 14:17,987.232,1484.909,987.232,4.748,33.472,34.773,1032.057
22/01/2024 14:17,987.323,1484.894,987.323,4.745,33.47,34.774,1032.058
22/01/2024 14:17,987.487,1484.898,987.487,4.746,33.462,34.763,1032.051
22/01/2024 14:17,987.557,1484.898,987.557,4.74,33.464,34.772,1032.059
22/01/2024 14:17,987.569,1484.897,987.569,4.731,33.462,34.779,1032.065
22/01/2024 14:17,987.471,1484.889,987.471,4.744,33.462,34.765,1032.053
22/01/2024 14:17,987.389,1484.884,987.389,4.741,33.468,34.775,1032.061
22/01/2024 14:17,987.385,1484.885,987.385,4.74,33.468,34.777,1032.062
22/01/2024 14:17,987.372,1484.89,987.372,4.745,33.466,34.769,1032.055
22/01/2024 14:17,987.426,1484.894,987.426,4.739,33.466,34.775,1032.061
22/01/2024 14:17,987.42,1484.899,987.42,4.74,33.466,34.774,1032.06
22/01/2024 14:17,987.409,1484.894,987.409,4.739,33.466,34.775,1032.061
22/01/2024 14:17,987.38,1484.886,987.38,4.734,33.466,34.78,1032.065
22/01/2024 14:17,987.349,1484.885,987.349,4.741,33.464,34.771,1032.057
22/01/2024 14:17,987.382,1484.889,987.382,4.742,33.462,34.768,1032.054
22/01/2024 14:17,987.403,1484.885,987.403,4.734,33.464,34.778,1032.064
22/01/2024 14:17,987.425,1484.886,987.425,4.733,33.464,34.779,1032.065
22/01/2024 14:17,987.393,1484.891,987.393,4.731,33.464,34.781,1032.066
22/01/2024 14:17,987.383,1484.889,987.383,4.734,33.464,34.778,1032.064
22/01/2024 14:17,987.305,1484.889,987.305,4.73,33.466,34.785,1032.069
22/01/2024 14:17,987.225,1484.889,987.225,4.744,33.466,34.77,1032.055
22/01/2024 14:17,987.258,1484.886,987.258,4.742,33.466,34.772,1032.057
22/01/2024 14:17,987.365,1484.881,987.365,4.743,33.464,34.769,1032.055
22/01/2024 14:17,987.524,1484.884,987.524,4.737,33.464,34.775,1032.061
22/01/2024 14:18,987.674,1484.89,987.674,4.735,33.46,34.772,1032.06
22/01/2024 14:18,987.78,1484.837,987.78,4.73,33.46,34.777,1032.065
22/01/2024 14:18,987.794,1484.843,987.794,4.732,33.456,34.771,1032.06
22/01/2024 14:18,987.675,1484.85,987.675,4.725,33.458,34.78,1032.068
22/01/2024 14:18,987.387,1484.89,987.387,4.728,33.466,34.787,1032.071
22/01/2024 14:18,987.102,1484.915,987.102,4.726,33.468,34.791,1032.074
22/01/2024 14:18,986.938,1484.919,986.938,4.749,33.468,34.767,1032.051
22/01/2024 14:18,986.951,1484.91,986.951,4.75,33.468,34.766,1032.05
22/01/2024 14:18,987.061,1484.877,987.061,4.74,33.466,34.774,1032.058
22/01/2024 14:18,987.286,1484.948,987.286,4.75,33.474,34.772,1032.056
22/01/2024 14:18,987.536,1484.993,987.536,4.764,33.476,34.76,1032.046
22/01/2024 14:18,987.75,1484.935,987.75,4.747,33.474,34.776,1032.062
22/01/2024 14:18,987.833,1484.952,987.833,4.75,33.476,34.775,1032.061
22/01/2024 14:18,987.691,1484.933,987.691,4.742,33.476,34.784,1032.068
22/01/2024 14:18,987.558,1484.919,987.558,4.748,33.474,34.775,1032.06
22/01/2024 14:18,987.399,1484.908,987.399,4.747,33.474,34.776,1032.06
22/01/2024 14:18,987.284,1484.91,987.284,4.744,33.472,34.777,1032.061
22/01/2024 14:18,987.209,1484.914,987.209,4.742,33.47,34.777,1032.061
22/01/2024 14:18,987.227,1484.912,987.227,4.75,33.47,34.769,1032.053
22/01/2024 14:18,987.292,1484.905,987.292,4.745,33.472,34.776,1032.06
22/01/2024 14:18,987.383,1484.89,987.383,4.747,33.47,34.772,1032.057
22/01/2024 14:18,987.394,1484.873,987.394,4.735,33.466,34.779,1032.064
22/01/2024 14:18,987.364,1484.869,987.364,4.743,33.464,34.769,1032.055
22/01/2024 14:18,987.321,1484.872,987.321,4.732,33.464,34.78,1032.065
22/01/2024 14:18,987.328,1484.873,987.328,4.733,33.462,34.777,1032.062
22/01/2024 14:18,987.428,1484.884,987.428,4.735,33.46,34.772,1032.059
22/01/2024 14:18,987.55,1484.903,987.55,4.739,33.46,34.768,1032.056
22/01/2024 14:18,987.601,1484.903,987.601,4.734,33.462,34.776,1032.063
22/01/2024 14:18,987.582,1484.882,987.582,4.736,33.46,34.771,1032.059
22/01/2024 14:18,987.464,1484.84,987.464,4.724,33.464,34.788,1032.073
22/01/2024 14:18,987.328,1484.85,987.328,4.732,33.466,34.782,1032.067
22/01/2024 14:18,987.227,1484.872,987.227,4.732,33.466,34.782,1032.067
22/01/2024 14:18,987.153,1484.891,987.153,4.734,33.464,34.778,1032.063
22/01/2024 14:18,987.193,1484.889,987.193,4.742,33.466,34.772,1032.057
22/01/2024 14:18,987.241,1484.881,987.241,4.74,33.466,34.774,1032.059
22/01/2024 14:18,987.357,1484.858,987.357,4.73,33.466,34.784,1032.069
22/01/2024 14:18,987.466,1484.87,987.466,4.733,33.458,34.772,1032.059
22/01/2024 14:18,987.544,1484.887,987.544,4.734,33.458,34.771,1032.059
22/01/2024 14:18,987.581,1484.897,987.581,4.738,33.456,34.765,1032.053
22/01/2024 14:18,987.571,1484.904,987.571,4.738,33.462,34.772,1032.059
22/01/2024 14:18,987.519,1484.881,987.519,4.737,33.458,34.768,1032.056
22/01/2024 14:18,987.462,1484.843,987.462,4.728,33.456,34.775,1032.062
22/01/2024 14:18,987.422,1484.826,987.422,4.721,33.456,34.782,1032.069
22/01/2024 14:18,987.435,1484.837,987.435,4.729,33.458,34.776,1032.063
22/01/2024 14:18,987.419,1484.835,987.419,4.726,33.454,34.775,1032.062
22/01/2024 14:18,987.41,1484.844,987.41,4.727,33.454,34.774,1032.061
22/01/2024 14:18,987.31,1484.86,987.31,4.731,33.454,34.77,1032.057
22/01/2024 14:18,987.232,1484.855,987.232,4.731,33.46,34.777,1032.062
22/01/2024 14:18,987.087,1484.866,987.087,4.725,33.464,34.787,1032.071
22/01/2024 14:18,987.044,1484.876,987.044,4.73,33.466,34.785,1032.068
22/01/2024 14:18,987.123,1484.879,987.123,4.742,33.466,34.772,1032.057
22/01/2024 14:18,987.327,1484.871,987.327,4.732,33.462,34.778,1032.063
22/01/2024 14:18,987.537,1484.874,987.537,4.738,33.46,34.769,1032.057
22/01/2024 14:18,987.719,1484.886,987.719,4.733,33.462,34.777,1032.064
22/01/2024 14:18,987.781,1484.829,987.781,4.727,33.446,34.764,1032.055
22/01/2024 14:18,987.7,1484.828,987.7,4.715,33.452,34.784,1032.072
22/01/2024 14:18,987.526,1484.851,987.526,4.725,33.462,34.785,1032.071
22/01/2024 14:18,987.378,1484.872,987.378,4.728,33.464,34.784,1032.069
22/01/2024 14:18,987.217,1484.869,987.217,4.736,33.464,34.776,1032.061
22/01/2024 14:18,987.102,1484.894,987.102,4.735,33.466,34.779,1032.063
22/01/2024 14:19,987.127,1484.89,987.127,4.743,33.464,34.769,1032.054
22/01/2024 14:19,987.234,1484.88,987.234,4.74,33.462,34.77,1032.055
22/01/2024 14:19,987.339,1484.882,987.339,4.738,33.462,34.772,1032.058
22/01/2024 14:19,987.466,1484.892,987.466,4.736,33.464,34.776,1032.062
22/01/2024 14:19,987.575,1484.898,987.575,4.741,33.464,34.771,1032.058
22/01/2024 14:19,987.597,1484.903,987.597,4.749,33.466,34.765,1032.052
22/01/2024 14:19,987.582,1484.891,987.582,4.745,33.464,34.767,1032.054
22/01/2024 14:19,987.517,1484.879,987.517,4.74,33.464,34.772,1032.058
22/01/2024 14:19,987.375,1484.882,987.375,4.741,33.466,34.773,1032.059
22/01/2024 14:19,987.281,1484.888,987.281,4.735,33.468,34.782,1032.066
22/01/2024 14:19,987.24,1484.898,987.24,4.741,33.468,34.776,1032.06
22/01/2024 14:19,987.279,1484.914,987.279,4.74,33.468,34.777,1032.061
22/01/2024 14:19,987.369,1484.898,987.369,4.744,33.47,34.775,1032.06
22/01/2024 14:19,987.424,1484.886,987.424,4.736,33.466,34.778,1032.064
22/01/2024 14:19,987.414,1484.888,987.414,4.741,33.464,34.771,1032.057
22/01/2024 14:19,987.431,1484.889,987.431,4.739,33.464,34.773,1032.059
22/01/2024 14:19,987.434,1484.885,987.434,4.741,33.462,34.769,1032.055
22/01/2024 14:19,987.43,1484.885,987.43,4.736,33.462,34.774,1032.06
22/01/2024 14:19,987.425,1484.877,987.425,4.735,33.462,34.775,1032.061
22/01/2024 14:19,987.4,1484.875,987.4,4.738,33.464,34.774,1032.06
22/01/2024 14:19,987.375,1484.864,987.375,4.734,33.46,34.773,1032.06
22/01/2024 14:19,987.332,1484.866,987.332,4.739,33.462,34.771,1032.057
22/01/2024 14:19,987.324,1484.865,987.324,4.732,33.462,34.778,1032.063
22/01/2024 14:19,987.362,1484.871,987.362,4.73,33.46,34.778,1032.064
22/01/2024 14:19,987.425,1484.873,987.425,4.738,33.46,34.769,1032.056
22/01/2024 14:19,987.503,1484.872,987.503,4.726,33.462,34.784,1032.07
22/01/2024 14:19,987.528,1484.857,987.528,4.734,33.46,34.773,1032.061
22/01/2024 14:19,987.515,1484.855,987.515,4.73,33.456,34.773,1032.061
22/01/2024 14:19,987.487,1484.842,987.487,4.721,33.456,34.782,1032.069
22/01/2024 14:19,987.389,1484.841,987.389,4.729,33.458,34.776,1032.063
22/01/2024 14:19,987.355,1484.87,987.355,4.732,33.462,34.778,1032.064
22/01/2024 14:19,987.26,1484.88,987.26,4.73,33.464,34.782,1032.067
22/01/2024 14:19,987.222,1484.88,987.222,4.729,33.466,34.786,1032.069
22/01/2024 14:19,987.173,1484.879,987.173,4.736,33.466,34.778,1032.063
22/01/2024 14:19,987.223,1484.873,987.223,4.734,33.466,34.78,1032.065
22/01/2024 14:19,987.357,1484.879,987.357,4.738,33.464,34.774,1032.06
22/01/2024 14:19,987.443,1484.862,987.443,4.737,33.462,34.773,1032.059
22/01/2024 14:19,987.521,1484.869,987.521,4.735,33.46,34.772,1032.06
22/01/2024 14:19,987.535,1484.837,987.535,4.738,33.456,34.765,1032.053
22/01/2024 14:19,987.545,1484.835,987.545,4.732,33.456,34.771,1032.059
22/01/2024 14:19,987.543,1484.82,987.543,4.725,33.456,34.778,1032.065
22/01/2024 14:19,987.549,1484.817,987.549,4.724,33.456,34.779,1032.066
22/01/2024 14:19,987.53,1484.82,987.53,4.719,33.454,34.782,1032.069
22/01/2024 14:19,987.451,1484.834,987.451,4.727,33.456,34.776,1032.063
22/01/2024 14:19,987.334,1484.844,987.334,4.722,33.46,34.786,1032.071
22/01/2024 14:19,987.148,1484.856,987.148,4.728,33.464,34.784,1032.068
22/01/2024 14:19,987.027,1484.853,987.027,4.733,33.462,34.777,1032.061
22/01/2024 14:19,986.955,1484.848,986.955,4.739,33.456,34.764,1032.05
22/01/2024 14:19,987.03,1484.864,987.03,4.732,33.462,34.778,1032.062
22/01/2024 14:19,987.279,1484.854,987.279,4.739,33.464,34.773,1032.058
22/01/2024 14:19,987.576,1484.892,987.576,4.74,33.466,34.774,1032.061
22/01/2024 14:19,987.84,1484.906,987.84,4.735,33.466,34.779,1032.066
22/01/2024 14:19,987.948,1484.912,987.948,4.74,33.466,34.774,1032.062
22/01/2024 14:19,987.871,1484.847,987.871,4.73,33.462,34.78,1032.068
22/01/2024 14:19,987.615,1484.853,987.615,4.731,33.466,34.783,1032.069
22/01/2024 14:19,987.324,1484.891,987.324,4.729,33.466,34.786,1032.07
22/01/2024 14:19,987.082,1484.883,987.082,4.727,33.464,34.785,1032.069
22/01/2024 14:19,986.978,1484.88,986.978,4.742,33.466,34.772,1032.056
22/01/2024 14:19,986.974,1484.88,986.974,4.745,33.468,34.772,1032.055
22/01/2024 14:19,987.109,1484.874,987.109,4.749,33.474,34.774,1032.057
22/01/2024 14:20,987.318,1484.995,987.318,4.756,33.47,34.761,1032.047
22/01/2024 14:20,987.469,1485.003,987.469,4.766,33.474,34.756,1032.042
22/01/2024 14:20,987.534,1484.986,987.534,4.764,33.478,34.762,1032.048
22/01/2024 14:20,987.533,1484.921,987.533,4.755,33.476,34.769,1032.054
22/01/2024 14:20,987.496,1484.89,987.496,4.742,33.478,34.786,1032.069
22/01/2024 14:20,987.476,1484.897,987.476,4.743,33.474,34.78,1032.065
22/01/2024 14:20,987.483,1484.892,987.483,4.744,33.466,34.77,1032.056
22/01/2024 14:20,987.504,1484.898,987.504,4.736,33.466,34.778,1032.064
22/01/2024 14:20,987.552,1484.9,987.552,4.739,33.466,34.775,1032.061
22/01/2024 14:20,987.553,1484.898,987.553,4.734,33.466,34.78,1032.066
22/01/2024 14:20,987.52,1484.863,987.52,4.74,33.466,34.774,1032.06
22/01/2024 14:20,987.385,1484.88,987.385,4.734,33.466,34.78,1032.065
22/01/2024 14:20,987.196,1484.891,987.196,4.742,33.466,34.772,1032.057
22/01/2024 14:20,987.059,1484.905,987.059,4.741,33.468,34.776,1032.059
22/01/2024 14:20,987.043,1484.908,987.043,4.745,33.47,34.774,1032.057
22/01/2024 14:20,987.157,1484.897,987.157,4.747,33.468,34.769,1032.054
22/01/2024 14:20,987.358,1484.91,987.358,4.734,33.468,34.783,1032.067
22/01/2024 14:20,987.586,1484.933,987.586,4.747,33.47,34.772,1032.058
22/01/2024 14:20,987.676,1484.897,987.676,4.75,33.466,34.763,1032.051
22/01/2024 14:20,987.699,1484.895,987.699,4.747,33.466,34.767,1032.054
22/01/2024 14:20,987.593,1484.854,987.593,4.739,33.464,34.773,1032.06
22/01/2024 14:20,987.377,1484.871,987.377,4.736,33.468,34.781,1032.065
22/01/2024 14:20,987.273,1484.898,987.273,4.731,33.468,34.786,1032.07
22/01/2024 14:20,987.176,1484.904,987.176,4.742,33.466,34.772,1032.057
22/01/2024 14:20,987.217,1484.909,987.217,4.747,33.466,34.767,1032.052
22/01/2024 14:20,987.293,1484.9,987.293,4.746,33.466,34.768,1032.054
22/01/2024 14:20,987.448,1484.899,987.448,4.736,33.466,34.778,1032.064
22/01/2024 14:20,987.531,1484.881,987.531,4.745,33.466,34.769,1032.056
22/01/2024 14:20,987.487,1484.897,987.487,4.735,33.462,34.775,1032.061
22/01/2024 14:20,987.449,1484.892,987.449,4.737,33.464,34.775,1032.061
22/01/2024 14:20,987.401,1484.891,987.401,4.735,33.464,34.777,1032.063
22/01/2024 14:20,987.342,1484.898,987.342,4.738,33.466,34.776,1032.061
22/01/2024 14:20,987.312,1484.898,987.312,4.74,33.466,34.774,1032.059
22/01/2024 14:20,987.411,1484.893,987.411,4.738,33.466,34.776,1032.062
22/01/2024 14:20,987.477,1484.893,987.477,4.73,33.464,34.782,1032.068
22/01/2024 14:20,987.492,1484.883,987.492,4.737,33.464,34.775,1032.061
22/01/2024 14:20,987.445,1484.883,987.445,4.736,33.464,34.776,1032.062
22/01/2024 14:20,987.381,1484.894,987.381,4.743,33.466,34.771,1032.057
22/01/2024 14:20,987.298,1484.899,987.298,4.731,33.466,34.783,1032.068
22/01/2024 14:20,987.267,1484.899,987.267,4.739,33.468,34.778,1032.062
22/01/2024 14:20,987.266,1484.896,987.266,4.741,33.466,34.773,1032.058
22/01/2024 14:20,987.328,1484.893,987.328,4.738,33.466,34.776,1032.061
22/01/2024 14:20,987.419,1484.882,987.419,4.742,33.466,34.772,1032.058
22/01/2024 14:20,987.517,1484.859,987.517,4.737,33.464,34.775,1032.061
22/01/2024 14:20,987.568,1484.864,987.568,4.735,33.456,34.768,1032.056
22/01/2024 14:20,987.59,1484.858,987.59,4.735,33.458,34.77,1032.058
22/01/2024 14:20,987.551,1484.85,987.551,4.73,33.456,34.773,1032.061
22/01/2024 14:20,987.437,1484.863,987.437,4.726,33.46,34.782,1032.068
22/01/2024 14:20,987.24,1484.896,987.24,4.739,33.466,34.775,1032.06
22/01/2024 14:20,987.101,1484.905,987.101,4.741,33.468,34.776,1032.059
22/01/2024 14:20,987.019,1484.914,987.019,4.745,33.468,34.772,1032.055
22/01/2024 14:20,987.077,1484.911,987.077,4.749,33.47,34.77,1032.054
22/01/2024 14:20,987.269,1484.895,987.269,4.746,33.468,34.77,1032.055
22/01/2024 14:20,987.523,1484.912,987.523,4.744,33.466,34.77,1032.057
22/01/2024 14:20,987.763,1484.921,987.763,4.745,33.468,34.771,1032.058
22/01/2024 14:20,987.833,1484.899,987.833,4.747,33.466,34.767,1032.055
22/01/2024 14:20,987.74,1484.895,987.74,4.744,33.464,34.768,1032.056
22/01/2024 14:20,987.506,1484.898,987.506,4.74,33.47,34.779,1032.064
22/01/2024 14:20,987.25,1484.911,987.25,4.743,33.47,34.776,1032.06
22/01/2024 14:20,987.097,1484.91,987.097,4.747,33.47,34.772,1032.056
22/01/2024 14:21,987.042,1484.905,987.042,4.743,33.468,34.774,1032.057
22/01/2024 14:21,987.105,1484.906,987.105,4.742,33.474,34.782,1032.064
22/01/2024 14:21,987.256,1484.912,987.256,4.751,33.474,34.771,1032.055
22/01/2024 14:21,987.478,1484.966,987.478,4.753,33.478,34.774,1032.058
22/01/2024 14:21,987.633,1484.965,987.633,4.76,33.478,34.766,1032.052
22/01/2024 14:21,987.675,1484.95,987.675,4.749,33.478,34.779,1032.063
22/01/2024 14:21,987.571,1484.892,987.571,4.749,33.476,34.776,1032.061
22/01/2024 14:21,987.486,1484.912,987.486,4.75,33.474,34.773,1032.058
22/01/2024 14:21,987.375,1484.914,987.375,4.749,33.474,34.774,1032.058
22/01/2024 14:21,987.335,1484.921,987.335,4.746,33.474,34.777,1032.061
22/01/2024 14:21,987.333,1484.918,987.333,4.749,33.472,34.772,1032.056
22/01/2024 14:21,987.365,1484.915,987.365,4.741,33.472,34.78,1032.064
22/01/2024 14:21,987.308,1484.919,987.308,4.742,33.47,34.777,1032.061
22/01/2024 14:21,987.311,1484.916,987.311,4.746,33.47,34.773,1032.057
22/01/2024 14:21,987.299,1484.916,987.299,4.75,33.47,34.768,1032.053
22/01/2024 14:21,987.308,1484.918,987.308,4.751,33.472,34.769,1032.054
22/01/2024 14:21,987.388,1484.923,987.388,4.75,33.472,34.771,1032.056
22/01/2024 14:21,987.581,1484.911,987.581,4.75,33.47,34.768,1032.055
22/01/2024 14:21,987.811,1484.912,987.811,4.742,33.468,34.774,1032.061
22/01/2024 14:21,988.123,1484.872,988.123,4.747,33.46,34.76,1032.051
22/01/2024 14:21,988.35,1484.868,988.35,4.725,33.452,34.773,1032.065
22/01/2024 14:21,988.392,1484.863,988.392,4.723,33.466,34.791,1032.08
22/01/2024 14:21,988.354,1484.855,988.354,4.724,33.462,34.786,1032.075
22/01/2024 14:21,988.234,1484.845,988.234,4.73,33.464,34.782,1032.071
22/01/2024 14:21,988.224,1484.903,988.224,4.727,33.466,34.787,1032.075
22/01/2024 14:21,988.327,1484.918,988.327,4.74,33.468,34.776,1032.065
22/01/2024 14:21,988.601,1484.889,988.601,4.738,33.464,34.773,1032.065
22/01/2024 14:21,988.995,1484.888,988.995,4.739,33.462,34.77,1032.064
22/01/2024 14:21,989.506,1484.893,989.506,4.736,33.456,34.766,1032.063
22/01/2024 14:21,990.015,1484.858,990.015,4.724,33.446,34.766,1032.068
22/01/2024 14:21,990.471,1484.857,990.471,4.723,33.444,34.765,1032.069
22/01/2024 14:21,990.762,1484.861,990.762,4.712,33.446,34.778,1032.082
22/01/2024 14:21,990.942,1484.87,990.942,4.721,33.452,34.776,1032.08
22/01/2024 14:21,990.992,1484.92,990.992,4.722,33.458,34.782,1032.084
22/01/2024 14:21,991.134,1484.918,991.134,4.725,33.462,34.783,1032.086
22/01/2024 14:21,991.284,1484.934,991.284,4.729,33.464,34.781,1032.084
22/01/2024 14:21,991.503,1484.937,991.503,4.73,33.464,34.78,1032.084
22/01/2024 14:21,991.769,1484.908,991.769,4.731,33.458,34.772,1032.079
22/01/2024 14:21,992.033,1484.896,992.033,4.724,33.456,34.777,1032.085
22/01/2024 14:21,992.323,1484.898,992.323,4.721,33.454,34.777,1032.087
22/01/2024 14:21,992.666,1484.896,992.666,4.722,33.446,34.767,1032.08
22/01/2024 14:21,993.082,1484.898,993.082,4.708,33.446,34.781,1032.095
22/01/2024 14:21,993.591,1484.903,993.591,4.71,33.446,34.779,1032.096
22/01/2024 14:21,994.065,1484.91,994.065,4.718,33.446,34.77,1032.09
22/01/2024 14:21,994.584,1484.918,994.584,4.716,33.446,34.772,1032.094
22/01/2024 14:21,994.956,1484.923,994.956,4.717,33.446,34.771,1032.095
22/01/2024 14:21,995.193,1484.926,995.193,4.711,33.446,34.777,1032.101
22/01/2024 14:21,995.322,1484.928,995.322,4.714,33.446,34.774,1032.099
22/01/2024 14:21,995.478,1484.941,995.478,4.71,33.454,34.787,1032.111
22/01/2024 14:21,995.668,1484.977,995.668,4.722,33.458,34.779,1032.104
22/01/2024 14:21,996,1484.951,996,4.723,33.448,34.767,1032.095
22/01/2024 14:21,996.438,1484.949,996.438,4.719,33.452,34.775,1032.104
22/01/2024 14:21,996.94,1484.956,996.94,4.71,33.448,34.779,1032.111
22/01/2024 14:21,997.411,1484.964,997.411,4.718,33.446,34.769,1032.104
22/01/2024 14:21,997.789,1484.969,997.789,4.713,33.446,34.774,1032.11
22/01/2024 14:21,998.103,1484.974,998.103,4.716,33.446,34.77,1032.109
22/01/2024 14:21,998.361,1484.976,998.361,4.715,33.446,34.771,1032.111
22/01/2024 14:21,998.704,1484.981,998.704,4.716,33.446,34.77,1032.111
22/01/2024 14:21,999.081,1484.99,999.081,4.714,33.448,34.774,1032.116
22/01/2024 14:21,999.562,1484.996,999.562,4.716,33.446,34.77,1032.115
22/01/2024 14:22,999.993,1485.002,999.993,4.717,33.446,34.768,1032.116
22/01/2024 14:22,1000.315,1485.006,1000.315,4.712,33.448,34.776,1032.123
22/01/2024 14:22,1000.526,1485.01,1000.526,4.719,33.446,34.766,1032.116
22/01/2024 14:22,1000.783,1485.017,1000.783,4.705,33.452,34.787,1032.136
22/01/2024 14:22,1001.051,1485.02,1001.051,4.71,33.452,34.782,1032.132
22/01/2024 14:22,1001.421,1485.027,1001.421,4.716,33.452,34.776,1032.128
22/01/2024 14:22,1001.822,1485.03,1001.822,4.711,33.452,34.781,1032.134
22/01/2024 14:22,1002.302,1485.038,1002.302,4.71,33.448,34.777,1032.134
22/01/2024 14:22,1002.696,1485.042,1002.696,4.716,33.446,34.768,1032.128
22/01/2024 14:22,1003.109,1485.036,1003.109,4.705,33.448,34.781,1032.142
22/01/2024 14:22,1003.52,1485.039,1003.52,4.707,33.446,34.777,1032.14
22/01/2024 14:22,1003.848,1485.042,1003.848,4.707,33.446,34.777,1032.141
22/01/2024 14:22,1004.18,1485.043,1004.18,4.706,33.446,34.778,1032.143
22/01/2024 14:22,1004.463,1485.049,1004.463,4.704,33.448,34.782,1032.148
22/01/2024 14:22,1004.621,1485.046,1004.621,4.704,33.448,34.782,1032.149
22/01/2024 14:22,1004.789,1485.047,1004.789,4.698,33.446,34.786,1032.153
22/01/2024 14:22,1004.966,1485.052,1004.966,4.708,33.448,34.777,1032.147
22/01/2024 14:22,1005.201,1485.055,1005.201,4.698,33.448,34.788,1032.157
22/01/2024 14:22,1005.547,1485.064,1005.547,4.704,33.446,34.779,1032.151
22/01/2024 14:22,1005.957,1485.059,1005.957,4.702,33.448,34.783,1032.156
22/01/2024 14:22,1006.393,1485.065,1006.393,4.701,33.446,34.782,1032.157
22/01/2024 14:22,1006.759,1485.071,1006.759,4.706,33.446,34.776,1032.154
22/01/2024 14:22,1007.009,1485.069,1007.009,4.694,33.446,34.789,1032.166
22/01/2024 14:22,1007.155,1485.075,1007.155,4.704,33.448,34.781,1032.159
22/01/2024 14:22,1007.237,1485.092,1007.237,4.694,33.448,34.791,1032.169
22/01/2024 14:22,1007.285,1485.089,1007.285,4.703,33.448,34.781,1032.161
22/01/2024 14:22,1007.48,1485.094,1007.48,4.701,33.452,34.788,1032.167
22/01/2024 14:22,1007.713,1485.094,1007.713,4.703,33.452,34.786,1032.166
22/01/2024 14:22,1008.016,1485.096,1008.016,4.706,33.448,34.778,1032.161
22/01/2024 14:22,1008.331,1485.081,1008.331,4.7,33.446,34.782,1032.166
22/01/2024 14:22,1008.484,1485.084,1008.484,4.698,33.444,34.781,1032.167
22/01/2024 14:22,1008.501,1485.052,1008.501,4.696,33.436,34.774,1032.162
22/01/2024 14:22,1008.496,1484.814,1008.496,4.697,33.4,34.731,1032.128
22/01/2024 14:22,1008.469,1484.691,1008.469,4.699,33.342,34.662,1032.073
22/01/2024 14:22,1008.513,1484.812,1008.513,4.691,33.256,34.571,1032.003
22/01/2024 14:22,1008.477,1484.756,1008.477,4.701,33.276,34.584,1032.011
22/01/2024 14:22,1008.493,1484.828,1008.493,4.7,33.322,34.638,1032.054
22/01/2024 14:22,1008.494,1484.932,1008.494,4.699,33.334,34.653,1032.066
22/01/2024 14:22,1008.513,1484.955,1008.513,4.707,33.344,34.656,1032.068
22/01/2024 14:22,1008.491,1485.116,1008.491,4.713,33.356,34.664,1032.073
22/01/2024 14:22,1008.396,1485.142,1008.396,4.719,33.428,34.741,1032.132
22/01/2024 14:22,1008.052,1485.138,1008.052,4.713,33.454,34.778,1032.16
22/01/2024 14:22,1007.625,1485.143,1007.625,4.712,33.458,34.784,1032.163
22/01/2024 14:22,1007.387,1485.154,1007.387,4.719,33.462,34.781,1032.159
22/01/2024 14:22,1007.011,1485.15,1007.011,4.719,33.458,34.777,1032.154
22/01/2024 14:22,1006.772,1485.112,1006.772,4.717,33.46,34.781,1032.156
22/01/2024 14:22,1006.609,1485.028,1006.609,4.717,33.41,34.723,1032.11
22/01/2024 14:22,1006.395,1485.074,1006.395,4.72,33.41,34.721,1032.107
22/01/2024 14:22,1006.316,1485.036,1006.316,4.72,33.404,34.714,1032.101
22/01/2024 14:22,1006.246,1485.081,1006.246,4.708,33.418,34.742,1032.125
22/01/2024 14:22,1006.13,1485.073,1006.13,4.713,33.442,34.765,1032.141
22/01/2024 14:22,1006.003,1485.096,1006.003,4.708,33.446,34.775,1032.149
22/01/2024 14:22,1005.805,1485.087,1005.805,4.706,33.444,34.774,1032.148
22/01/2024 14:22,1005.563,1485.094,1005.563,4.71,33.436,34.761,1032.136
22/01/2024 14:22,1005.319,1485.076,1005.319,4.71,33.432,34.757,1032.132
22/01/2024 14:22,1005.06,1485.064,1005.06,4.717,33.43,34.747,1032.122
22/01/2024 14:22,1004.795,1485.067,1004.795,4.72,33.428,34.742,1032.116
22/01/2024 14:22,1004.618,1485.057,1004.618,4.719,33.426,34.741,1032.115
22/01/2024 14:22,1004.48,1485.06,1004.48,4.721,33.424,34.737,1032.11
22/01/2024 14:22,1004.369,1485.051,1004.369,4.724,33.424,34.734,1032.107
22/01/2024 14:23,1004.24,1485.051,1004.24,4.719,33.426,34.741,1032.113
22/01/2024 14:23,1004.046,1485.062,1004.046,4.713,33.428,34.75,1032.12
22/01/2024 14:23,1003.693,1485.056,1003.693,4.712,33.428,34.751,1032.119
22/01/2024 14:23,1003.24,1485.057,1003.24,4.719,33.432,34.749,1032.114
22/01/2024 14:23,1002.753,1485.04,1002.753,4.723,33.436,34.749,1032.112
22/01/2024 14:23,1002.41,1485.067,1002.41,4.717,33.44,34.76,1032.12
22/01/2024 14:23,1002.258,1485.033,1002.258,4.717,33.44,34.76,1032.12
22/01/2024 14:23,1002.254,1485.039,1002.254,4.717,33.434,34.753,1032.114
22/01/2024 14:23,1002.327,1485.031,1002.327,4.716,33.434,34.754,1032.115
22/01/2024 14:23,1002.334,1485.025,1002.334,4.717,33.434,34.753,1032.114
22/01/2024 14:23,1002.219,1485.02,1002.219,4.711,33.434,34.76,1032.12
22/01/2024 14:23,1001.97,1485.02,1001.97,4.716,33.434,34.755,1032.114
22/01/2024 14:23,1001.522,1485.019,1001.522,4.716,33.432,34.752,1032.11
22/01/2024 14:23,1001.007,1485.027,1001.007,4.715,33.438,34.761,1032.114
22/01/2024 14:23,1000.53,1485.028,1000.53,4.715,33.44,34.763,1032.114
22/01/2024 14:23,1000.188,1485.031,1000.188,4.713,33.442,34.768,1032.116
22/01/2024 14:23,1000.025,1485.019,1000.025,4.725,33.442,34.756,1032.105
22/01/2024 14:23,1000.054,1485.011,1000.054,4.717,33.434,34.754,1032.105
22/01/2024 14:23,1000.152,1485.005,1000.152,4.721,33.44,34.757,1032.107
22/01/2024 14:23,1000.239,1485,1000.239,4.72,33.442,34.761,1032.11
22/01/2024 14:23,1000.137,1484.994,1000.137,4.719,33.44,34.759,1032.109
22/01/2024 14:23,999.89,1484.995,999.89,4.714,33.44,34.765,1032.112
22/01/2024 14:23,999.566,1484.993,999.566,4.719,33.44,34.76,1032.106
22/01/2024 14:23,999.195,1484.993,999.195,4.719,33.442,34.762,1032.107
22/01/2024 14:23,998.951,1484.991,998.951,4.716,33.44,34.763,1032.107
22/01/2024 14:23,998.712,1484.989,998.712,4.717,33.446,34.769,1032.11
22/01/2024 14:23,998.508,1484.987,998.508,4.715,33.446,34.771,1032.111
22/01/2024 14:23,998.302,1484.981,998.302,4.714,33.446,34.772,1032.111
22/01/2024 14:23,998.016,1484.973,998.016,4.723,33.444,34.761,1032.1
22/01/2024 14:23,997.716,1484.97,997.716,4.722,33.446,34.764,1032.101
22/01/2024 14:23,997.36,1484.971,997.36,4.712,33.446,34.775,1032.109
22/01/2024 14:23,997.092,1484.971,997.092,4.719,33.446,34.768,1032.102
22/01/2024 14:23,996.798,1484.968,996.798,4.722,33.444,34.763,1032.096
22/01/2024 14:23,996.637,1484.96,996.637,4.716,33.444,34.769,1032.101
22/01/2024 14:23,996.528,1484.956,996.528,4.72,33.446,34.767,1032.098
22/01/2024 14:23,996.5,1484.953,996.5,4.711,33.446,34.776,1032.107
22/01/2024 14:23,996.416,1484.95,996.416,4.716,33.444,34.769,1032.1
22/01/2024 14:23,996.269,1484.948,996.269,4.717,33.446,34.77,1032.1
22/01/2024 14:23,995.927,1484.946,995.927,4.715,33.444,34.77,1032.099
22/01/2024 14:23,995.546,1484.941,995.546,4.715,33.444,34.77,1032.097
22/01/2024 14:23,995.141,1484.939,995.141,4.717,33.444,34.769,1032.094
22/01/2024 14:23,994.719,1484.935,994.719,4.714,33.446,34.774,1032.096
22/01/2024 14:23,994.338,1484.929,994.338,4.722,33.446,34.766,1032.087
22/01/2024 14:23,994.07,1484.928,994.07,4.722,33.448,34.769,1032.088
22/01/2024 14:23,993.91,1484.921,993.91,4.721,33.446,34.767,1032.087
22/01/2024 14:23,993.864,1484.913,993.864,4.721,33.446,34.767,1032.086
22/01/2024 14:23,993.883,1484.914,993.883,4.712,33.446,34.777,1032.095
22/01/2024 14:23,993.805,1484.911,993.805,4.714,33.444,34.772,1032.091
22/01/2024 14:23,993.635,1484.902,993.635,4.721,33.444,34.765,1032.084
22/01/2024 14:23,993.337,1484.897,993.337,4.717,33.444,34.769,1032.086
22/01/2024 14:23,992.936,1484.892,992.936,4.716,33.444,34.771,1032.085
22/01/2024 14:23,992.478,1484.89,992.478,4.717,33.446,34.772,1032.084
22/01/2024 14:23,992.022,1484.892,992.022,4.71,33.444,34.777,1032.087
22/01/2024 14:23,991.648,1484.881,991.648,4.71,33.446,34.78,1032.087
22/01/2024 14:23,991.255,1484.877,991.255,4.72,33.446,34.77,1032.076
22/01/2024 14:23,990.976,1484.876,990.976,4.722,33.446,34.768,1032.073
22/01/2024 14:23,990.756,1484.871,990.756,4.722,33.446,34.768,1032.072
22/01/2024 14:23,990.556,1484.86,990.556,4.726,33.444,34.762,1032.066
22/01/2024 14:23,990.272,1484.857,990.272,4.719,33.442,34.767,1032.07
22/01/2024 14:23,989.971,1484.85,989.971,4.723,33.442,34.763,1032.065
22/01/2024 14:24,989.615,1484.846,989.615,4.716,33.442,34.77,1032.07
22/01/2024 14:24,989.246,1484.838,989.246,4.723,33.442,34.763,1032.062
22/01/2024 14:24,988.851,1484.833,988.851,4.72,33.444,34.769,1032.065
22/01/2024 14:24,988.363,1484.836,988.363,4.716,33.446,34.775,1032.068
22/01/2024 14:24,987.801,1484.828,987.801,4.722,33.444,34.767,1032.058
22/01/2024 14:24,987.307,1484.811,987.307,4.719,33.444,34.77,1032.059
22/01/2024 14:24,986.817,1484.803,986.817,4.719,33.442,34.768,1032.055
22/01/2024 14:24,986.385,1484.794,986.385,4.716,33.442,34.772,1032.056
22/01/2024 14:24,985.972,1484.784,985.972,4.719,33.44,34.766,1032.05
22/01/2024 14:24,985.59,1484.779,985.59,4.719,33.436,34.762,1032.045
22/01/2024 14:24,985.255,1484.778,985.255,4.725,33.438,34.758,1032.04
22/01/2024 14:24,984.823,1484.779,984.823,4.723,33.442,34.765,1032.043
22/01/2024 14:24,984.364,1484.77,984.364,4.722,33.444,34.769,1032.044
22/01/2024 14:24,983.858,1484.754,983.858,4.715,33.444,34.776,1032.049
22/01/2024 14:24,983.368,1484.749,983.368,4.72,33.442,34.769,1032.04
22/01/2024 14:24,982.779,1484.747,982.779,4.712,33.444,34.78,1032.047
22/01/2024 14:24,982.231,1484.738,982.231,4.724,33.442,34.765,1032.032
22/01/2024 14:24,981.807,1484.727,981.807,4.721,33.442,34.769,1032.033
22/01/2024 14:24,981.365,1484.717,981.365,4.715,33.44,34.773,1032.035
22/01/2024 14:24,980.93,1484.71,980.93,4.721,33.44,34.767,1032.027
22/01/2024 14:24,980.369,1484.7,980.369,4.724,33.44,34.764,1032.022
22/01/2024 14:24,979.763,1484.689,979.763,4.722,33.44,34.766,1032.021
22/01/2024 14:24,979.081,1484.687,979.081,4.722,33.438,34.764,1032.017
22/01/2024 14:24,978.446,1484.676,978.446,4.715,33.442,34.777,1032.024
22/01/2024 14:24,977.851,1484.666,977.851,4.718,33.438,34.769,1032.015
22/01/2024 14:24,977.396,1484.655,977.396,4.726,33.44,34.763,1032.008
22/01/2024 14:24,976.989,1484.646,976.989,4.722,33.44,34.768,1032.01
22/01/2024 14:24,976.526,1484.638,976.526,4.721,33.44,34.769,1032.009
22/01/2024 14:24,975.825,1484.625,975.825,4.716,33.438,34.772,1032.009
22/01/2024 14:24,974.954,1484.617,974.954,4.717,33.44,34.774,1032.006
22/01/2024 14:24,973.975,1484.604,973.975,4.725,33.44,34.766,1031.995
22/01/2024 14:24,972.818,1484.586,972.818,4.722,33.44,34.77,1031.993
22/01/2024 14:24,971.621,1484.569,971.621,4.728,33.44,34.764,1031.982
22/01/2024 14:24,970.531,1484.554,970.531,4.727,33.44,34.766,1031.978
22/01/2024 14:24,969.556,1484.548,969.556,4.725,33.438,34.766,1031.974
22/01/2024 14:24,968.756,1484.535,968.756,4.723,33.44,34.771,1031.975
22/01/2024 14:24,968.077,1484.524,968.077,4.729,33.44,34.765,1031.966
22/01/2024 14:24,967.392,1484.531,967.392,4.731,33.44,34.763,1031.962
22/01/2024 14:24,966.572,1484.508,966.572,4.729,33.44,34.766,1031.96
22/01/2024 14:24,965.588,1484.544,965.588,4.746,33.444,34.753,1031.944
22/01/2024 14:24,964.537,1484.508,964.537,4.744,33.444,34.756,1031.941
22/01/2024 14:24,963.494,1484.501,963.494,4.739,33.444,34.762,1031.941
22/01/2024 14:24,962.547,1484.503,962.547,4.745,33.444,34.756,1031.932
22/01/2024 14:24,961.633,1484.47,961.633,4.738,33.444,34.764,1031.935
22/01/2024 14:24,960.754,1484.458,960.754,4.741,33.442,34.759,1031.926
22/01/2024 14:24,959.825,1484.537,959.825,4.742,33.444,34.76,1031.923
22/01/2024 14:24,958.905,1484.556,958.905,4.767,33.448,34.739,1031.899
22/01/2024 14:24,957.958,1484.615,957.958,4.772,33.464,34.753,1031.905
22/01/2024 14:24,957.047,1484.617,957.047,4.797,33.472,34.737,1031.885
22/01/2024 14:24,956.183,1484.56,956.183,4.796,33.472,34.738,1031.882
22/01/2024 14:24,955.336,1484.563,955.336,4.793,33.472,34.742,1031.881
22/01/2024 14:24,954.487,1484.526,954.487,4.79,33.456,34.727,1031.866
22/01/2024 14:24,953.604,1484.52,953.604,4.77,33.448,34.738,1031.874
22/01/2024 14:24,952.639,1484.534,952.639,4.78,33.464,34.747,1031.875
22/01/2024 14:24,951.719,1484.641,951.719,4.8,33.466,34.729,1031.854
22/01/2024 14:24,950.772,1484.695,950.772,4.824,33.49,34.733,1031.849
22/01/2024 14:24,949.768,1484.625,949.768,4.841,33.476,34.699,1031.816
22/01/2024 14:24,948.736,1484.554,948.736,4.822,33.478,34.722,1031.832
22/01/2024 14:24,947.763,1484.763,947.763,4.865,33.518,34.724,1031.823
22/01/2024 14:24,946.827,1484.734,946.827,4.879,33.524,34.717,1031.811
22/01/2024 14:25,945.976,1484.71,945.976,4.877,33.52,34.715,1031.806
22/01/2024 14:25,945.167,1484.701,945.167,4.849,33.5,34.721,1031.811
22/01/2024 14:25,944.361,1484.466,944.361,4.858,33.484,34.693,1031.785
22/01/2024 14:25,943.46,1484.698,943.46,4.836,33.482,34.715,1031.801
22/01/2024 14:25,942.538,1484.698,942.538,4.858,33.484,34.694,1031.777
22/01/2024 14:25,941.607,1484.785,941.607,4.868,33.494,34.696,1031.773
22/01/2024 14:25,940.696,1484.826,940.696,4.906,33.504,34.669,1031.742
22/01/2024 14:25,939.772,1484.839,939.772,4.912,33.524,34.687,1031.751
22/01/2024 14:25,938.845,1484.77,938.845,4.921,33.534,34.689,1031.748
22/01/2024 14:25,937.862,1484.743,937.862,4.922,33.534,34.689,1031.743
22/01/2024 14:25,936.836,1484.718,936.836,4.913,33.518,34.68,1031.732
22/01/2024 14:25,935.837,1484.845,935.837,4.92,33.53,34.687,1031.733
22/01/2024 14:25,934.966,1484.841,934.966,4.931,33.552,34.701,1031.738
22/01/2024 14:25,934.327,1484.921,934.327,4.956,33.578,34.706,1031.735
22/01/2024 14:25,933.878,1484.792,933.878,4.937,33.564,34.709,1031.738
22/01/2024 14:25,933.396,1484.711,933.396,4.92,33.55,34.712,1031.741
22/01/2024 14:25,932.69,1484.799,932.69,4.948,33.554,34.687,1031.714
22/01/2024 14:25,931.828,1484.701,931.828,4.941,33.538,34.676,1031.703
22/01/2024 14:25,930.908,1484.663,930.908,4.924,33.532,34.688,1031.71
22/01/2024 14:25,929.933,1484.897,929.933,4.956,33.558,34.685,1031.699
22/01/2024 14:25,928.89,1484.831,928.89,4.977,33.58,34.689,1031.695
22/01/2024 14:25,927.839,1484.817,927.839,4.977,33.574,34.683,1031.685
22/01/2024 14:25,926.776,1484.803,926.776,4.979,33.576,34.683,1031.68
22/01/2024 14:25,925.766,1484.845,925.766,4.995,33.576,34.668,1031.661
22/01/2024 14:25,924.837,1484.756,924.837,4.978,33.576,34.685,1031.673
22/01/2024 14:25,923.976,1484.783,923.976,4.982,33.584,34.691,1031.673
22/01/2024 14:25,923.203,1484.7,923.203,4.963,33.572,34.697,1031.677
22/01/2024 14:25,922.463,1484.838,922.463,5.001,33.604,34.695,1031.667
22/01/2024 14:25,921.735,1484.8,921.735,5.009,33.6,34.683,1031.653
22/01/2024 14:25,920.928,1484.709,920.928,4.994,33.578,34.673,1031.644
22/01/2024 14:25,919.922,1484.735,919.922,4.974,33.574,34.69,1031.655
22/01/2024 14:25,918.839,1484.744,918.839,4.979,33.576,34.687,1031.647
22/01/2024 14:25,917.686,1484.762,917.686,4.988,33.582,34.686,1031.639
22/01/2024 14:25,916.645,1484.694,916.645,4.994,33.594,34.694,1031.64
22/01/2024 14:25,915.68,1484.692,915.68,4.999,33.59,34.685,1031.628
22/01/2024 14:25,914.826,1484.697,914.826,5.006,33.596,34.685,1031.623
22/01/2024 14:25,914.048,1484.7,914.048,5.007,33.598,34.686,1031.621
22/01/2024 14:25,913.247,1484.669,913.247,5.007,33.596,34.685,1031.616
22/01/2024 14:25,912.436,1484.677,912.436,5.008,33.598,34.686,1031.613
22/01/2024 14:25,911.533,1484.62,911.533,5.015,33.596,34.677,1031.601
22/01/2024 14:25,910.54,1484.642,910.54,5.003,33.596,34.69,1031.608
22/01/2024 14:25,909.524,1484.62,909.524,5.003,33.594,34.688,1031.602
22/01/2024 14:25,908.554,1484.569,908.554,5.009,33.594,34.683,1031.593
22/01/2024 14:25,907.622,1484.62,907.622,4.995,33.594,34.697,1031.602
22/01/2024 14:25,906.712,1484.597,906.712,5.007,33.6,34.692,1031.592
22/01/2024 14:25,905.818,1484.591,905.818,5.016,33.6,34.683,1031.579
22/01/2024 14:25,904.921,1484.588,904.921,5.012,33.598,34.686,1031.578
22/01/2024 14:25,904.007,1484.538,904.007,5.01,33.598,34.688,1031.576
22/01/2024 14:25,903.118,1484.576,903.118,5.018,33.598,34.68,1031.564
22/01/2024 14:25,902.24,1484.549,902.24,5.014,33.602,34.69,1031.569
22/01/2024 14:25,901.391,1484.499,901.391,5.007,33.594,34.688,1031.565
22/01/2024 14:25,900.529,1484.477,900.529,5.011,33.594,34.685,1031.557
22/01/2024 14:25,899.639,1484.514,899.639,5.015,33.594,34.681,1031.55
22/01/2024 14:25,898.597,1484.488,898.597,5.024,33.602,34.68,1031.543
22/01/2024 14:25,897.531,1484.465,897.531,5.019,33.598,34.681,1031.54
22/01/2024 14:25,896.463,1484.477,896.463,5.024,33.6,34.679,1031.533
22/01/2024 14:25,895.479,1484.457,895.479,5.027,33.604,34.681,1031.53
22/01/2024 14:25,894.569,1484.421,894.569,5.026,33.6,34.678,1031.523
22/01/2024 14:25,893.841,1484.422,893.841,5.024,33.602,34.683,1031.524
22/01/2024 14:25,893.132,1484.422,893.132,5.025,33.606,34.687,1031.523
22/01/2024 14:26,892.372,1484.446,892.372,5.033,33.606,34.679,1031.513
22/01/2024 14:26,891.497,1484.393,891.497,5.031,33.602,34.677,1031.507
22/01/2024 14:26,890.526,1484.377,890.526,5.029,33.606,34.684,1031.509
22/01/2024 14:26,889.453,1484.356,889.453,5.027,33.602,34.682,1031.503
22/01/2024 14:26,888.378,1484.378,888.378,5.03,33.608,34.686,1031.501
22/01/2024 14:26,887.378,1484.356,887.378,5.034,33.606,34.68,1031.491
22/01/2024 14:26,886.422,1484.327,886.422,5.032,33.606,34.683,1031.489
22/01/2024 14:26,885.469,1484.34,885.469,5.031,33.608,34.687,1031.488
22/01/2024 14:26,884.639,1484.342,884.639,5.041,33.614,34.684,1031.48
22/01/2024 14:26,883.839,1484.333,883.839,5.045,33.614,34.68,1031.473
22/01/2024 14:26,883.044,1484.333,883.044,5.046,33.614,34.679,1031.469
22/01/2024 14:26,882.17,1484.308,882.17,5.048,33.612,34.676,1031.462
22/01/2024 14:26,881.278,1484.301,881.278,5.041,33.606,34.676,1031.459
22/01/2024 14:26,880.264,1484.252,880.264,5.042,33.61,34.68,1031.458
22/01/2024 14:26,879.232,1484.289,879.232,5.039,33.606,34.679,1031.453
22/01/2024 14:26,878.206,1484.28,878.206,5.048,33.61,34.675,1031.443
22/01/2024 14:26,877.261,1484.255,877.261,5.053,33.61,34.671,1031.435
22/01/2024 14:26,876.346,1484.243,876.346,5.051,33.614,34.678,1031.437
22/01/2024 14:26,875.555,1484.22,875.555,5.048,33.61,34.677,1031.432
22/01/2024 14:26,874.711,1484.202,874.711,5.043,33.61,34.682,1031.434
22/01/2024 14:26,873.827,1484.229,873.827,5.062,33.614,34.668,1031.416
22/01/2024 14:26,872.965,1484.192,872.965,5.056,33.614,34.674,1031.418
22/01/2024 14:26,872.044,1484.2,872.044,5.058,33.61,34.668,1031.408
22/01/2024 14:26,871.079,1484.156,871.079,5.05,33.61,34.677,1031.412
22/01/2024 14:26,870.135,1484.109,870.135,5.047,33.606,34.676,1031.407
22/01/2024 14:26,869.111,1484.096,869.111,5.053,33.604,34.668,1031.396
22/01/2024 14:26,868.129,1484.05,868.129,5.044,33.6,34.673,1031.396
22/01/2024 14:26,867.175,1484.068,867.175,5.041,33.6,34.676,1031.395
22/01/2024 14:26,866.311,1484.063,866.311,5.053,33.604,34.669,1031.384
22/01/2024 14:26,865.467,1484.131,865.467,5.057,33.612,34.675,1031.384
22/01/2024 14:26,864.651,1484.126,864.651,5.067,33.612,34.665,1031.371
22/01/2024 14:26,863.814,1484.094,863.814,5.068,33.62,34.673,1031.374
22/01/2024 14:26,862.901,1484.068,862.901,5.062,33.61,34.669,1031.367
22/01/2024 14:26,861.911,1484.021,861.911,5.06,33.61,34.671,1031.364
22/01/2024 14:26,860.848,1484.002,860.848,5.051,33.61,34.681,1031.368
22/01/2024 14:26,859.812,1483.983,859.812,5.065,33.61,34.667,1031.351
22/01/2024 14:26,858.874,1484.05,858.874,5.062,33.612,34.673,1031.352
22/01/2024 14:26,858.009,1484.028,858.009,5.075,33.616,34.665,1031.34
22/01/2024 14:26,857.25,1484.004,857.25,5.069,33.616,34.671,1031.342
22/01/2024 14:26,856.483,1484.016,856.483,5.071,33.616,34.669,1031.337
22/01/2024 14:26,855.718,1484.001,855.718,5.078,33.624,34.672,1031.334
22/01/2024 14:26,854.774,1484.016,854.774,5.084,33.626,34.668,1031.327
22/01/2024 14:26,853.677,1483.952,853.677,5.079,33.616,34.663,1031.318
22/01/2024 14:26,852.567,1483.913,852.567,5.078,33.614,34.662,1031.312
22/01/2024 14:26,851.514,1483.902,851.514,5.071,33.614,34.67,1031.315
22/01/2024 14:26,850.633,1483.937,850.633,5.065,33.622,34.685,1031.324
22/01/2024 14:26,849.822,1483.948,849.822,5.084,33.63,34.676,1031.31
22/01/2024 14:26,849.07,1483.919,849.07,5.081,33.626,34.674,1031.306
22/01/2024 14:26,848.227,1483.917,848.227,5.086,33.63,34.674,1031.301
22/01/2024 14:26,847.33,1483.921,847.33,5.091,33.63,34.67,1031.293
22/01/2024 14:26,846.249,1483.904,846.249,5.096,33.628,34.663,1031.282
22/01/2024 14:26,845.204,1483.954,845.204,5.109,33.634,34.656,1031.27
22/01/2024 14:26,844.191,1483.959,844.191,5.111,33.632,34.652,1031.262
22/01/2024 14:26,843.326,1483.904,843.326,5.106,33.634,34.66,1031.265
22/01/2024 14:26,842.484,1483.877,842.484,5.102,33.634,34.665,1031.266
22/01/2024 14:26,841.726,1483.875,841.726,5.105,33.64,34.669,1031.264
22/01/2024 14:26,840.945,1483.9,840.945,5.107,33.648,34.676,1031.267
22/01/2024 14:26,840.071,1483.918,840.071,5.113,33.654,34.677,1031.263
22/01/2024 14:26,839.105,1483.921,839.105,5.126,33.648,34.658,1031.241
22/01/2024 14:26,838.084,1483.841,838.084,5.114,33.638,34.659,1031.239
22/01/2024 14:27,836.984,1483.844,836.984,5.114,33.634,34.655,1031.231
22/01/2024 14:27,835.93,1483.863,835.93,5.118,33.646,34.665,1031.234
22/01/2024 14:27,834.962,1483.821,834.962,5.117,33.648,34.669,1031.232
22/01/2024 14:27,834.208,1483.828,834.208,5.12,33.652,34.671,1031.23
22/01/2024 14:27,833.464,1483.82,833.464,5.125,33.656,34.671,1031.226
22/01/2024 14:27,832.791,1483.821,832.791,5.123,33.654,34.671,1031.223
22/01/2024 14:27,831.983,1483.83,831.983,5.13,33.658,34.669,1031.217
22/01/2024 14:27,830.943,1483.793,830.943,5.13,33.652,34.662,1031.207
22/01/2024 14:27,829.783,1483.77,829.783,5.131,33.648,34.657,1031.198
22/01/2024 14:27,828.634,1483.757,828.634,5.121,33.646,34.666,1031.2
22/01/2024 14:27,827.598,1483.857,827.598,5.14,33.652,34.654,1031.184
22/01/2024 14:27,826.728,1483.822,826.728,5.155,33.676,34.666,1031.188
22/01/2024 14:27,825.998,1483.824,825.998,5.157,33.68,34.669,1031.186
22/01/2024 14:27,825.253,1483.822,825.253,5.144,33.676,34.678,1031.192
22/01/2024 14:27,824.422,1483.824,824.422,5.145,33.66,34.659,1031.173
22/01/2024 14:27,823.485,1483.864,823.485,5.145,33.67,34.671,1031.178
22/01/2024 14:27,822.44,1483.77,822.44,5.168,33.68,34.66,1031.161
22/01/2024 14:27,821.384,1483.766,821.384,5.168,33.682,34.663,1031.159
22/01/2024 14:27,820.409,1483.799,820.409,5.165,33.682,34.666,1031.157
22/01/2024 14:27,819.558,1483.769,819.558,5.17,33.69,34.671,1031.156
22/01/2024 14:27,818.839,1483.76,818.839,5.167,33.69,34.674,1031.156
22/01/2024 14:27,818.048,1483.783,818.048,5.172,33.69,34.669,1031.148
22/01/2024 14:27,817.18,1483.78,817.18,5.178,33.694,34.668,1031.143
22/01/2024 14:27,816.184,1483.797,816.184,5.18,33.694,34.667,1031.137
22/01/2024 14:27,815.146,1483.814,815.146,5.194,33.698,34.658,1031.123
22/01/2024 14:27,814.076,1483.722,814.076,5.185,33.698,34.667,1031.127
22/01/2024 14:27,813.073,1483.721,813.073,5.182,33.698,34.671,1031.125
22/01/2024 14:27,812.077,1483.792,812.077,5.195,33.712,34.674,1031.122
22/01/2024 14:27,811.147,1483.794,811.147,5.208,33.72,34.67,1031.112
22/01/2024 14:27,810.345,1483.785,810.345,5.198,33.718,34.678,1031.116
22/01/2024 14:27,809.674,1483.765,809.674,5.207,33.718,34.669,1031.105
22/01/2024 14:27,808.961,1483.734,808.961,5.203,33.714,34.669,1031.102
22/01/2024 14:27,808.111,1483.731,808.111,5.2,33.712,34.67,1031.1
22/01/2024 14:27,807.065,1483.679,807.065,5.195,33.706,34.669,1031.095
22/01/2024 14:27,806.018,1483.707,806.018,5.197,33.704,34.665,1031.087
22/01/2024 14:27,804.942,1483.678,804.942,5.199,33.706,34.666,1031.082
22/01/2024 14:27,803.945,1483.68,803.945,5.202,33.712,34.67,1031.08
22/01/2024 14:27,803.022,1483.67,803.022,5.198,33.714,34.677,1031.082
22/01/2024 14:27,802.206,1483.643,802.206,5.206,33.714,34.669,1031.071
22/01/2024 14:27,801.33,1483.638,801.33,5.204,33.714,34.672,1031.069
22/01/2024 14:27,800.42,1483.632,800.42,5.206,33.714,34.67,1031.064
22/01/2024 14:27,799.488,1483.68,799.488,5.215,33.722,34.67,1031.059
22/01/2024 14:27,798.516,1483.676,798.516,5.212,33.72,34.672,1031.056
22/01/2024 14:27,797.51,1483.613,797.51,5.217,33.714,34.66,1031.041
22/01/2024 14:27,796.607,1483.599,796.607,5.209,33.714,34.669,1031.045
22/01/2024 14:27,795.689,1483.633,795.689,5.211,33.718,34.672,1031.043
22/01/2024 14:27,794.849,1483.636,794.849,5.224,33.726,34.668,1031.035
22/01/2024 14:27,794.055,1483.63,794.055,5.235,33.734,34.667,1031.028
22/01/2024 14:27,793.249,1483.757,793.249,5.248,33.756,34.679,1031.032
22/01/2024 14:27,792.395,1483.642,792.395,5.259,33.758,34.67,1031.02
22/01/2024 14:27,791.464,1483.609,791.464,5.256,33.746,34.66,1031.009
22/01/2024 14:27,790.447,1483.549,790.447,5.238,33.734,34.665,1031.01
22/01/2024 14:27,789.398,1483.494,789.398,5.239,33.724,34.653,1030.996
22/01/2024 14:27,788.368,1483.539,788.368,5.226,33.722,34.665,1031.002
22/01/2024 14:27,787.407,1483.528,787.407,5.231,33.722,34.66,1030.993
22/01/2024 14:27,786.512,1483.55,786.512,5.238,33.724,34.656,1030.985
22/01/2024 14:27,785.622,1483.525,785.622,5.238,33.734,34.668,1030.99
22/01/2024 14:27,784.786,1483.547,784.786,5.24,33.75,34.684,1030.999
22/01/2024 14:27,783.947,1483.538,783.947,5.256,33.752,34.671,1030.983
22/01/2024 14:27,783.076,1483.496,783.076,5.25,33.744,34.668,1030.977
22/01/2024 14:28,782.117,1483.487,782.117,5.243,33.742,34.674,1030.978
22/01/2024 14:28,781.086,1483.457,781.086,5.246,33.734,34.662,1030.964
22/01/2024 14:28,780.109,1483.433,780.109,5.247,33.734,34.661,1030.959
22/01/2024 14:28,779.118,1483.404,779.118,5.241,33.728,34.661,1030.955
22/01/2024 14:28,778.244,1483.36,778.244,5.235,33.726,34.665,1030.955
22/01/2024 14:28,777.406,1483.427,777.406,5.24,33.736,34.672,1030.956
22/01/2024 14:28,776.592,1483.447,776.592,5.249,33.75,34.679,1030.957
22/01/2024 14:28,775.713,1483.457,775.713,5.259,33.754,34.674,1030.947
22/01/2024 14:28,774.816,1483.409,774.816,5.265,33.75,34.664,1030.934
22/01/2024 14:28,773.932,1483.383,773.932,5.264,33.746,34.661,1030.928
22/01/2024 14:28,773.002,1483.382,773.002,5.26,33.744,34.663,1030.926
22/01/2024 14:28,772.136,1483.374,772.136,5.255,33.738,34.662,1030.922
22/01/2024 14:28,771.217,1483.349,771.217,5.261,33.738,34.656,1030.912
22/01/2024 14:28,770.198,1483.294,770.198,5.261,33.734,34.652,1030.905
22/01/2024 14:28,769.131,1483.256,769.131,5.247,33.732,34.664,1030.911
22/01/2024 14:28,768.028,1483.308,768.028,5.249,33.744,34.677,1030.916
22/01/2024 14:28,767.04,1483.295,767.04,5.252,33.744,34.674,1030.909
22/01/2024 14:28,766.126,1483.256,766.126,5.246,33.734,34.669,1030.902
22/01/2024 14:28,765.397,1483.282,765.397,5.254,33.746,34.675,1030.902
22/01/2024 14:28,764.72,1483.278,764.72,5.261,33.75,34.673,1030.896
22/01/2024 14:28,764.006,1483.288,764.006,5.277,33.754,34.662,1030.882
22/01/2024 14:28,763.201,1483.294,763.201,5.264,33.756,34.678,1030.892
22/01/2024 14:28,762.15,1483.307,762.15,5.269,33.75,34.666,1030.878
22/01/2024 14:28,761.026,1483.26,761.026,5.271,33.748,34.662,1030.87
22/01/2024 14:28,759.904,1483.229,759.904,5.278,33.744,34.651,1030.855
22/01/2024 14:28,758.848,1483.191,758.848,5.278,33.744,34.652,1030.85
22/01/2024 14:28,757.884,1483.178,757.884,5.28,33.752,34.659,1030.852
22/01/2024 14:28,757.051,1483.298,757.051,5.297,33.776,34.669,1030.853
22/01/2024 14:28,756.353,1483.258,756.353,5.304,33.772,34.658,1030.84
22/01/2024 14:28,755.578,1483.268,755.578,5.296,33.772,34.666,1030.844
22/01/2024 14:28,754.753,1483.244,754.753,5.301,33.77,34.659,1030.834
22/01/2024 14:28,753.809,1483.228,753.809,5.296,33.768,34.662,1030.833
22/01/2024 14:28,752.813,1483.235,752.813,5.301,33.766,34.655,1030.823
22/01/2024 14:28,751.783,1483.211,751.783,5.306,33.764,34.649,1030.812
22/01/2024 14:28,750.752,1483.189,750.752,5.3,33.76,34.651,1030.81
22/01/2024 14:28,749.792,1483.157,749.792,5.303,33.762,34.65,1030.805
22/01/2024 14:28,748.904,1483.156,748.904,5.301,33.76,34.651,1030.801
22/01/2024 14:28,748.143,1483.156,748.143,5.308,33.774,34.66,1030.804
22/01/2024 14:28,747.336,1483.227,747.336,5.316,33.792,34.673,1030.809
22/01/2024 14:28,746.416,1483.172,746.416,5.32,33.784,34.66,1030.794
22/01/2024 14:28,745.439,1483.151,745.439,5.311,33.778,34.663,1030.793
22/01/2024 14:28,744.381,1483.115,744.381,5.314,33.772,34.653,1030.781
22/01/2024 14:28,743.393,1483.097,743.393,5.311,33.776,34.661,1030.783
22/01/2024 14:28,742.431,1483.084,742.431,5.305,33.772,34.663,1030.781
22/01/2024 14:28,741.639,1483.094,741.639,5.313,33.778,34.663,1030.776
22/01/2024 14:28,740.899,1483.096,740.899,5.313,33.784,34.67,1030.778
22/01/2024 14:28,740.122,1483.082,740.122,5.312,33.784,34.671,1030.776
22/01/2024 14:28,739.218,1483.1,739.218,5.321,33.782,34.66,1030.762
22/01/2024 14:28,738.246,1483.075,738.246,5.332,33.78,34.647,1030.746
22/01/2024 14:28,737.175,1483.061,737.175,5.322,33.782,34.66,1030.752
22/01/2024 14:28,736.103,1483.025,736.103,5.32,33.778,34.658,1030.746
22/01/2024 14:28,735.059,1482.982,735.059,5.316,33.778,34.663,1030.745
22/01/2024 14:28,734.052,1483.039,734.052,5.332,33.78,34.649,1030.728
22/01/2024 14:28,733.134,1483.028,733.134,5.33,33.79,34.663,1030.735
22/01/2024 14:28,732.337,1483.012,732.337,5.332,33.792,34.664,1030.732
22/01/2024 14:28,731.607,1482.973,731.607,5.334,33.784,34.653,1030.72
22/01/2024 14:28,730.859,1482.992,730.859,5.325,33.792,34.672,1030.732
22/01/2024 14:28,730.02,1482.972,730.02,5.339,33.792,34.658,1030.716
22/01/2024 14:28,729.2,1482.96,729.2,5.332,33.79,34.663,1030.717
22/01/2024 14:28,728.258,1482.93,728.258,5.329,33.784,34.66,1030.71
22/01/2024 14:29,727.253,1482.918,727.253,5.332,33.784,34.657,1030.703
22/01/2024 14:29,726.157,1482.884,726.157,5.328,33.782,34.66,1030.701
22/01/2024 14:29,725.084,1482.866,725.084,5.333,33.784,34.657,1030.693
22/01/2024 14:29,724.022,1482.942,724.022,5.329,33.796,34.676,1030.704
22/01/2024 14:29,723.041,1482.914,723.041,5.342,33.798,34.665,1030.689
22/01/2024 14:29,722.192,1482.901,722.192,5.352,33.8,34.658,1030.678
22/01/2024 14:29,721.425,1482.9,721.425,5.349,33.798,34.659,1030.676
22/01/2024 14:29,720.678,1482.872,720.678,5.344,33.794,34.66,1030.674
22/01/2024 14:29,719.927,1482.861,719.927,5.344,33.792,34.658,1030.669
22/01/2024 14:29,719.073,1482.856,719.073,5.344,33.792,34.658,1030.665
22/01/2024 14:29,718.116,1482.813,718.116,5.345,33.792,34.658,1030.66
22/01/2024 14:29,717.086,1482.793,717.086,5.342,33.788,34.657,1030.655
22/01/2024 14:29,716.01,1482.755,716.01,5.341,33.802,34.674,1030.664
22/01/2024 14:29,714.887,1482.806,714.887,5.347,33.796,34.662,1030.649
22/01/2024 14:29,713.899,1482.977,713.899,5.394,33.81,34.63,1030.612
22/01/2024 14:29,713.046,1482.921,713.046,5.393,33.822,34.645,1030.62
22/01/2024 14:29,712.272,1482.949,712.272,5.384,33.834,34.668,1030.636
22/01/2024 14:29,711.546,1482.951,711.546,5.395,33.84,34.664,1030.628
22/01/2024 14:29,710.771,1482.989,710.771,5.404,33.85,34.667,1030.626
22/01/2024 14:29,709.919,1482.93,709.919,5.403,33.834,34.65,1030.609
22/01/2024 14:29,708.941,1482.836,708.941,5.389,33.814,34.642,1030.6
22/01/2024 14:29,707.884,1482.775,707.884,5.382,33.81,34.645,1030.598
22/01/2024 14:29,706.777,1482.719,706.777,5.366,33.804,34.656,1030.604
22/01/2024 14:29,705.783,1482.696,705.783,5.367,33.798,34.648,1030.594
22/01/2024 14:29,704.877,1482.703,704.877,5.361,33.804,34.662,1030.601
22/01/2024 14:29,703.998,1482.861,703.998,5.38,33.842,34.685,1030.613
22/01/2024 14:29,703.148,1482.965,703.148,5.411,33.862,34.677,1030.598
22/01/2024 14:29,702.275,1482.963,702.275,5.425,33.866,34.668,1030.585
22/01/2024 14:29,701.348,1483.019,701.348,5.457,33.868,34.638,1030.553
22/01/2024 14:29,700.391,1483.005,700.391,5.457,33.886,34.659,1030.565
22/01/2024 14:29,699.512,1483,699.512,5.458,33.884,34.656,1030.559
22/01/2024 14:29,698.622,1482.975,698.622,5.462,33.876,34.643,1030.544
22/01/2024 14:29,697.79,1482.927,697.79,5.458,33.872,34.643,1030.541
22/01/2024 14:29,696.911,1482.901,696.911,5.457,33.87,34.642,1030.536
22/01/2024 14:29,695.966,1482.88,695.966,5.451,33.872,34.651,1030.54
22/01/2024 14:29,695.014,1482.929,695.014,5.462,33.872,34.641,1030.526
22/01/2024 14:29,694.043,1482.999,694.043,5.468,33.872,34.634,1030.515
22/01/2024 14:29,693.081,1482.97,693.081,5.477,33.876,34.63,1030.506
22/01/2024 14:29,692.129,1482.861,692.129,5.478,33.866,34.618,1030.492
22/01/2024 14:29,691.156,1482.791,691.156,5.46,33.862,34.633,1030.503
22/01/2024 14:29,690.264,1482.843,690.264,5.451,33.862,34.643,1030.507
22/01/2024 14:29,689.357,1482.851,689.357,5.462,33.882,34.655,1030.511
22/01/2024 14:29,688.492,1482.835,688.492,5.463,33.884,34.656,1030.508
22/01/2024 14:29,687.629,1482.806,687.629,5.465,33.87,34.639,1030.49
22/01/2024 14:29,686.682,1482.76,686.682,5.453,33.864,34.645,1030.492
22/01/2024 14:29,685.76,1482.754,685.76,5.447,33.864,34.651,1030.494
22/01/2024 14:29,684.814,1482.795,684.814,5.452,33.866,34.649,1030.487
22/01/2024 14:29,683.917,1482.758,683.917,5.465,33.886,34.658,1030.488
22/01/2024 14:29,683.018,1482.704,683.018,5.456,33.886,34.669,1030.494
22/01/2024 14:29,682.098,1482.679,682.098,5.461,33.882,34.659,1030.482
22/01/2024 14:29,681.232,1482.65,681.232,5.462,33.876,34.652,1030.472
22/01/2024 14:29,680.371,1482.792,680.371,5.469,33.88,34.649,1030.464
22/01/2024 14:29,679.447,1482.772,679.447,5.477,33.88,34.641,1030.453
22/01/2024 14:29,678.497,1482.731,678.497,5.471,33.87,34.636,1030.446
22/01/2024 14:29,677.482,1482.624,677.482,5.461,33.888,34.669,1030.468
22/01/2024 14:29,676.443,1482.71,676.443,5.476,33.894,34.66,1030.454
22/01/2024 14:29,675.467,1482.672,675.467,5.482,33.888,34.647,1030.439
22/01/2024 14:29,674.535,1482.685,674.535,5.476,33.892,34.658,1030.444
22/01/2024 14:29,673.636,1482.651,673.636,5.485,33.898,34.656,1030.438
22/01/2024 14:29,672.801,1482.6,672.801,5.476,33.894,34.661,1030.439
22/01/2024 14:30,672.096,1482.616,672.096,5.479,33.894,34.659,1030.433
22/01/2024 14:30,671.372,1482.801,671.372,5.485,33.924,34.687,1030.451
22/01/2024 14:30,670.513,1482.915,670.513,5.542,33.952,34.662,1030.42
22/01/2024 14:30,669.671,1482.891,669.671,5.56,33.96,34.652,1030.405
22/01/2024 14:30,668.735,1482.851,668.735,5.555,33.958,34.656,1030.405
22/01/2024 14:30,667.701,1482.817,667.701,5.542,33.952,34.663,1030.408
22/01/2024 14:30,666.685,1482.77,666.685,5.551,33.938,34.639,1030.383
22/01/2024 14:30,665.614,1482.781,665.614,5.541,33.948,34.661,1030.397
22/01/2024 14:30,664.614,1482.763,664.614,5.571,33.952,34.634,1030.367
22/01/2024 14:30,663.68,1482.732,663.68,5.548,33.98,34.691,1030.411
22/01/2024 14:30,662.803,1482.715,662.803,5.536,33.958,34.678,1030.398
22/01/2024 14:30,661.937,1482.753,661.937,5.541,33.95,34.665,1030.383
22/01/2024 14:30,661.11,1482.825,661.11,5.555,33.954,34.655,1030.37
22/01/2024 14:30,660.258,1482.846,660.258,5.566,33.968,34.66,1030.368
22/01/2024 14:30,659.364,1482.811,659.364,5.575,33.98,34.664,1030.366
22/01/2024 14:30,658.43,1482.916,658.43,5.588,33.982,34.654,1030.352
22/01/2024 14:30,657.541,1482.879,657.541,5.597,33.984,34.648,1030.342
22/01/2024 14:30,656.649,1482.833,656.649,5.589,33.986,34.658,1030.347
22/01/2024 14:30,655.681,1482.739,655.681,5.59,33.972,34.642,1030.33
22/01/2024 14:30,654.721,1482.679,654.721,5.574,33.968,34.654,1030.337
22/01/2024 14:30,653.751,1482.719,653.751,5.57,33.968,34.659,1030.337
22/01/2024 14:30,652.769,1482.811,652.769,5.57,33.984,34.677,1030.347
22/01/2024 14:30,651.832,1482.971,651.832,5.633,34.03,34.666,1030.326
22/01/2024 14:30,650.868,1482.966,650.868,5.652,34.044,34.662,1030.315
22/01/2024 14:30,649.939,1482.859,649.939,5.643,34.034,34.662,1030.312
22/01/2024 14:30,648.995,1482.863,648.995,5.634,34.03,34.667,1030.313
22/01/2024 14:30,648.079,1482.9,648.079,5.638,34.026,34.658,1030.302
22/01/2024 14:30,647.225,1482.874,647.225,5.642,34.032,34.662,1030.3
22/01/2024 14:30,646.455,1482.799,646.455,5.632,34.018,34.656,1030.293
22/01/2024 14:30,645.635,1482.784,645.635,5.613,34,34.656,1030.292
22/01/2024 14:30,644.799,1482.697,644.799,5.611,33.998,34.656,1030.288
22/01/2024 14:30,643.834,1482.694,643.834,5.608,33.996,34.657,1030.285
22/01/2024 14:30,642.82,1482.713,642.82,5.619,33.996,34.646,1030.271
22/01/2024 14:30,641.76,1482.688,641.76,5.612,33.998,34.656,1030.275
22/01/2024 14:30,640.724,1482.691,640.724,5.621,34.006,34.657,1030.269
22/01/2024 14:30,639.782,1482.7,639.782,5.623,34.008,34.657,1030.265
22/01/2024 14:30,638.872,1482.774,638.872,5.645,34.026,34.655,1030.256
22/01/2024 14:30,638.09,1482.893,638.09,5.652,34.06,34.687,1030.276
22/01/2024 14:30,637.289,1482.832,637.289,5.676,34.062,34.665,1030.252
22/01/2024 14:30,636.466,1482.917,636.466,5.683,34.06,34.656,1030.241
22/01/2024 14:30,635.533,1482.809,635.533,5.696,34.052,34.634,1030.218
22/01/2024 14:30,634.524,1482.698,634.524,5.646,34.034,34.665,1030.244
22/01/2024 14:30,633.49,1482.802,633.49,5.662,34.032,34.647,1030.223
22/01/2024 14:30,632.495,1482.886,632.495,5.691,34.042,34.63,1030.201
22/01/2024 14:30,631.557,1482.877,631.557,5.709,34.054,34.626,1030.191
22/01/2024 14:30,630.708,1483.129,630.708,5.72,34.11,34.678,1030.227
22/01/2024 14:30,629.912,1483.021,629.912,5.749,34.13,34.671,1030.213
22/01/2024 14:30,629.149,1483.01,629.149,5.738,34.112,34.662,1030.204
22/01/2024 14:30,628.299,1482.899,628.299,5.73,34.094,34.651,1030.193
22/01/2024 14:30,627.371,1482.879,627.371,5.713,34.062,34.633,1030.177
22/01/2024 14:30,626.327,1482.752,626.327,5.707,34.066,34.644,1030.181
22/01/2024 14:30,625.229,1482.91,625.229,5.702,34.062,34.645,1030.178
22/01/2024 14:30,624.13,1482.841,624.13,5.7,34.076,34.663,1030.188
22/01/2024 14:30,623.149,1483.053,623.149,5.733,34.1,34.658,1030.174
22/01/2024 14:30,622.255,1483.05,622.255,5.778,34.156,34.675,1030.177
22/01/2024 14:30,621.485,1482.962,621.485,5.767,34.138,34.666,1030.168
22/01/2024 14:30,620.773,1482.966,620.773,5.765,34.148,34.68,1030.176
22/01/2024 14:30,620.002,1482.963,620.002,5.766,34.15,34.681,1030.174
22/01/2024 14:30,619.169,1482.971,619.169,5.762,34.144,34.679,1030.169
22/01/2024 14:30,618.214,1482.93,618.214,5.759,34.134,34.671,1030.159
22/01/2024 14:31,617.141,1483.085,617.141,5.763,34.13,34.663,1030.147
22/01/2024 14:31,616.117,1483.041,616.117,5.808,34.134,34.623,1030.104
22/01/2024 14:31,615.133,1483.011,615.133,5.816,34.134,34.615,1030.093
22/01/2024 14:31,614.2,1483.002,614.2,5.808,34.166,34.66,1030.125
22/01/2024 14:31,613.409,1483.028,613.409,5.813,34.186,34.678,1030.134
22/01/2024 14:31,612.741,1483.164,612.741,5.85,34.214,34.671,1030.121
22/01/2024 14:31,611.997,1483.148,611.997,5.851,34.214,34.671,1030.117
22/01/2024 14:31,611.239,1482.936,611.239,5.81,34.186,34.682,1030.128
22/01/2024 14:31,610.566,1483.097,610.566,5.81,34.184,34.68,1030.124
22/01/2024 14:31,609.982,1483.088,609.982,5.81,34.186,34.682,1030.123
22/01/2024 14:31,609.542,1483.181,609.542,5.823,34.198,34.683,1030.12
22/01/2024 14:31,609.059,1483.108,609.059,5.846,34.214,34.677,1030.11
22/01/2024 14:31,608.632,1483.164,608.632,5.843,34.202,34.667,1030.1
22/01/2024 14:31,608.133,1483.181,608.133,5.848,34.222,34.685,1030.111
22/01/2024 14:31,607.659,1483.208,607.659,5.872,34.234,34.674,1030.097
22/01/2024 14:31,607.093,1483.236,607.093,5.885,34.244,34.672,1030.092
22/01/2024 14:31,606.551,1483.217,606.551,5.886,34.244,34.672,1030.088
22/01/2024 14:31,606.028,1483.195,606.028,5.892,34.23,34.65,1030.068
22/01/2024 14:31,605.533,1483.183,605.533,5.886,34.226,34.652,1030.068
22/01/2024 14:31,605.045,1483.135,605.045,5.879,34.23,34.664,1030.076
22/01/2024 14:31,604.579,1483.131,604.579,5.874,34.228,34.667,1030.077
22/01/2024 14:31,604.083,1483.203,604.083,5.884,34.258,34.691,1030.092
22/01/2024 14:31,603.594,1483.158,603.594,5.89,34.256,34.683,1030.083
22/01/2024 14:31,603.034,1483.149,603.034,5.882,34.25,34.684,1030.083
22/01/2024 14:31,602.461,1483.093,602.461,5.893,34.242,34.664,1030.063
22/01/2024 14:31,601.878,1483.034,601.878,5.885,34.23,34.659,1030.057
22/01/2024 14:31,601.247,1483.178,601.247,5.884,34.222,34.652,1030.049
22/01/2024 14:31,600.667,1483.168,600.667,5.884,34.244,34.677,1030.066
22/01/2024 14:31,600.057,1483.247,600.057,5.899,34.254,34.673,1030.058
22/01/2024 14:31,599.565,1483.251,599.565,5.908,34.256,34.667,1030.049
22/01/2024 14:31,599.102,1483.344,599.102,5.933,34.284,34.672,1030.048
22/01/2024 14:31,598.696,1483.322,598.696,5.941,34.3,34.682,1030.053
22/01/2024 14:31,598.235,1483.281,598.235,5.945,34.292,34.669,1030.04
22/01/2024 14:31,597.648,1483.21,597.648,5.923,34.282,34.681,1030.05
22/01/2024 14:31,597.028,1483.14,597.028,5.904,34.27,34.688,1030.055
22/01/2024 14:31,596.352,1483.106,596.352,5.896,34.264,34.689,1030.054
22/01/2024 14:31,595.718,1483.191,595.718,5.907,34.258,34.672,1030.036
22/01/2024 14:31,595.12,1483.243,595.12,5.915,34.272,34.68,1030.039
22/01/2024 14:31,594.556,1483.232,594.556,5.94,34.286,34.669,1030.024
22/01/2024 14:31,594.027,1483.145,594.027,5.937,34.268,34.653,1030.009
22/01/2024 14:31,593.506,1483.1,593.506,5.926,34.252,34.646,1030.003
22/01/2024 14:31,593.018,1483.168,593.018,5.943,34.242,34.618,1029.976
22/01/2024 14:31,592.482,1483.025,592.482,5.931,34.226,34.612,1029.971
22/01/2024 14:31,592.017,1483.002,592.017,5.925,34.226,34.618,1029.975
22/01/2024 14:31,591.489,1483.061,591.489,5.926,34.226,34.618,1029.972
22/01/2024 14:31,590.915,1483.097,590.915,5.927,34.25,34.644,1029.989
22/01/2024 14:31,590.333,1483.395,590.333,5.942,34.248,34.627,1029.971
22/01/2024 14:31,589.667,1483.407,589.667,5.959,34.29,34.657,1029.99
22/01/2024 14:31,588.96,1483.307,588.96,5.946,34.274,34.653,1029.985
22/01/2024 14:31,588.289,1483.298,588.289,5.95,34.272,34.647,1029.977
22/01/2024 14:31,587.679,1483.372,587.679,5.98,34.314,34.664,1029.983
22/01/2024 14:31,587.206,1483.434,587.206,6.003,34.344,34.675,1029.986
22/01/2024 14:31,586.77,1483.436,586.77,6.01,34.348,34.671,1029.981
22/01/2024 14:31,586.461,1483.269,586.461,6.019,34.346,34.66,1029.969
22/01/2024 14:31,586.144,1483.285,586.144,5.97,34.308,34.668,1029.981
22/01/2024 14:31,585.758,1483.216,585.758,5.952,34.302,34.68,1029.991
22/01/2024 14:31,585.298,1483.315,585.298,5.949,34.298,34.678,1029.988
22/01/2024 14:31,584.731,1483.339,584.731,5.959,34.288,34.657,1029.968
22/01/2024 14:31,584.042,1483.205,584.042,5.973,34.304,34.662,1029.966
22/01/2024 14:31,583.363,1483.36,583.363,5.975,34.292,34.647,1029.95
22/01/2024 14:32,582.76,1483.229,582.76,5.997,34.318,34.654,1029.95
22/01/2024 14:32,582.246,1483.391,582.246,5.995,34.336,34.676,1029.966
22/01/2024 14:32,581.867,1483.363,581.867,6.026,34.356,34.667,1029.952
22/01/2024 14:32,581.559,1483.369,581.559,6.029,34.378,34.689,1029.968
22/01/2024 14:32,581.226,1483.243,581.226,5.998,34.332,34.669,1029.955
22/01/2024 14:32,580.843,1483.179,580.843,5.98,34.322,34.676,1029.962
22/01/2024 14:32,580.436,1483.213,580.436,5.994,34.324,34.665,1029.949
22/01/2024 14:32,579.969,1483.301,579.969,6.011,34.324,34.647,1029.93
22/01/2024 14:32,579.442,1483.344,579.442,6.016,34.322,34.64,1029.922
22/01/2024 14:32,578.83,1483.309,578.83,6.032,34.328,34.631,1029.909
22/01/2024 14:32,578.219,1483.168,578.219,6.02,34.324,34.639,1029.914
22/01/2024 14:32,577.627,1483.272,577.627,6.013,34.334,34.657,1029.927
22/01/2024 14:32,577.245,1483.413,577.245,6.031,34.342,34.648,1029.916
22/01/2024 14:32,576.942,1483.633,576.942,6.045,34.412,34.713,1029.964
22/01/2024 14:32,576.735,1483.675,576.735,6.104,34.442,34.686,1029.933
22/01/2024 14:32,576.372,1483.644,576.372,6.109,34.442,34.681,1029.927
22/01/2024 14:32,575.898,1483.615,575.898,6.112,34.416,34.65,1029.899
22/01/2024 14:32,575.285,1483.578,575.285,6.099,34.412,34.659,1029.906
22/01/2024 14:32,574.61,1483.508,574.61,6.087,34.402,34.661,1029.906
22/01/2024 14:32,574.067,1483.377,574.067,6.07,34.378,34.651,1029.898
22/01/2024 14:32,573.615,1483.346,573.615,6.052,34.38,34.672,1029.915
22/01/2024 14:32,573.344,1483.423,573.344,6.068,34.396,34.674,1029.913
22/01/2024 14:32,573.047,1483.395,573.047,6.066,34.41,34.691,1029.926
22/01/2024 14:32,572.741,1483.508,572.741,6.069,34.414,34.693,1029.925
22/01/2024 14:32,572.293,1483.521,572.293,6.098,34.414,34.664,1029.897
22/01/2024 14:32,571.764,1483.502,571.764,6.109,34.414,34.652,1029.883
22/01/2024 14:32,571.251,1483.528,571.251,6.117,34.396,34.624,1029.858
22/01/2024 14:32,570.728,1483.484,570.728,6.1,34.404,34.652,1029.879
22/01/2024 14:32,570.29,1483.437,570.29,6.105,34.396,34.637,1029.865
22/01/2024 14:32,569.815,1483.359,569.815,6.09,34.39,34.646,1029.873
22/01/2024 14:32,569.41,1483.381,569.41,6.082,34.41,34.677,1029.896
22/01/2024 14:32,568.979,1483.429,568.979,6.089,34.412,34.673,1029.889
22/01/2024 14:32,568.473,1483.468,568.473,6.095,34.412,34.667,1029.882
22/01/2024 14:32,567.934,1483.482,567.934,6.114,34.404,34.638,1029.854
22/01/2024 14:32,567.385,1483.559,567.385,6.111,34.42,34.659,1029.868
22/01/2024 14:32,566.869,1483.557,566.869,6.131,34.43,34.651,1029.856
22/01/2024 14:32,566.404,1483.518,566.404,6.132,34.438,34.659,1029.861
22/01/2024 14:32,565.974,1483.475,565.974,6.127,34.452,34.68,1029.876
22/01/2024 14:32,565.469,1483.497,565.469,6.127,34.454,34.682,1029.875
22/01/2024 14:32,565.089,1483.513,565.089,6.122,34.458,34.692,1029.882
22/01/2024 14:32,564.699,1483.534,564.699,6.137,34.468,34.688,1029.875
22/01/2024 14:32,564.274,1483.517,564.274,6.139,34.46,34.677,1029.865
22/01/2024 14:32,563.838,1483.433,563.838,6.115,34.45,34.691,1029.876
22/01/2024 14:32,563.345,1483.381,563.345,6.108,34.432,34.678,1029.865
22/01/2024 14:32,562.858,1483.367,562.858,6.103,34.43,34.681,1029.866
22/01/2024 14:32,562.254,1483.343,562.254,6.091,34.424,34.687,1029.87
22/01/2024 14:32,561.68,1483.347,561.68,6.09,34.428,34.693,1029.872
22/01/2024 14:32,561.093,1483.461,561.093,6.104,34.43,34.681,1029.858
22/01/2024 14:32,560.605,1483.429,560.605,6.133,34.442,34.665,1029.839
22/01/2024 14:32,560.236,1483.495,560.236,6.116,34.442,34.682,1029.853
22/01/2024 14:32,559.876,1483.531,559.876,6.132,34.47,34.698,1029.862
22/01/2024 14:32,559.553,1483.517,559.553,6.168,34.486,34.68,1029.841
22/01/2024 14:32,559.164,1483.509,559.164,6.157,34.482,34.686,1029.846
22/01/2024 14:32,558.709,1483.552,558.709,6.154,34.484,34.692,1029.849
22/01/2024 14:32,558.183,1483.515,558.183,6.158,34.472,34.675,1029.832
22/01/2024 14:32,557.619,1483.486,557.619,6.152,34.464,34.672,1029.828
22/01/2024 14:32,557.079,1483.51,557.079,6.148,34.46,34.672,1029.826
22/01/2024 14:32,556.527,1483.453,556.527,6.148,34.5,34.717,1029.859
22/01/2024 14:32,556.01,1483.61,556.01,6.145,34.494,34.713,1029.855
22/01/2024 14:32,555.458,1483.635,555.458,6.184,34.5,34.681,1029.821
22/01/2024 14:33,554.899,1483.719,554.899,6.199,34.52,34.688,1029.822
22/01/2024 14:33,554.357,1483.704,554.357,6.213,34.53,34.685,1029.815
22/01/2024 14:33,553.859,1483.667,553.859,6.215,34.536,34.69,1029.816
22/01/2024 14:33,553.452,1483.65,553.452,6.204,34.53,34.695,1029.82
22/01/2024 14:33,553.148,1483.663,553.148,6.193,34.512,34.687,1029.814
22/01/2024 14:33,552.836,1483.71,552.836,6.213,34.54,34.697,1029.818
22/01/2024 14:33,552.493,1483.779,552.493,6.23,34.548,34.689,1029.807
22/01/2024 14:33,551.952,1483.756,551.952,6.226,34.514,34.655,1029.779
22/01/2024 14:33,551.296,1483.759,551.296,6.204,34.504,34.667,1029.788
22/01/2024 14:33,550.646,1483.662,550.646,6.207,34.522,34.684,1029.798
22/01/2024 14:33,550.024,1483.639,550.024,6.211,34.552,34.714,1029.818
22/01/2024 14:33,549.479,1483.66,549.479,6.211,34.542,34.703,1029.807
22/01/2024 14:33,549.027,1483.741,549.027,6.23,34.546,34.689,1029.791
22/01/2024 14:33,548.588,1483.814,548.588,6.25,34.552,34.675,1029.776
22/01/2024 14:33,548.158,1483.667,548.158,6.225,34.532,34.678,1029.78
22/01/2024 14:33,547.671,1483.633,547.671,6.289,34.516,34.596,1029.703
22/01/2024 14:33,547.102,1483.733,547.102,6.292,34.508,34.584,1029.691
22/01/2024 14:33,546.524,1483.838,546.524,6.327,34.514,34.556,1029.662
22/01/2024 14:33,545.831,1483.742,545.831,6.293,34.526,34.604,1029.701
22/01/2024 14:33,545.046,1483.884,545.046,6.245,34.588,34.722,1029.797
22/01/2024 14:33,544.269,1484.078,544.269,6.271,34.586,34.694,1029.768
22/01/2024 14:33,543.414,1484.041,543.414,6.307,34.61,34.685,1029.751
22/01/2024 14:33,542.581,1484.096,542.581,6.349,34.624,34.658,1029.721
22/01/2024 14:33,541.684,1484.095,541.684,6.365,34.662,34.685,1029.736
22/01/2024 14:33,540.732,1484.081,540.732,6.364,34.658,34.682,1029.729
22/01/2024 14:33,539.774,1484.112,539.774,6.372,34.662,34.679,1029.721
22/01/2024 14:33,538.844,1484.357,538.844,6.399,34.696,34.689,1029.721
22/01/2024 14:33,537.934,1484.285,537.934,6.428,34.71,34.676,1029.703
22/01/2024 14:33,537.107,1484.499,537.107,6.46,34.75,34.689,1029.704
22/01/2024 14:33,536.323,1484.449,536.323,6.481,34.766,34.685,1029.695
22/01/2024 14:33,535.572,1484.314,535.572,6.457,34.75,34.693,1029.701
22/01/2024 14:33,534.853,1484.461,534.853,6.452,34.764,34.714,1029.715
22/01/2024 14:33,534.12,1484.362,534.12,6.468,34.764,34.698,1029.697
22/01/2024 14:33,533.302,1484.27,533.302,6.456,34.726,34.668,1029.671
22/01/2024 14:33,532.389,1484.169,532.389,6.407,34.724,34.716,1029.711
22/01/2024 14:33,531.402,1484.264,531.402,6.414,34.718,34.702,1029.695
22/01/2024 14:33,530.46,1484.217,530.46,6.421,34.692,34.667,1029.662
22/01/2024 14:33,529.619,1484.281,529.619,6.414,34.69,34.672,1029.664
22/01/2024 14:33,528.771,1484.383,528.771,6.446,34.714,34.667,1029.651
22/01/2024 14:33,527.969,1484.463,527.969,6.481,34.738,34.658,1029.635
22/01/2024 14:33,527.163,1484.291,527.163,6.474,34.716,34.641,1029.619
22/01/2024 14:33,526.424,1484.09,526.424,6.445,34.72,34.676,1029.648
22/01/2024 14:33,525.612,1484.5,525.612,6.471,34.742,34.675,1029.639
22/01/2024 14:33,524.85,1484.413,524.85,6.518,34.782,34.672,1029.626
22/01/2024 14:33,524.009,1484.537,524.009,6.524,34.804,34.69,1029.637
22/01/2024 14:33,523.171,1484.479,523.171,6.536,34.78,34.652,1029.601
22/01/2024 14:33,522.269,1484.093,522.269,6.512,34.748,34.641,1029.592
22/01/2024 14:33,521.366,1484.328,521.366,6.491,34.76,34.676,1029.618
22/01/2024 14:33,520.488,1484.446,520.488,6.509,34.774,34.674,1029.61
22/01/2024 14:33,519.718,1484.517,519.718,6.537,34.808,34.684,1029.61
22/01/2024 14:33,518.987,1484.512,518.987,6.547,34.828,34.697,1029.615
22/01/2024 14:33,518.241,1484.471,518.241,6.548,34.828,34.696,1029.611
22/01/2024 14:33,517.37,1484.352,517.37,6.541,34.788,34.659,1029.579
22/01/2024 14:33,516.472,1484.337,516.472,6.51,34.79,34.693,1029.606
22/01/2024 14:33,515.493,1484.503,515.493,6.526,34.794,34.682,1029.59
22/01/2024 14:33,514.573,1484.559,514.573,6.593,34.818,34.641,1029.544
22/01/2024 14:33,513.747,1484.552,513.747,6.596,34.842,34.665,1029.559
22/01/2024 14:33,513.006,1484.596,513.006,6.539,34.828,34.707,1029.598
22/01/2024 14:33,512.265,1484.496,512.265,6.567,34.862,34.717,1029.597
22/01/2024 14:33,511.522,1484.461,511.522,6.564,34.846,34.702,1029.583
22/01/2024 14:34,510.681,1484.454,510.681,6.578,34.844,34.686,1029.565
22/01/2024 14:34,509.759,1484.482,509.759,6.567,34.848,34.702,1029.575
22/01/2024 14:34,508.824,1484.705,508.824,6.623,34.892,34.695,1029.557
22/01/2024 14:34,507.907,1484.731,507.907,6.649,34.91,34.69,1029.545
22/01/2024 14:34,506.97,1484.621,506.97,6.645,34.932,34.719,1029.564
22/01/2024 14:34,505.974,1484.647,505.974,6.641,34.934,34.725,1029.565
22/01/2024 14:34,505.043,1484.594,505.043,6.643,34.928,34.717,1029.554
22/01/2024 14:34,503.995,1484.589,503.995,6.644,34.93,34.719,1029.55
22/01/2024 14:34,502.956,1484.585,502.956,6.64,34.91,34.701,1029.532
22/01/2024 14:34,501.92,1484.586,501.92,6.639,34.902,34.694,1029.522
22/01/2024 14:34,500.953,1484.721,500.953,6.656,34.926,34.704,1029.523
22/01/2024 14:34,500.098,1484.7,500.098,6.675,34.964,34.726,1029.534
22/01/2024 14:34,499.301,1484.675,499.301,6.67,34.964,34.732,1029.535
22/01/2024 14:34,498.54,1484.641,498.54,6.674,34.972,34.737,1029.535
22/01/2024 14:34,497.661,1484.608,497.661,6.673,34.962,34.727,1029.524
22/01/2024 14:34,496.734,1484.585,496.734,6.649,34.944,34.733,1029.528
22/01/2024 14:34,495.701,1484.621,495.701,6.666,34.928,34.698,1029.493
22/01/2024 14:34,494.587,1484.647,494.587,6.656,34.92,34.7,1029.491
22/01/2024 14:34,493.523,1484.665,493.523,6.672,34.926,34.691,1029.476
22/01/2024 14:34,492.498,1484.76,492.498,6.707,34.986,34.722,1029.492
22/01/2024 14:34,491.524,1484.765,491.524,6.731,35.004,34.719,1029.481
22/01/2024 14:34,490.647,1484.819,490.647,6.755,35.032,34.725,1029.478
22/01/2024 14:34,489.818,1484.795,489.818,6.75,35.028,34.727,1029.477
22/01/2024 14:34,489.004,1484.714,489.004,6.729,35.012,34.731,1029.479
22/01/2024 14:34,488.135,1484.818,488.135,6.724,35.01,34.734,1029.479
22/01/2024 14:34,487.211,1484.802,487.211,6.762,35.008,34.693,1029.437
22/01/2024 14:34,486.169,1484.676,486.169,6.737,34.994,34.704,1029.444
22/01/2024 14:34,485.116,1484.616,485.116,6.733,34.988,34.702,1029.439
22/01/2024 14:34,484.063,1484.739,484.063,6.73,34.992,34.71,1029.44
22/01/2024 14:34,483.08,1484.865,483.08,6.777,35.064,34.742,1029.454
22/01/2024 14:34,482.13,1484.86,482.13,6.798,35.066,34.724,1029.432
22/01/2024 14:34,481.244,1484.812,481.244,6.791,35.068,34.734,1029.437
22/01/2024 14:34,480.369,1484.822,480.369,6.793,35.066,34.73,1029.43
22/01/2024 14:34,479.501,1485.194,479.501,6.824,35.064,34.697,1029.396
22/01/2024 14:34,478.543,1485.082,478.543,6.853,35.056,34.659,1029.357
22/01/2024 14:34,477.564,1485.019,477.564,6.844,35.046,34.657,1029.353
22/01/2024 14:34,476.606,1485.029,476.606,6.831,35.03,34.654,1029.348
22/01/2024 14:34,475.67,1485.093,475.67,6.812,35.042,34.687,1029.372
22/01/2024 14:34,474.676,1485.396,474.676,6.899,35.076,34.637,1029.315
22/01/2024 14:34,473.74,1485.333,473.74,6.906,35.148,34.71,1029.367
22/01/2024 14:34,472.784,1486.012,472.784,7.032,35.36,34.817,1029.428
22/01/2024 14:34,471.835,1485.647,471.835,7.078,35.302,34.707,1029.33
22/01/2024 14:34,470.94,1485.783,470.94,7.062,35.32,34.743,1029.357
22/01/2024 14:34,470.075,1485.628,470.075,7.042,35.31,34.752,1029.363
22/01/2024 14:34,469.158,1485.492,469.158,7.037,35.29,34.736,1029.347
22/01/2024 14:34,468.191,1485.189,468.191,6.97,35.246,34.755,1029.368
22/01/2024 14:34,467.166,1485.277,467.166,6.967,35.216,34.726,1029.341
22/01/2024 14:34,466.135,1485.368,466.135,6.957,35.28,34.807,1029.401
22/01/2024 14:34,465.091,1485.401,465.091,6.962,35.198,34.712,1029.321
22/01/2024 14:34,464.159,1485.876,464.159,7.029,35.28,34.736,1029.326
22/01/2024 14:34,463.186,1485.761,463.186,7.09,35.33,34.73,1029.307
22/01/2024 14:34,462.325,1486.096,462.325,7.133,35.304,34.658,1029.241
22/01/2024 14:34,461.517,1485.477,461.517,7.01,35.62,35.129,1029.625
22/01/2024 14:34,460.631,1486.001,460.631,7.213,35.538,34.835,1029.36
22/01/2024 14:34,459.669,1487.497,459.669,7.264,35.558,34.806,1029.325
22/01/2024 14:34,458.66,1487.252,458.66,7.506,35.75,34.773,1029.258
22/01/2024 14:34,457.634,1487.165,457.634,7.489,35.734,34.773,1029.256
22/01/2024 14:34,456.658,1487.624,456.658,7.523,35.752,34.759,1029.235
22/01/2024 14:34,455.758,1486.91,455.758,7.4,35.776,34.909,1029.367
22/01/2024 14:34,454.857,1487.031,454.857,7.451,35.76,34.84,1029.302
22/01/2024 14:35,453.933,1487.268,453.933,7.405,35.786,34.916,1029.363
22/01/2024 14:35,452.914,1487.236,452.914,7.484,35.8,34.852,1029.297
22/01/2024 14:35,451.885,1487.767,451.885,7.541,35.822,34.819,1029.257
22/01/2024 14:35,450.913,1488.046,450.913,7.688,35.938,34.799,1029.214
22/01/2024 14:35,450.021,1487.453,450.021,7.637,35.818,34.72,1029.156
22/01/2024 14:35,449.121,1487.837,449.121,7.534,35.784,34.786,1029.22
22/01/2024 14:35,448.23,1488.037,448.23,7.668,35.978,34.863,1029.256
22/01/2024 14:35,447.371,1487.927,447.371,7.718,35.974,34.809,1029.201
22/01/2024 14:35,446.462,1487.841,446.462,7.69,35.966,34.829,1029.218
22/01/2024 14:35,445.543,1487.826,445.543,7.716,35.95,34.786,1029.175
22/01/2024 14:35,444.514,1488.455,444.514,7.703,35.938,34.786,1029.173
22/01/2024 14:35,443.463,1488.22,443.463,7.738,35.922,34.735,1029.123
22/01/2024 14:35,442.401,1488.587,442.401,7.806,35.928,34.674,1029.06
22/01/2024 14:35,441.368,1488.692,441.368,7.868,36.176,34.88,1029.207
22/01/2024 14:35,440.429,1488.646,440.429,7.912,36.05,34.701,1029.055
22/01/2024 14:35,439.54,1488.984,439.54,7.87,36.072,34.767,1029.11
22/01/2024 14:35,438.732,1489.145,438.732,7.988,36.23,34.819,1029.128
22/01/2024 14:35,437.885,1488.989,437.885,7.99,36.204,34.79,1029.101
22/01/2024 14:35,436.998,1489.256,436.998,7.985,36.272,34.869,1029.16
22/01/2024 14:35,436.085,1489.584,436.085,8.044,36.24,34.776,1029.074
22/01/2024 14:35,435.046,1489.764,435.046,8.055,36.204,34.728,1029.029
22/01/2024 14:35,433.983,1489.781,433.983,8.249,36.24,34.575,1028.874
22/01/2024 14:35,432.981,1490.006,432.981,8.27,36.43,34.757,1029.009
22/01/2024 14:35,431.997,1489.762,431.997,8.269,36.446,34.776,1029.019
22/01/2024 14:35,431.082,1489.819,431.082,8.239,36.456,34.816,1029.051
22/01/2024 14:35,430.146,1488.759,430.146,8.153,36.124,34.548,1028.851
22/01/2024 14:35,429.186,1490.278,429.186,8.05,36.298,34.836,1029.088
22/01/2024 14:35,428.202,1490.265,428.202,8.289,36.212,34.509,1028.789
22/01/2024 14:35,427.237,1490.887,427.237,8.366,36.438,34.674,1028.902
22/01/2024 14:35,426.408,1490.977,426.408,8.536,36.522,34.597,1028.81
22/01/2024 14:35,425.529,1490.775,425.529,8.553,36.682,34.75,1028.923
22/01/2024 14:35,424.706,1490.776,424.706,8.487,36.714,34.848,1029.006
22/01/2024 14:35,423.799,1491.505,423.799,8.527,36.824,34.926,1029.057
22/01/2024 14:35,422.826,1491.229,422.826,8.532,36.686,34.775,1028.934
22/01/2024 14:35,421.753,1490.851,421.753,8.487,36.546,34.672,1028.855
22/01/2024 14:35,420.614,1490.771,420.614,8.412,36.334,34.522,1028.745
22/01/2024 14:35,419.553,1490.265,419.553,8.209,36.424,34.817,1029.004
22/01/2024 14:35,418.55,1490.423,418.55,8.447,36.436,34.597,1028.789
22/01/2024 14:35,417.682,1490.786,417.682,8.551,36.614,34.683,1028.836
22/01/2024 14:35,416.871,1490.522,416.871,8.423,36.692,34.892,1029.016
22/01/2024 14:35,416.042,1491.554,416.042,8.363,36.74,35.003,1029.109
22/01/2024 14:35,415.238,1491.528,415.238,8.742,37.002,34.906,1028.967
22/01/2024 14:35,414.33,1491.618,414.33,8.73,36.886,34.796,1028.879
22/01/2024 14:35,413.357,1491.514,413.357,8.806,36.79,34.621,1028.725
22/01/2024 14:35,412.259,1490.597,412.259,8.685,36.678,34.622,1028.741
22/01/2024 14:35,411.14,1491.516,411.14,8.738,36.718,34.613,1028.721
22/01/2024 14:35,410.051,1491.492,410.051,8.698,36.874,34.816,1028.881
22/01/2024 14:35,409.117,1491.902,409.117,8.89,37.032,34.795,1028.828
22/01/2024 14:35,408.246,1491.791,408.246,8.874,37.036,34.815,1028.842
22/01/2024 14:35,407.494,1492.435,407.494,8.943,37.248,34.97,1028.949
22/01/2024 14:35,406.745,1492.534,406.745,8.995,37.274,34.946,1028.918
22/01/2024 14:35,405.881,1492.304,405.881,9.026,37.246,34.887,1028.863
22/01/2024 14:35,404.851,1492.461,404.851,9.01,37.09,34.74,1028.746
22/01/2024 14:35,403.751,1492.592,403.751,8.975,37.066,34.75,1028.754
22/01/2024 14:35,402.674,1492.471,402.674,8.926,37.14,34.876,1028.856
22/01/2024 14:35,401.623,1492.32,401.623,9.036,37.268,34.903,1028.854
22/01/2024 14:35,400.657,1492.357,400.657,8.964,37.234,34.938,1028.889
22/01/2024 14:35,399.784,1492.757,399.784,9.146,37.366,34.898,1028.823
22/01/2024 14:35,398.856,1492.656,398.856,9.129,37.376,34.926,1028.843
22/01/2024 14:35,397.922,1493.014,397.922,9.205,37.43,34.908,1028.812
22/01/2024 14:36,396.976,1493.433,396.976,9.273,37.348,34.757,1028.678
22/01/2024 14:36,396.023,1493.17,396.023,9.262,37.468,34.893,1028.783
22/01/2024 14:36,395.144,1493.454,395.144,9.267,37.496,34.918,1028.797
22/01/2024 14:36,394.31,1492.152,394.31,9.132,37.23,34.773,1028.703
22/01/2024 14:36,393.457,1492.474,393.457,9.097,37.236,34.813,1028.737
22/01/2024 14:36,392.554,1492.457,392.554,9.111,37.342,34.911,1028.806
22/01/2024 14:36,391.592,1493.067,391.592,9.216,37.378,34.846,1028.734
22/01/2024 14:36,390.525,1492.568,390.525,9.214,37.392,34.863,1028.743
22/01/2024 14:36,389.411,1493.551,389.411,9.159,37.36,34.884,1028.764
22/01/2024 14:36,388.32,1493.289,388.32,9.309,37.45,34.832,1028.692
22/01/2024 14:36,387.293,1493.537,387.293,9.36,37.624,34.964,1028.781
22/01/2024 14:36,386.37,1493.919,386.37,9.422,37.696,34.978,1028.778
22/01/2024 14:36,385.487,1493.895,385.487,9.467,37.73,34.97,1028.76
22/01/2024 14:36,384.705,1494.248,384.705,9.466,37.754,34.996,1028.777
22/01/2024 14:36,383.893,1494.219,383.893,9.645,37.91,34.983,1028.732
22/01/2024 14:36,383.055,1494.179,383.055,9.632,37.864,34.949,1028.703
22/01/2024 14:36,382.109,1494.066,382.109,9.564,37.818,34.968,1028.726
22/01/2024 14:36,381.081,1494.06,381.081,9.548,37.702,34.864,1028.643
22/01/2024 14:36,379.966,1493.447,379.966,9.507,37.598,34.797,1028.593
22/01/2024 14:36,378.821,1494.204,378.821,9.61,37.728,34.832,1028.597
22/01/2024 14:36,377.769,1493.978,377.769,9.53,37.808,34.992,1028.732
22/01/2024 14:36,376.871,1494.345,376.871,9.517,37.798,34.995,1028.732
22/01/2024 14:36,376.084,1494.326,376.084,9.538,37.958,35.14,1028.838
22/01/2024 14:36,375.345,1494.178,375.345,9.625,37.924,35.021,1028.726
22/01/2024 14:36,374.591,1494.693,374.591,9.653,37.974,35.046,1028.737
22/01/2024 14:36,373.699,1494.326,373.699,9.639,37.86,34.942,1028.655
22/01/2024 14:36,372.662,1494.119,372.662,9.57,37.8,34.948,1028.667
22/01/2024 14:36,371.55,1494.919,371.55,9.735,37.78,34.768,1028.493
22/01/2024 14:36,370.389,1495.077,370.389,9.663,37.724,34.781,1028.51
22/01/2024 14:36,369.338,1494.453,369.338,9.738,38.048,35.041,1028.695
22/01/2024 14:36,368.429,1495.066,368.429,9.761,37.964,34.933,1028.603
22/01/2024 14:36,367.557,1494.709,367.557,9.781,38.134,35.088,1028.716
22/01/2024 14:36,366.795,1495.098,366.795,9.863,38.14,35.016,1028.642
22/01/2024 14:36,365.901,1495.862,365.901,9.963,38.36,35.144,1028.72
22/01/2024 14:36,364.925,1495.591,364.925,9.965,38.216,34.996,1028.6
22/01/2024 14:36,363.914,1495.45,363.914,9.975,38.238,35.009,1028.604
22/01/2024 14:36,362.873,1494.882,362.873,9.954,38.088,34.876,1028.5
22/01/2024 14:36,361.861,1495.327,361.861,9.955,38.124,34.913,1028.523
22/01/2024 14:36,360.887,1494.543,360.887,9.919,38.144,34.968,1028.568
22/01/2024 14:36,360.056,1495.297,360.056,9.879,38.112,34.974,1028.576
22/01/2024 14:36,359.255,1496.093,359.255,10.031,38.252,34.971,1028.543
22/01/2024 14:36,358.44,1496.196,358.44,10.234,38.468,34.995,1028.522
22/01/2024 14:36,357.445,1496.274,357.445,10.172,38.406,34.993,1028.527
22/01/2024 14:36,356.425,1496.156,356.425,10.249,38.34,34.852,1028.399
22/01/2024 14:36,355.283,1495.671,355.283,10.17,38.264,34.852,1028.408
22/01/2024 14:36,354.173,1495.632,354.173,10.053,38.33,35.032,1028.564
22/01/2024 14:36,353.132,1496.389,353.132,10.293,38.446,34.918,1028.428
22/01/2024 14:36,352.247,1496.143,352.247,10.262,38.506,35.01,1028.501
22/01/2024 14:36,351.553,1496.307,351.553,10.264,38.562,35.065,1028.54
22/01/2024 14:36,350.78,1496.114,350.78,10.257,38.548,35.058,1028.533
22/01/2024 14:36,349.921,1496.23,349.921,10.292,38.576,35.054,1028.519
22/01/2024 14:36,349.004,1496.032,349.004,10.255,38.46,34.972,1028.458
22/01/2024 14:36,347.939,1495.623,347.939,10.188,38.412,34.987,1028.477
22/01/2024 14:36,346.733,1495.601,346.733,10.163,38.394,34.994,1028.482
22/01/2024 14:36,345.628,1496.438,345.628,10.228,38.546,35.086,1028.537
22/01/2024 14:36,344.617,1496.237,344.617,10.304,38.568,35.035,1028.479
22/01/2024 14:36,343.754,1496.294,343.754,10.314,38.604,35.063,1028.494
22/01/2024 14:36,343.037,1496.63,343.037,10.358,38.688,35.106,1028.517
22/01/2024 14:36,342.301,1496.959,342.301,10.441,38.784,35.124,1028.512
22/01/2024 14:36,341.414,1496.769,341.414,10.472,38.768,35.078,1028.467
22/01/2024 14:37,340.368,1496.411,340.368,10.43,38.63,34.979,1028.393
22/01/2024 14:37,339.216,1495.969,339.216,10.375,38.556,34.958,1028.382
22/01/2024 14:37,338.05,1495.948,338.05,10.326,38.548,34.997,1028.416
22/01/2024 14:37,336.973,1495.943,336.973,10.278,38.618,35.115,1028.511
22/01/2024 14:37,336.038,1496.889,336.038,10.272,38.554,35.057,1028.463
22/01/2024 14:37,335.226,1497.024,335.226,10.499,38.826,35.114,1028.462
22/01/2024 14:37,334.571,1497.045,334.571,10.515,38.852,35.124,1028.464
22/01/2024 14:37,333.893,1496.982,333.893,10.547,38.856,35.098,1028.435
22/01/2024 14:37,333.157,1496.789,333.157,10.486,38.828,35.129,1028.467
22/01/2024 14:37,332.163,1496.919,332.163,10.577,38.764,34.978,1028.328
22/01/2024 14:37,330.937,1496.807,330.937,10.524,38.802,35.067,1028.402
22/01/2024 14:37,329.553,1496.691,329.553,10.534,38.764,35.02,1028.357
22/01/2024 14:37,328.281,1496.776,328.281,10.503,38.742,35.027,1028.363
22/01/2024 14:37,327.175,1496.744,327.175,10.535,38.838,35.094,1028.404
22/01/2024 14:37,326.43,1497.151,326.43,10.578,38.968,35.185,1028.463
22/01/2024 14:37,325.833,1497.253,325.833,10.62,39.006,35.182,1028.451
22/01/2024 14:37,325.286,1497.334,325.286,10.664,39.038,35.173,1028.433
22/01/2024 14:37,324.639,1497.374,324.639,10.705,39.036,35.132,1028.391
22/01/2024 14:37,323.747,1497.297,323.747,10.701,38.992,35.092,1028.357
22/01/2024 14:37,322.641,1497.143,322.641,10.695,38.942,35.048,1028.319
22/01/2024 14:37,321.334,1497.336,321.334,10.68,38.942,35.063,1028.327
22/01/2024 14:37,320.023,1497.019,320.023,10.645,38.932,35.087,1028.346
22/01/2024 14:37,318.78,1497.039,318.78,10.627,38.94,35.112,1028.364
22/01/2024 14:37,317.811,1497.284,317.811,10.712,39.05,35.142,1028.366
22/01/2024 14:37,317.037,1497.425,317.037,10.742,39.08,35.144,1028.359
22/01/2024 14:37,316.37,1497.288,316.37,10.709,39.062,35.158,1028.374
22/01/2024 14:37,315.716,1497.136,315.716,10.719,39.006,35.092,1028.317
22/01/2024 14:37,315.008,1497.337,315.008,10.711,39.064,35.158,1028.367
22/01/2024 14:37,314.074,1497.453,314.074,10.719,39.044,35.131,1028.34
22/01/2024 14:37,313.022,1497.261,313.022,10.742,39.078,35.143,1028.341
22/01/2024 14:37,311.835,1497.234,311.835,10.725,39.03,35.112,1028.314
22/01/2024 14:37,310.652,1497.33,310.652,10.737,39.03,35.101,1028.298
22/01/2024 14:37,309.54,1497.27,309.54,10.751,39.036,35.094,1028.285
22/01/2024 14:37,308.625,1497.404,308.625,10.766,39.106,35.151,1028.322
22/01/2024 14:37,307.805,1497.681,307.805,10.83,39.196,35.18,1028.329
22/01/2024 14:37,307.074,1497.666,307.074,10.879,39.212,35.149,1028.294
22/01/2024 14:37,306.277,1497.744,306.277,10.885,39.196,35.128,1028.272
22/01/2024 14:37,305.322,1497.366,305.322,10.839,39.152,35.128,1028.276
22/01/2024 14:37,304.273,1497.831,304.273,10.915,39.178,35.082,1028.222
22/01/2024 14:37,303.186,1497.526,303.186,10.932,39.104,34.992,1028.144
22/01/2024 14:37,302.111,1497.264,302.111,10.879,39.04,34.979,1028.139
22/01/2024 14:37,301.108,1497.231,301.108,10.797,39.098,35.117,1028.257
22/01/2024 14:37,300.274,1497.845,300.274,10.909,39.26,35.172,1028.275
22/01/2024 14:37,299.429,1497.891,299.429,10.952,39.274,35.145,1028.242
22/01/2024 14:37,298.628,1497.721,298.628,10.949,39.274,35.148,1028.241
22/01/2024 14:37,297.749,1498.095,297.749,10.973,39.324,35.175,1028.254
22/01/2024 14:37,296.752,1498.17,296.752,11.018,39.342,35.151,1028.223
22/01/2024 14:37,295.675,1497.68,295.675,11.009,39.214,35.032,1028.127
22/01/2024 14:37,294.583,1497.508,294.583,10.948,39.19,35.067,1028.16
22/01/2024 14:37,293.597,1497.509,293.597,10.909,39.176,35.091,1028.182
22/01/2024 14:37,292.708,1497.644,292.708,10.911,39.236,35.149,1028.223
22/01/2024 14:37,291.882,1497.857,291.882,10.947,39.28,35.159,1028.22
22/01/2024 14:37,290.941,1498.361,290.941,11.114,39.44,35.16,1028.185
22/01/2024 14:37,289.991,1498.095,289.991,11.101,39.412,35.145,1028.172
22/01/2024 14:37,289.047,1498.23,289.047,11.057,39.35,35.125,1028.16
22/01/2024 14:37,288.068,1498.022,288.068,11.069,39.324,35.088,1028.125
22/01/2024 14:37,287.106,1497.988,287.106,11.048,39.324,35.108,1028.14
22/01/2024 14:37,286.161,1497.886,286.161,11.033,39.32,35.119,1028.147
22/01/2024 14:37,285.301,1497.878,285.301,11.017,39.342,35.157,1028.176
22/01/2024 14:37,284.366,1498.318,284.366,11.073,39.422,35.183,1028.182
22/01/2024 14:38,283.395,1498.614,283.395,11.192,39.534,35.182,1028.154
22/01/2024 14:38,282.44,1498.501,282.44,11.223,39.498,35.117,1028.094
22/01/2024 14:38,281.384,1498.43,281.384,11.218,39.438,35.063,1028.048
22/01/2024 14:38,280.409,1498.346,280.409,11.192,39.4,35.05,1028.038
22/01/2024 14:38,279.414,1497.983,279.414,11.122,39.368,35.086,1028.075
22/01/2024 14:38,278.448,1497.897,278.448,11.102,39.332,35.069,1028.061
22/01/2024 14:38,277.521,1497.851,277.521,11.065,39.318,35.09,1028.081
22/01/2024 14:38,276.593,1497.902,276.593,11.075,39.322,35.085,1028.071
22/01/2024 14:38,275.767,1497.899,275.767,11.094,39.362,35.108,1028.081
22/01/2024 14:38,274.983,1497.84,274.983,11.091,39.38,35.129,1028.094
22/01/2024 14:38,274.218,1498.014,274.218,11.089,39.376,35.127,1028.09
22/01/2024 14:38,273.341,1498.108,273.341,11.085,39.374,35.129,1028.088
22/01/2024 14:38,272.274,1498.03,272.274,11.093,39.386,35.134,1028.086
22/01/2024 14:38,271.07,1497.884,271.07,11.083,39.408,35.166,1028.107
22/01/2024 14:38,269.836,1497.76,269.836,11.091,39.384,35.135,1028.076
22/01/2024 14:38,268.596,1498.675,268.596,11.181,39.562,35.227,1028.125
22/01/2024 14:38,267.565,1499.164,267.565,11.445,39.81,35.222,1028.066
22/01/2024 14:38,266.821,1499.439,266.821,11.551,39.896,35.206,1028.03
22/01/2024 14:38,266.258,1499.155,266.258,11.509,39.856,35.206,1028.036
22/01/2024 14:38,265.68,1499.298,265.68,11.493,39.856,35.222,1028.048
22/01/2024 14:38,265.002,1499.422,265.002,11.509,39.844,35.195,1028.022
22/01/2024 14:38,264.077,1498.828,264.077,11.5,39.734,35.095,1027.942
22/01/2024 14:38,262.877,1499.188,262.877,11.424,39.836,35.269,1028.086
22/01/2024 14:38,261.529,1500.023,261.529,11.575,40.036,35.323,1028.093
22/01/2024 14:38,260.251,1499.989,260.251,11.653,40.038,35.252,1028.017
22/01/2024 14:38,259.082,1499.9,259.082,11.711,40.082,35.24,1027.991
22/01/2024 14:38,258.12,1500.129,258.12,11.719,40.14,35.29,1028.024
22/01/2024 14:38,257.293,1500.257,257.293,11.751,40.142,35.262,1027.993
22/01/2024 14:38,256.663,1500.613,256.663,11.893,40.268,35.251,1027.953
22/01/2024 14:38,256.006,1501.023,256.006,11.916,40.35,35.31,1027.992
22/01/2024 14:38,255.237,1500.339,255.237,11.989,40.304,35.197,1027.887
22/01/2024 14:38,254.258,1499.76,254.258,11.804,40.046,35.119,1027.858
22/01/2024 14:38,253.085,1499.587,253.085,11.688,40.05,35.233,1027.963
22/01/2024 14:38,251.891,1501.112,251.891,11.703,40.12,35.288,1027.998
22/01/2024 14:38,250.731,1500.823,250.731,11.952,40.188,35.12,1027.814
22/01/2024 14:38,249.764,1500.736,249.764,11.968,40.308,35.223,1027.886
22/01/2024 14:38,248.901,1500.723,248.901,11.952,40.288,35.219,1027.882
22/01/2024 14:38,248.141,1500.555,248.141,11.941,40.224,35.167,1027.841
22/01/2024 14:38,247.398,1500.772,247.398,11.922,40.25,35.21,1027.875
22/01/2024 14:38,246.536,1502.2,246.536,12.232,40.586,35.246,1027.837
22/01/2024 14:38,245.663,1501.429,245.663,12.247,40.542,35.189,1027.787
22/01/2024 14:38,244.623,1501.849,244.623,12.153,40.484,35.222,1027.826
22/01/2024 14:38,243.574,1501.502,243.574,12.142,40.402,35.153,1027.77
22/01/2024 14:38,242.534,1500.605,242.534,12.048,40.138,34.985,1027.654
22/01/2024 14:38,241.575,1500.369,241.575,11.864,40.206,35.225,1027.872
22/01/2024 14:38,240.614,1500.465,240.614,11.814,40.226,35.292,1027.929
22/01/2024 14:38,239.704,1500.986,239.704,11.962,40.344,35.268,1027.878
22/01/2024 14:38,238.798,1502.515,238.798,12.335,40.836,35.394,1027.898
22/01/2024 14:38,237.856,1503.402,237.856,12.72,41.154,35.34,1027.774
22/01/2024 14:38,236.932,1502.472,236.932,12.542,40.958,35.319,1027.79
22/01/2024 14:38,235.977,1502.371,235.977,12.499,40.918,35.321,1027.795
22/01/2024 14:38,235.015,1502.187,235.015,12.433,40.866,35.333,1027.814
22/01/2024 14:38,234.058,1502.455,234.058,12.503,40.866,35.268,1027.745
22/01/2024 14:38,233.113,1501.876,233.113,12.451,40.754,35.208,1027.705
22/01/2024 14:38,232.09,1501.778,232.09,12.299,40.718,35.317,1027.815
22/01/2024 14:38,231.11,1502.416,231.11,12.483,40.9,35.32,1027.777
22/01/2024 14:38,230.176,1502.681,230.176,12.551,40.852,35.211,1027.674
22/01/2024 14:38,229.283,1502.689,229.283,12.722,40.824,35.025,1027.492
22/01/2024 14:38,228.467,1503.604,228.467,12.518,40.778,35.171,1027.642
22/01/2024 14:38,227.596,1503.671,227.596,12.766,41.168,35.315,1027.7
22/01/2024 14:39,226.655,1503.33,226.655,12.838,41.23,35.307,1027.675
22/01/2024 14:39,225.648,1502.9,225.648,12.729,41.028,35.216,1027.622
22/01/2024 14:39,224.552,1501.929,224.552,12.639,41.01,35.283,1027.687
22/01/2024 14:39,223.456,1503.1,223.456,13.149,41.056,34.855,1027.247
22/01/2024 14:39,222.468,1502.6,222.468,13.135,41.08,34.891,1027.273
22/01/2024 14:39,221.546,1502.353,221.546,12.852,41.086,35.159,1027.534
22/01/2024 14:39,220.691,1506.555,220.691,13.473,41.418,34.901,1027.203
22/01/2024 14:39,219.87,1507.89,219.87,13.596,42.398,35.712,1027.8
22/01/2024 14:39,219.042,1507.69,219.042,14.166,42.71,35.476,1027.492
22/01/2024 14:39,218.13,1507.901,218.13,13.985,42.416,35.369,1027.445
22/01/2024 14:39,217.157,1506.969,217.157,14.011,42.434,35.363,1027.43
22/01/2024 14:39,216.167,1506.731,216.167,13.898,41.916,34.983,1027.157
22/01/2024 14:39,215.151,1505.744,215.151,13.757,41.738,34.946,1027.153
22/01/2024 14:39,214.17,1505.383,214.17,13.552,41.662,35.062,1027.282
22/01/2024 14:39,213.142,1504.571,213.142,13.455,41.814,35.295,1027.478
22/01/2024 14:39,212.125,1508.782,212.125,13.817,42.368,35.481,1027.541
22/01/2024 14:39,211.134,1509.163,211.134,14.461,42.708,35.208,1027.186
22/01/2024 14:39,210.177,1508.181,210.177,14.408,42.806,35.347,1027.301
22/01/2024 14:39,209.229,1508,209.229,14.334,42.838,35.445,1027.388
22/01/2024 14:39,208.407,1508.208,208.407,14.092,42.524,35.376,1027.384
22/01/2024 14:39,207.681,1508.71,207.681,14.218,42.684,35.409,1027.379
22/01/2024 14:39,206.879,1508.37,206.879,14.37,42.848,35.423,1027.353
22/01/2024 14:39,205.987,1508.407,205.987,14.429,42.724,35.254,1027.206
22/01/2024 14:39,204.947,1507.344,204.947,14.341,42.458,35.089,1027.093
22/01/2024 14:39,203.795,1506.237,203.795,14.068,42.316,35.206,1027.237
22/01/2024 14:39,202.687,1506.318,202.687,13.898,42.222,35.275,1027.322
22/01/2024 14:39,201.57,1508.437,201.57,13.854,42.36,35.444,1027.457
22/01/2024 14:39,200.565,1509.147,200.565,14.03,42.93,35.815,1027.702
22/01/2024 14:39,199.687,1510.144,199.687,14.637,43.432,35.719,1027.491
22/01/2024 14:39,198.906,1509.921,198.906,14.692,43.382,35.623,1027.401
22/01/2024 14:39,198.167,1509.814,198.167,14.763,43.392,35.568,1027.339
22/01/2024 14:39,197.341,1509.851,197.341,14.885,43.558,35.609,1027.34
22/01/2024 14:39,196.36,1509.718,196.36,14.987,43.466,35.433,1027.178
22/01/2024 14:39,195.313,1509.428,195.313,14.811,43.01,35.175,1027.014
22/01/2024 14:39,194.27,1510.589,194.27,14.72,42.952,35.205,1027.052
22/01/2024 14:39,193.255,1510.513,193.255,14.898,43.082,35.163,1026.976
22/01/2024 14:39,192.263,1510.631,192.263,15.047,43.482,35.394,1027.117
22/01/2024 14:39,191.317,1510.748,191.317,15.142,43.812,35.609,1027.256
22/01/2024 14:39,190.435,1510.836,190.435,15.168,43.5,35.302,1027.01
22/01/2024 14:39,189.496,1510.038,189.496,15.1,43.356,35.233,1026.969
22/01/2024 14:39,188.575,1511.23,188.575,14.979,43.498,35.472,1027.176
22/01/2024 14:39,187.675,1510.814,187.675,15.116,43.836,35.656,1027.282
22/01/2024 14:39,186.732,1510.527,186.732,15.235,43.788,35.505,1027.135
22/01/2024 14:39,185.714,1510.894,185.714,15.301,43.66,35.329,1026.981
22/01/2024 14:39,184.798,1510.897,184.798,15.264,43.674,35.376,1027.02
22/01/2024 14:39,183.807,1511.421,183.807,15.355,43.838,35.443,1027.048
22/01/2024 14:39,182.912,1511.125,182.912,15.371,43.956,35.535,1027.111
22/01/2024 14:39,182.001,1511.596,182.001,15.378,43.98,35.551,1027.117
22/01/2024 14:39,180.991,1511.856,180.991,15.389,44.008,35.567,1027.123
22/01/2024 14:39,179.957,1511.37,179.957,15.379,44.042,35.607,1027.151
22/01/2024 14:39,178.953,1511.868,178.953,15.406,44.13,35.663,1027.184
22/01/2024 14:39,177.969,1512.243,177.969,15.618,44.394,35.709,1027.167
22/01/2024 14:39,177.06,1511.934,177.06,15.615,44.248,35.581,1027.064
22/01/2024 14:39,176.169,1511.178,176.169,15.35,43.9,35.507,1027.064
22/01/2024 14:39,175.273,1511.609,175.273,15.301,43.886,35.539,1027.096
22/01/2024 14:39,174.379,1511.31,174.379,15.435,44.01,35.53,1027.055
22/01/2024 14:39,173.462,1511.455,173.462,15.396,44.08,35.629,1027.135
22/01/2024 14:39,172.461,1512.152,172.461,15.539,44.116,35.533,1027.024
22/01/2024 14:39,171.517,1511.474,171.517,15.649,44.03,35.356,1026.86
22/01/2024 14:39,170.548,1511.411,170.548,15.516,44.156,35.59,1027.065
22/01/2024 14:40,169.602,1511.161,169.602,15.49,44.124,35.585,1027.063
22/01/2024 14:40,168.673,1513.075,168.673,15.919,44.212,35.28,1026.726
22/01/2024 14:40,167.738,1512.803,167.738,15.938,44.622,35.63,1026.987
22/01/2024 14:40,166.806,1512.498,166.806,15.91,44.592,35.628,1026.988
22/01/2024 14:40,165.813,1512.757,165.813,15.862,44.438,35.534,1026.922
22/01/2024 14:40,164.725,1513.115,164.725,15.904,44.44,35.499,1026.88
22/01/2024 14:40,163.693,1512.792,163.693,15.945,44.484,35.502,1026.869
22/01/2024 14:40,162.714,1513.8,162.714,16.106,44.77,35.614,1026.913
22/01/2024 14:40,161.799,1513.471,161.799,16.211,44.936,35.667,1026.926
22/01/2024 14:40,160.997,1512.371,160.997,16.013,44.538,35.49,1026.832
22/01/2024 14:40,160.343,1513.076,160.343,15.887,44.572,35.634,1026.969
22/01/2024 14:40,159.888,1513.447,159.888,16.011,44.796,35.723,1027.006
22/01/2024 14:40,159.422,1513.736,159.422,16.038,44.926,35.815,1027.069
22/01/2024 14:40,158.878,1513.828,158.878,16.271,45.108,35.767,1026.975
22/01/2024 14:40,158.274,1513.573,158.274,16.27,45.036,35.704,1026.925
22/01/2024 14:40,157.58,1513.221,157.58,16.182,44.754,35.533,1026.811
22/01/2024 14:40,156.916,1512.55,156.916,15.989,44.532,35.507,1026.833
22/01/2024 14:40,156.329,1513.533,156.329,15.923,44.546,35.58,1026.901
22/01/2024 14:40,155.849,1512.8,155.849,15.977,44.74,35.705,1026.983
22/01/2024 14:40,155.396,1512.828,155.396,16.03,44.744,35.661,1026.935
22/01/2024 14:40,154.985,1512.789,154.985,15.987,44.776,35.728,1026.995
22/01/2024 14:40,154.478,1513.342,154.478,16.107,45.03,35.848,1027.057
22/01/2024 14:40,153.964,1513.519,153.964,16.18,45.086,35.832,1027.025
22/01/2024 14:40,153.34,1513.532,153.34,16.224,45.08,35.787,1026.978
22/01/2024 14:40,152.828,1513.331,152.828,16.252,45.026,35.714,1026.912
22/01/2024 14:40,152.276,1513.36,152.276,16.191,44.904,35.661,1026.883
22/01/2024 14:40,151.733,1514.15,151.733,16.349,45.222,35.802,1026.952
22/01/2024 14:40,151.277,1514.155,151.277,16.423,45.272,35.78,1026.916
22/01/2024 14:40,150.728,1514.231,150.728,16.442,45.294,35.782,1026.911
22/01/2024 14:40,150.185,1514.103,150.185,16.443,45.228,35.723,1026.863
22/01/2024 14:40,149.633,1513.935,149.633,16.429,45.178,35.692,1026.839
22/01/2024 14:40,149.024,1514.025,149.024,16.439,45.13,35.64,1026.795
22/01/2024 14:40,148.471,1514.001,148.471,16.424,45.024,35.56,1026.735
22/01/2024 14:40,148.001,1513.867,148.001,16.366,45.028,35.615,1026.788
22/01/2024 14:40,147.555,1513.674,147.555,16.315,45.06,35.69,1026.856
22/01/2024 14:40,147.207,1513.772,147.207,16.352,45.064,35.661,1026.823
22/01/2024 14:40,146.83,1513.81,146.83,16.389,45.056,35.62,1026.782
22/01/2024 14:40,146.461,1513.596,146.461,16.313,45.044,35.678,1026.842
22/01/2024 14:40,146.059,1513.673,146.059,16.3,45.028,35.675,1026.842
22/01/2024 14:40,145.55,1513.528,145.55,16.292,45.034,35.688,1026.851
22/01/2024 14:40,145.028,1513.459,145.028,16.283,45.056,35.716,1026.872
22/01/2024 14:40,144.433,1513.508,144.433,16.264,45.02,35.701,1026.863
22/01/2024 14:40,143.87,1513.611,143.87,16.275,45,35.674,1026.837
22/01/2024 14:40,143.359,1513.748,143.359,16.314,45.014,35.652,1026.808
22/01/2024 14:40,142.854,1513.524,142.854,16.313,45.082,35.713,1026.854
22/01/2024 14:40,142.436,1513.506,142.436,16.276,45.068,35.734,1026.876
22/01/2024 14:40,142.07,1513.567,142.07,16.302,45.088,35.729,1026.864
22/01/2024 14:40,141.699,1513.617,141.699,16.315,45.08,35.71,1026.846
22/01/2024 14:40,141.222,1513.669,141.222,16.318,45.078,35.706,1026.84
22/01/2024 14:40,140.735,1513.584,140.735,16.314,45.066,35.699,1026.833
22/01/2024 14:40,140.156,1514.004,140.156,16.374,45.116,35.689,1026.809
22/01/2024 14:40,139.635,1513.843,139.635,16.39,45.1,35.661,1026.781
22/01/2024 14:40,139.087,1513.846,139.087,16.39,45.168,35.722,1026.825
22/01/2024 14:40,138.552,1513.806,138.552,16.405,45.178,35.717,1026.816
22/01/2024 14:40,137.981,1513.931,137.981,16.418,45.182,35.709,1026.805
22/01/2024 14:40,137.414,1513.903,137.414,16.447,45.214,35.712,1026.797
22/01/2024 14:40,136.853,1513.857,136.853,16.431,45.204,35.718,1026.803
22/01/2024 14:40,136.36,1513.814,136.36,16.401,45.186,35.729,1026.816
22/01/2024 14:40,135.895,1513.786,135.895,16.401,45.152,35.699,1026.791
22/01/2024 14:40,135.506,1513.881,135.506,16.384,45.184,35.742,1026.827
22/01/2024 14:41,135.119,1514.118,135.119,16.472,45.312,35.778,1026.832
22/01/2024 14:41,134.674,1514.158,134.674,16.502,45.326,35.763,1026.811
22/01/2024 14:41,134.159,1514.16,134.159,16.503,45.3,35.739,1026.79
22/01/2024 14:41,133.647,1514.283,133.647,16.506,45.29,35.728,1026.779
22/01/2024 14:41,133.254,1514.096,133.254,16.522,45.298,35.721,1026.768
22/01/2024 14:41,132.921,1514.015,132.921,16.497,45.282,35.729,1026.779
22/01/2024 14:41,132.673,1514.035,132.673,16.474,45.254,35.726,1026.78
22/01/2024 14:41,132.443,1513.938,132.443,16.45,45.23,35.726,1026.785
22/01/2024 14:41,132.154,1514.133,132.154,16.512,45.298,35.73,1026.772
22/01/2024 14:41,131.781,1514.121,131.781,16.532,45.326,35.737,1026.772
22/01/2024 14:41,131.464,1514.113,131.464,16.52,45.312,35.736,1026.772
22/01/2024 14:41,131.097,1514.108,131.097,16.518,45.286,35.715,1026.755
22/01/2024 14:41,130.76,1514.083,130.76,16.524,45.258,35.685,1026.729
22/01/2024 14:41,130.484,1514.014,130.484,16.508,45.242,35.685,1026.731
22/01/2024 14:41,130.254,1513.965,130.254,16.463,45.238,35.722,1026.77
22/01/2024 14:41,130.046,1514.001,130.046,16.489,45.274,35.731,1026.77
22/01/2024 14:41,129.848,1514.067,129.848,16.46,45.294,35.775,1026.809
22/01/2024 14:41,129.592,1514.05,129.592,16.497,45.284,35.732,1026.766
22/01/2024 14:41,129.244,1514.003,129.244,16.508,45.248,35.691,1026.73
22/01/2024 14:41,128.922,1513.824,128.922,16.501,45.224,35.676,1026.719
22/01/2024 14:41,128.585,1513.826,128.585,16.481,45.23,35.7,1026.741
22/01/2024 14:41,128.185,1513.865,128.185,16.455,45.23,35.723,1026.763
22/01/2024 14:41,127.962,1513.895,127.962,16.473,45.274,35.746,1026.776
22/01/2024 14:41,127.72,1513.88,127.72,16.475,45.284,35.753,1026.78
22/01/2024 14:41,127.518,1513.941,127.518,16.472,45.274,35.747,1026.775
22/01/2024 14:41,127.289,1513.981,127.289,16.478,45.264,35.733,1026.762
22/01/2024 14:41,126.954,1513.984,126.954,16.487,45.244,35.707,1026.738
22/01/2024 14:41,126.592,1513.921,126.592,16.495,45.228,35.685,1026.718
22/01/2024 14:41,126.208,1513.866,126.208,16.488,45.222,35.687,1026.719
22/01/2024 14:41,125.851,1513.839,125.851,16.467,45.234,35.717,1026.745
22/01/2024 14:41,125.503,1513.777,125.503,16.452,45.222,35.72,1026.749
22/01/2024 14:41,125.239,1513.7,125.239,16.433,45.208,35.724,1026.756
22/01/2024 14:41,125.023,1513.846,125.023,16.452,45.224,35.722,1026.749
22/01/2024 14:41,124.775,1513.955,124.775,16.468,45.308,35.782,1026.79
22/01/2024 14:41,124.482,1514.008,124.482,16.498,45.378,35.816,1026.808
22/01/2024 14:41,124.137,1514,124.137,16.52,45.352,35.774,1026.769
22/01/2024 14:41,123.752,1513.956,123.752,16.529,45.318,35.736,1026.736
22/01/2024 14:41,123.43,1513.936,123.43,16.522,45.278,35.707,1026.714
22/01/2024 14:41,123.091,1513.923,123.091,16.516,45.258,35.695,1026.705
22/01/2024 14:41,122.813,1513.952,122.813,16.514,45.284,35.72,1026.723
22/01/2024 14:41,122.587,1513.955,122.587,16.51,45.3,35.737,1026.736
22/01/2024 14:41,122.314,1513.953,122.314,16.511,45.318,35.753,1026.747
22/01/2024 14:41,121.965,1513.922,121.965,16.518,45.32,35.748,1026.74
22/01/2024 14:41,121.581,1513.922,121.581,16.517,45.326,35.755,1026.744
22/01/2024 14:41,121.277,1513.883,121.277,16.516,45.324,35.754,1026.742
22/01/2024 14:41,121.017,1513.874,121.017,16.5,45.316,35.761,1026.75
22/01/2024 14:41,120.83,1513.893,120.83,16.499,45.304,35.751,1026.742
22/01/2024 14:41,120.631,1513.909,120.631,16.505,45.302,35.744,1026.734
22/01/2024 14:41,120.362,1513.907,120.362,16.512,45.316,35.751,1026.736
22/01/2024 14:41,120.043,1513.894,120.043,16.516,45.31,35.742,1026.727
22/01/2024 14:41,119.735,1513.909,119.735,16.51,45.298,35.737,1026.723
22/01/2024 14:41,119.342,1513.862,119.342,16.503,45.28,35.727,1026.716
22/01/2024 14:41,119.007,1513.786,119.007,16.507,45.27,35.715,1026.704
22/01/2024 14:41,118.679,1513.799,118.679,16.498,45.258,35.712,1026.703
22/01/2024 14:41,118.366,1513.772,118.366,16.484,45.242,35.712,1026.705
22/01/2024 14:41,118.067,1513.762,118.067,16.48,45.232,35.707,1026.7
22/01/2024 14:41,117.771,1513.752,117.771,16.481,45.228,35.702,1026.695
22/01/2024 14:41,117.451,1513.741,117.451,16.478,45.218,35.696,1026.69
22/01/2024 14:41,117.076,1513.803,117.076,16.492,45.206,35.673,1026.667
22/01/2024 14:41,116.724,1513.716,116.724,16.493,45.198,35.666,1026.66
22/01/2024 14:42,116.417,1513.673,116.417,16.49,45.198,35.668,1026.661
22/01/2024 14:42,116.179,1513.686,116.179,16.489,45.238,35.705,1026.688
22/01/2024 14:42,115.884,1513.679,115.884,16.473,45.248,35.728,1026.709
22/01/2024 14:42,115.596,1513.651,115.596,16.467,45.252,35.737,1026.716
22/01/2024 14:42,115.277,1513.673,115.277,16.474,45.254,35.733,1026.709
22/01/2024 14:42,114.978,1513.685,114.978,16.459,45.276,35.765,1026.737
22/01/2024 14:42,114.771,1513.703,114.771,16.461,45.298,35.783,1026.749
22/01/2024 14:42,114.56,1513.755,114.56,16.477,45.304,35.774,1026.738
22/01/2024 14:42,114.376,1513.857,114.376,16.504,45.31,35.755,1026.715
22/01/2024 14:42,114.163,1513.879,114.163,16.518,45.316,35.748,1026.706
22/01/2024 14:42,113.949,1513.88,113.949,16.53,45.318,35.739,1026.695
22/01/2024 14:42,113.708,1513.894,113.708,16.54,45.346,35.755,1026.704
22/01/2024 14:42,113.431,1513.956,113.431,16.543,45.358,35.763,1026.708
22/01/2024 14:42,113.197,1513.939,113.197,16.542,45.37,35.775,1026.716
22/01/2024 14:42,112.937,1513.958,112.937,16.556,45.392,35.782,1026.717
22/01/2024 14:42,112.611,1513.951,112.611,16.554,45.372,35.766,1026.704
22/01/2024 14:42,112.379,1513.956,112.379,16.553,45.3,35.703,1026.655
22/01/2024 14:42,112.135,1513.946,112.135,16.55,45.338,35.74,1026.683
22/01/2024 14:42,112.03,1514.029,112.03,16.587,45.426,35.785,1026.708
22/01/2024 14:42,111.975,1514.072,111.975,16.615,45.46,35.79,1026.705
22/01/2024 14:42,111.828,1514.127,111.828,16.613,45.486,35.815,1026.724
22/01/2024 14:42,111.578,1514.105,111.578,16.623,45.49,35.808,1026.716
22/01/2024 14:42,111.283,1514.055,111.283,16.622,45.452,35.777,1026.691
22/01/2024 14:42,110.843,1513.985,110.843,16.593,45.454,35.804,1026.717
22/01/2024 14:42,110.437,1514.002,110.437,16.585,45.442,35.801,1026.714
22/01/2024 14:42,110.214,1514.015,110.214,16.591,45.464,35.815,1026.723
22/01/2024 14:42,110.085,1513.969,110.085,16.601,45.456,35.799,1026.708
22/01/2024 14:42,110.076,1514.012,110.076,16.602,45.468,35.809,1026.715
22/01/2024 14:42,110.008,1514.065,110.008,16.605,45.472,35.81,1026.715
22/01/2024 14:42,109.836,1514.106,109.836,16.615,45.464,35.794,1026.699
22/01/2024 14:42,109.465,1514.143,109.465,16.615,45.446,35.778,1026.686
22/01/2024 14:42,108.969,1513.953,108.969,16.604,45.454,35.795,1026.699
22/01/2024 14:42,108.501,1513.973,108.501,16.588,45.448,35.805,1026.708
22/01/2024 14:42,108.282,1514.004,108.282,16.613,45.494,35.823,1026.715
22/01/2024 14:42,108.29,1513.984,108.29,16.599,45.48,35.823,1026.718
22/01/2024 14:42,108.394,1514.12,108.394,16.614,45.502,35.829,1026.72
22/01/2024 14:42,108.613,1514.162,108.613,16.652,45.534,35.823,1026.707
22/01/2024 14:42,108.859,1514.158,108.859,16.649,45.538,35.829,1026.713
22/01/2024 14:42,109.018,1514.158,109.018,16.646,45.552,35.844,1026.726
22/01/2024 14:42,109.013,1514.189,109.013,16.655,45.55,35.834,1026.717
22/01/2024 14:42,108.91,1514.149,108.91,16.661,45.514,35.797,1026.686
22/01/2024 14:42,108.688,1514.009,108.688,16.632,45.516,35.825,1026.713
22/01/2024 14:42,108.515,1514.063,108.515,16.616,45.53,35.852,1026.738
22/01/2024 14:42,108.405,1514.124,108.405,16.629,45.534,35.843,1026.727
22/01/2024 14:42,108.398,1514.157,108.398,16.656,45.566,35.847,1026.724
22/01/2024 14:42,108.552,1514.099,108.552,16.648,45.522,35.816,1026.702
22/01/2024 14:42,108.727,1514.166,108.727,16.647,45.532,35.825,1026.711
22/01/2024 14:42,108.841,1514.284,108.841,16.693,45.568,35.816,1026.693
22/01/2024 14:42,108.869,1514.33,108.869,16.718,45.564,35.79,1026.668
22/01/2024 14:42,108.8,1514.359,108.8,16.72,45.546,35.773,1026.653
22/01/2024 14:42,108.662,1514.368,108.662,16.733,45.556,35.77,1026.648
22/01/2024 14:42,108.54,1514.356,108.54,16.732,45.574,35.787,1026.66
22/01/2024 14:42,108.535,1514.372,108.535,16.735,45.576,35.786,1026.659
22/01/2024 14:42,108.62,1514.353,108.62,16.726,45.574,35.792,1026.666
22/01/2024 14:42,108.727,1514.402,108.727,16.722,45.59,35.81,1026.681
22/01/2024 14:42,108.85,1514.481,108.85,16.724,45.586,35.805,1026.677
22/01/2024 14:42,108.788,1514.591,108.788,16.765,45.594,35.774,1026.644
22/01/2024 14:42,108.504,1514.497,108.504,16.78,45.594,35.761,1026.629
22/01/2024 14:42,108.149,1514.438,108.149,16.758,45.574,35.763,1026.634
22/01/2024 14:42,107.626,1514.319,107.626,16.737,45.584,35.792,1026.659
22/01/2024 14:43,107.244,1514.344,107.244,16.725,45.586,35.804,1026.669
22/01/2024 14:43,106.946,1514.448,106.946,16.74,45.596,35.8,1026.661
22/01/2024 14:43,106.701,1514.388,106.701,16.736,45.618,35.823,1026.679
22/01/2024 14:43,106.499,1514.434,106.499,16.715,45.598,35.824,1026.684
22/01/2024 14:43,106.229,1514.474,106.229,16.767,45.598,35.777,1026.634
22/01/2024 14:43,105.814,1514.374,105.814,16.757,45.584,35.774,1026.632
22/01/2024 14:43,105.357,1514.321,105.357,16.738,45.598,35.804,1026.658
22/01/2024 14:43,104.808,1514.403,104.808,16.732,45.644,35.85,1026.692
22/01/2024 14:43,104.311,1514.498,104.311,16.742,45.64,35.838,1026.678
22/01/2024 14:43,103.859,1514.433,103.859,16.746,45.634,35.829,1026.669
22/01/2024 14:43,103.501,1514.545,103.501,16.764,45.674,35.848,1026.677
22/01/2024 14:43,103.149,1514.883,103.149,16.867,45.816,35.881,1026.677
22/01/2024 14:43,102.8,1514.822,102.8,16.904,45.8,35.834,1026.63
22/01/2024 14:43,102.337,1514.659,102.337,16.874,45.766,35.832,1026.633
22/01/2024 14:43,101.797,1514.63,101.797,16.843,45.746,35.842,1026.646
22/01/2024 14:43,101.248,1514.667,101.248,16.843,45.714,35.814,1026.622
22/01/2024 14:43,100.773,1514.529,100.773,16.838,45.686,35.794,1026.606
22/01/2024 14:43,100.393,1514.599,100.393,16.824,45.72,35.836,1026.64
22/01/2024 14:43,100.083,1514.603,100.083,16.836,45.72,35.826,1026.628
22/01/2024 14:43,99.772,1514.627,99.772,16.853,45.712,35.804,1026.606
22/01/2024 14:43,99.398,1514.561,99.398,16.852,45.712,35.805,1026.605
22/01/2024 14:43,98.86,1514.508,98.86,16.817,45.706,35.831,1026.631
22/01/2024 14:43,98.347,1514.558,98.347,16.825,45.668,35.79,1026.596
22/01/2024 14:43,97.734,1514.544,97.734,16.809,45.676,35.812,1026.613
22/01/2024 14:43,97.151,1514.557,97.151,16.805,45.692,35.83,1026.625
22/01/2024 14:43,96.591,1514.599,96.591,16.82,45.714,35.836,1026.624
22/01/2024 14:43,96.078,1514.62,96.078,16.826,45.73,35.845,1026.627
22/01/2024 14:43,95.676,1514.643,95.676,16.852,45.75,35.84,1026.615
22/01/2024 14:43,95.275,1514.623,95.275,16.867,45.752,35.828,1026.601
22/01/2024 14:43,94.923,1514.592,94.923,16.867,45.742,35.82,1026.593
22/01/2024 14:43,94.54,1514.58,94.54,16.859,45.738,35.823,1026.596
22/01/2024 14:43,94.092,1514.607,94.092,16.861,45.728,35.813,1026.586
22/01/2024 14:43,93.59,1514.597,93.59,16.86,45.732,35.818,1026.587
22/01/2024 14:43,93.064,1514.559,93.064,16.864,45.726,35.809,1026.577
22/01/2024 14:43,92.507,1514.586,92.507,16.867,45.744,35.822,1026.585
22/01/2024 14:43,91.972,1514.589,91.972,16.88,45.754,35.82,1026.577
22/01/2024 14:43,91.477,1514.727,91.477,16.948,45.744,35.75,1026.505
22/01/2024 14:43,91.005,1514.825,91.005,16.943,45.78,35.786,1026.532
22/01/2024 14:43,90.549,1515.198,90.549,17.019,45.882,35.808,1026.528
22/01/2024 14:43,90.022,1515.37,90.022,17.128,45.99,35.806,1026.499
22/01/2024 14:43,89.488,1515.474,89.488,17.134,46.028,35.834,1026.516
22/01/2024 14:43,88.94,1515.481,88.94,17.15,46.004,35.799,1026.482
22/01/2024 14:43,88.461,1515.486,88.461,17.167,46.044,35.819,1026.492
22/01/2024 14:43,87.992,1515.361,87.992,17.163,46.064,35.84,1026.507
22/01/2024 14:43,87.591,1515.319,87.591,17.145,46.05,35.844,1026.512
22/01/2024 14:43,87.142,1515.451,87.142,17.152,46.07,35.855,1026.517
22/01/2024 14:43,86.724,1515.422,86.724,17.178,46.078,35.839,1026.497
22/01/2024 14:43,86.177,1515.571,86.177,17.211,46.04,35.777,1026.439
22/01/2024 14:43,85.643,1515.536,85.643,17.274,46.032,35.715,1026.374
22/01/2024 14:43,85.003,1515.577,85.003,17.243,46.038,35.748,1026.404
22/01/2024 14:43,84.363,1515.369,84.363,17.204,46.026,35.772,1026.429
22/01/2024 14:43,83.669,1515.22,83.669,17.182,46.018,35.785,1026.441
22/01/2024 14:43,83.076,1515.205,83.076,17.152,46.016,35.81,1026.465
22/01/2024 14:43,82.512,1515.21,82.512,17.14,46.032,35.835,1026.485
22/01/2024 14:43,82.016,1515.243,82.016,17.135,46.044,35.85,1026.496
22/01/2024 14:43,81.554,1515.283,81.554,17.128,46.038,35.851,1026.496
22/01/2024 14:43,80.993,1515.334,80.993,17.166,46.05,35.828,1026.466
22/01/2024 14:43,80.303,1515.225,80.303,17.158,46.03,35.818,1026.457
22/01/2024 14:43,79.467,1515.154,79.467,17.13,46.02,35.835,1026.474
22/01/2024 14:43,78.556,1515.363,78.556,17.188,46.172,35.916,1026.518
22/01/2024 14:44,77.662,1515.744,77.662,17.301,46.26,35.892,1026.468
22/01/2024 14:44,76.858,1515.882,76.858,17.344,46.288,35.879,1026.444
22/01/2024 14:44,76.178,1515.904,76.178,17.375,46.3,35.862,1026.421
22/01/2024 14:44,75.637,1515.867,75.637,17.34,46.354,35.94,1026.487
22/01/2024 14:44,75.034,1515.563,75.034,17.286,46.346,35.981,1026.529
22/01/2024 14:44,74.332,1515.895,74.332,17.374,46.326,35.887,1026.432
22/01/2024 14:44,73.53,1515.902,73.53,17.406,46.304,35.84,1026.384
22/01/2024 14:44,72.65,1516.862,72.65,17.43,46.314,35.827,1026.364
22/01/2024 14:44,71.689,1516.722,71.689,17.58,46.512,35.866,1026.354
22/01/2024 14:44,70.727,1516.812,70.727,17.613,46.532,35.855,1026.333
22/01/2024 14:44,69.863,1516.573,69.863,17.64,46.588,35.88,1026.342
22/01/2024 14:44,69.132,1516.631,69.132,17.582,46.5,35.855,1026.333
22/01/2024 14:44,68.461,1516.712,68.461,17.593,46.616,35.946,1026.398
22/01/2024 14:44,67.771,1516.648,67.771,17.643,46.592,35.881,1026.333
22/01/2024 14:44,66.997,1516.642,66.997,17.571,46.528,35.889,1026.353
22/01/2024 14:44,66.123,1517.818,66.123,17.677,46.728,35.969,1026.384
22/01/2024 14:44,65.154,1518.375,65.154,18.22,46.98,35.709,1026.046
22/01/2024 14:44,64.051,1518.076,64.051,18.182,46.842,35.625,1025.986
22/01/2024 14:44,62.967,1517.927,62.967,18.108,46.864,35.708,1026.064
22/01/2024 14:44,61.909,1518.534,61.909,18.092,47.176,35.989,1026.278
22/01/2024 14:44,60.905,1518.499,60.905,18.354,47.348,35.907,1026.146
22/01/2024 14:44,60.028,1518.419,60.028,18.353,47.342,35.903,1026.139
22/01/2024 14:44,59.145,1518.284,59.145,18.304,47.278,35.892,1026.139
22/01/2024 14:44,58.293,1517.845,58.293,18.314,47.304,35.905,1026.143
22/01/2024 14:44,57.382,1518.82,57.382,18.256,47.168,35.84,1026.104
22/01/2024 14:44,56.413,1518.172,56.413,18.124,47.106,35.903,1026.181
22/01/2024 14:44,55.358,1519.073,55.358,18.239,47.1,35.798,1026.066
22/01/2024 14:44,54.255,1517.955,54.255,18.248,47.088,35.78,1026.046
22/01/2024 14:44,53.213,1517.644,53.213,18.266,47.08,35.758,1026.02
22/01/2024 14:44,52.246,1518.107,52.246,18.243,47.254,35.927,1026.151
22/01/2024 14:44,51.277,1520.546,51.277,18.829,47.816,35.892,1025.972
22/01/2024 14:44,50.307,1520.545,50.307,19,47.734,35.676,1025.758
22/01/2024 14:44,49.324,1520.037,49.324,19.033,47.822,35.722,1025.781
22/01/2024 14:44,48.372,1518.605,48.372,18.862,47.502,35.601,1025.727
22/01/2024 14:44,47.378,1518.311,47.378,18.516,47.32,35.746,1025.922
22/01/2024 14:44,46.351,1518.135,46.351,18.39,47.23,35.78,1025.976
22/01/2024 14:44,45.349,1518.802,45.349,18.398,47.272,35.809,1025.991
22/01/2024 14:44,44.395,1519.55,44.395,18.608,47.492,35.814,1025.938
22/01/2024 14:44,43.497,1521.497,43.497,19.26,47.892,35.587,1025.593
22/01/2024 14:44,42.605,1522.138,42.605,19.42,47.992,35.534,1025.508
22/01/2024 14:44,41.71,1523.172,41.71,19.28,48.212,35.838,1025.772
22/01/2024 14:44,40.707,1521.849,40.707,19.483,48.13,35.596,1025.53
22/01/2024 14:44,39.609,1519.615,39.609,19.491,47.798,35.314,1025.307
22/01/2024 14:44,38.52,1519.61,38.52,19.163,47.852,35.639,1025.637
22/01/2024 14:44,37.502,1519.557,37.502,18.943,47.638,35.649,1025.696
22/01/2024 14:44,36.704,1522.275,36.704,18.888,47.842,35.869,1025.875
22/01/2024 14:44,36.013,1525.595,36.013,20.568,50.672,36.756,1026.106
22/01/2024 14:44,35.423,1527.548,35.423,21.519,51.408,36.534,1025.672
22/01/2024 14:44,34.766,1529.319,34.766,21.96,49.362,34.548,1024.037
22/01/2024 14:44,34.122,1524.399,34.122,20.97,49.054,35.107,1024.732
22/01/2024 14:44,33.385,1528.343,33.385,21.629,49.972,35.298,1024.693
22/01/2024 14:44,32.504,1528.198,32.504,22.376,50.346,34.987,1024.243
22/01/2024 14:44,31.58,1533.685,31.58,22.904,51.17,35.203,1024.252
22/01/2024 14:44,30.641,1535.347,30.641,25.011,53.592,35.368,1023.748
22/01/2024 14:44,29.771,1534.879,29.771,24.836,53.34,35.318,1023.76
22/01/2024 14:44,28.85,1535.683,28.85,25.032,53.37,35.188,1023.598
22/01/2024 14:44,27.915,1536.264,27.915,25.307,53.032,34.726,1023.16
22/01/2024 14:44,27.026,1540.483,27.026,26.026,53.476,34.505,1022.768
22/01/2024 14:44,26.212,1541.405,26.212,27.705,55.234,34.512,1022.236
22/01/2024 14:44,25.462,1542.343,25.462,28.39,55.616,34.28,1021.835
22/01/2024 14:45,24.669,1541.656,24.669,27.64,55.234,34.56,1022.287
22/01/2024 14:45,23.834,1541.652,23.834,27.944,55.418,34.467,1022.114
22/01/2024 14:45,22.914,1542.512,22.914,28.405,55.598,34.257,1021.802
22/01/2024 14:45,22.006,1542.711,22.006,28.839,55.792,34.079,1021.521
22/01/2024 14:45,21.027,1542.837,21.027,29.028,56.116,34.167,1021.519
22/01/2024 14:45,20.043,1542.542,20.043,29.069,55.968,34.037,1021.404
22/01/2024 14:45,19.179,1542.183,19.179,29.019,55.928,34.045,1021.423
22/01/2024 14:45,18.364,1542.736,18.364,28.994,55.962,34.086,1021.459
22/01/2024 14:45,17.587,1542.41,17.587,28.973,55.862,34.033,1021.422
22/01/2024 14:45,16.768,1542.302,16.768,28.941,55.84,34.041,1021.436
22/01/2024 14:45,15.895,1543.593,15.895,29.155,55.792,33.857,1021.222
22/01/2024 14:45,15.125,1543.51,15.125,29.479,56.058,33.809,1021.075
22/01/2024 14:45,14.485,1543.472,14.485,29.599,56.248,33.854,1021.065
22/01/2024 14:45,13.982,1543.619,13.982,29.665,56.342,33.872,1021.054
22/01/2024 14:45,13.386,1543.252,13.386,29.612,56.324,33.897,1021.088
22/01/2024 14:45,12.68,1543.224,12.68,29.467,56.022,33.794,1021.057
22/01/2024 14:45,12.086,1543.436,12.086,29.473,55.994,33.771,1021.035
22/01/2024 14:45,11.586,1543.183,11.586,29.44,56.088,33.859,1021.11
22/01/2024 14:45,11.114,1542.064,11.114,29.112,55.882,33.95,1021.286
22/01/2024 14:45,10.619,1540.804,10.619,28.749,55.336,33.833,1021.317
22/01/2024 14:45,10.104,0,10.104,28.484,0.24,0.109,996.224
22/01/2024 14:45,10.108,0,10.108,28.171,0.002,0.013,996.242
22/01/2024 14:45,10.115,0,10.115,28.071,0,0.013,996.27
22/01/2024 14:45,10.116,0,10.116,28.036,0,0.013,996.28
22/01/2024 14:45,10.086,0,10.086,28.006,0.002,0.013,996.289
22/01/2024 14:45,10.088,0,10.088,27.964,0.002,0.013,996.3
22/01/2024 14:45,10.097,0,10.097,27.919,0.002,0.013,996.313
22/01/2024 14:45,10.083,0,10.083,27.894,0.002,0.013,996.32
22/01/2024 14:45,10.094,0,10.094,27.871,0,0.013,996.327
22/01/2024 14:45,10.058,0,10.058,27.855,0.002,0.013,996.331
22/01/2024 14:45,10.059,0,10.059,27.841,0,0.013,996.335
22/01/2024 14:45,10.03,0,10.03,27.814,0,0.013,996.343
22/01/2024 14:45,10.013,0,10.013,27.792,0,0.013,996.349
22/01/2024 14:45,10.018,0,10.018,27.739,0,0.013,996.364
22/01/2024 14:45,9.999,0,9.999,27.654,0,0.013,996.388
22/01/2024 14:45,9.993,0,9.993,27.628,0,0.013,996.395
22/01/2024 14:45,10,0,10,27.604,0,0.013,996.402
22/01/2024 14:45,9.997,0,9.997,27.574,0,0.013,996.41
22/01/2024 14:45,9.986,0,9.986,27.55,0,0.013,996.417
22/01/2024 14:45,9.991,0,9.991,27.53,0,0.013,996.423
22/01/2024 14:45,9.99,0,9.99,27.491,0,0.013,996.433
22/01/2024 14:45,9.967,0,9.967,27.471,0,0.013,996.439
22/01/2024 14:45,9.97,0,9.97,27.441,0,0.013,996.447
22/01/2024 14:45,9.978,0,9.978,27.422,0,0.013,996.453
22/01/2024 14:45,9.972,0,9.972,27.41,0,0.013,996.456
22/01/2024 14:45,9.989,0,9.989,27.382,0,0.013,996.464
22/01/2024 14:45,9.976,0,9.976,27.336,0,0.013,996.477
22/01/2024 14:45,9.993,0,9.993,27.297,0,0.013,996.488
22/01/2024 14:45,9.966,0,9.966,27.242,0,0.013,996.503
22/01/2024 14:45,9.976,0,9.976,27.224,0,0.013,996.508
22/01/2024 14:45,10.001,0,10.001,27.196,0,0.013,996.515
22/01/2024 14:45,10.014,0,10.014,27.184,0,0.013,996.519
22/01/2024 14:45,9.995,0,9.995,27.173,0,0.013,996.522
22/01/2024 14:45,10.005,0,10.005,27.148,0,0.013,996.529
22/01/2024 14:45,10,0,10,27.109,0,0.013,996.54
22/01/2024 14:45,10.01,0,10.01,27.096,0,0.013,996.543
22/01/2024 14:45,9.988,0,9.988,27.08,0,0.013,996.548
22/01/2024 14:45,9.997,0,9.997,27.059,0,0.013,996.553
22/01/2024 14:45,9.992,0,9.992,27.047,0,0.013,996.557
22/01/2024 14:45,9.989,0,9.989,27.044,0,0.013,996.557
22/01/2024 14:46,10.016,0,10.016,27.038,0,0.013,996.559
22/01/2024 14:46,10.021,0,10.021,27.025,0,0.013,996.563
22/01/2024 14:46,10.01,0,10.01,27.02,0,0.013,996.564
22/01/2024 14:46,10.022,0,10.022,27.019,0,0.013,996.564
22/01/2024 14:46,10.026,0,10.026,27.011,0,0.013,996.567
22/01/2024 14:46,10.02,0,10.02,26.995,0,0.013,996.571
22/01/2024 14:46,10.029,0,10.029,26.976,0,0.013,996.576
22/01/2024 14:46,10.027,0,10.027,26.956,0,0.013,996.582
22/01/2024 14:46,10.019,0,10.019,26.922,0,0.013,996.591
22/01/2024 14:46,10.027,0,10.027,26.905,0,0.013,996.596
22/01/2024 14:46,10.036,0,10.036,26.893,0,0.013,996.599
22/01/2024 14:46,10.036,0,10.036,26.884,0,0.013,996.602
22/01/2024 14:46,10.05,0,10.05,26.88,0,0.013,996.603
22/01/2024 14:46,10.021,0,10.021,26.864,0,0.013,996.607
22/01/2024 14:46,10.05,0,10.05,26.841,0,0.013,996.613
22/01/2024 14:46,10.045,0,10.045,26.837,0,0.013,996.615
22/01/2024 14:46,10.049,0,10.049,26.835,0,0.013,996.615
22/01/2024 14:46,10.039,0,10.039,26.838,0,0.013,996.614
22/01/2024 14:46,10.041,0,10.041,26.834,0,0.013,996.615
22/01/2024 14:46,10.029,0,10.029,26.828,0,0.013,996.617
22/01/2024 14:46,10.05,0,10.05,26.815,0,0.013,996.621
22/01/2024 14:46,10.07,0,10.07,26.795,0,0.013,996.626
22/01/2024 14:46,10.066,0,10.066,26.799,0,0.013,996.625
22/01/2024 14:46,10.078,0,10.078,26.812,0,0.013,996.621
22/01/2024 14:46,10.079,0,10.079,26.815,0,0.013,996.621
22/01/2024 14:46,10.07,0,10.07,26.828,0,0.013,996.617
22/01/2024 14:46,10.077,0,10.077,26.835,0.002,0.013,996.615
22/01/2024 14:46,10.077,0,10.077,26.847,0,0.013,996.612
22/01/2024 14:46,10.073,0,10.073,26.85,0,0.013,996.611
22/01/2024 14:46,10.101,0,10.101,26.857,0,0.013,996.609
22/01/2024 14:46,10.075,0,10.075,26.863,0,0.013,996.608
22/01/2024 14:46,10.071,0,10.071,26.866,0,0.013,996.607
22/01/2024 14:46,10.073,0,10.073,26.864,0,0.013,996.607
22/01/2024 14:46,10.079,0,10.079,26.862,0,0.013,996.608
22/01/2024 14:46,10.081,0,10.081,26.854,0,0.013,996.61
22/01/2024 14:46,10.088,0,10.088,26.852,0,0.013,996.611
22/01/2024 14:46,10.099,0,10.099,26.851,0,0.013,996.611
22/01/2024 14:46,10.092,0,10.092,26.846,0,0.013,996.612
22/01/2024 14:46,10.092,0,10.092,26.839,0,0.013,996.614
22/01/2024 14:46,10.075,0,10.075,26.823,0,0.013,996.618
22/01/2024 14:46,10.085,0,10.085,26.804,0,0.013,996.624
22/01/2024 14:46,10.098,0,10.098,26.783,0,0.013,996.629
22/01/2024 14:46,10.12,0,10.12,26.769,0,0.013,996.633
22/01/2024 14:46,10.111,0,10.111,26.761,0,0.013,996.635
22/01/2024 14:46,10.107,0,10.107,26.764,0,0.013,996.635
22/01/2024 14:46,10.098,0,10.098,26.769,0,0.013,996.633
22/01/2024 14:46,10.103,0,10.103,26.775,0,0.013,996.632
22/01/2024 14:46,10.105,0,10.105,26.774,0,0.013,996.632
22/01/2024 14:46,10.087,0,10.087,26.78,0,0.013,996.63
22/01/2024 14:46,10.111,0,10.111,26.778,0,0.013,996.631
22/01/2024 14:46,10.094,0,10.094,26.77,0,0.013,996.633
22/01/2024 14:46,10.089,0,10.089,26.759,0,0.013,996.636
22/01/2024 14:46,10.095,0,10.095,26.751,0,0.013,996.638
22/01/2024 14:46,10.117,0,10.117,26.741,0,0.013,996.641
22/01/2024 14:46,10.103,0,10.103,26.735,0,0.013,996.642
22/01/2024 14:46,10.102,0,10.102,26.736,0,0.013,996.642
22/01/2024 14:46,10.12,0,10.12,26.738,0,0.013,996.642
22/01/2024 14:46,10.103,0,10.103,26.73,0,0.013,996.644
22/01/2024 14:46,10.103,0,10.103,26.72,0,0.013,996.647
22/01/2024 14:46,10.095,0,10.095,26.695,0,0.013,996.654
22/01/2024 14:47,10.109,0,10.109,26.682,0,0.013,996.657
22/01/2024 14:47,10.107,0,10.107,26.666,0,0.013,996.661
22/01/2024 14:47,10.088,0,10.088,26.662,0,0.013,996.662
22/01/2024 14:47,10.104,0,10.104,26.651,0,0.013,996.666
22/01/2024 14:47,10.091,0,10.091,26.654,0,0.013,996.665
22/01/2024 14:47,10.114,0,10.114,26.653,0,0.013,996.665
22/01/2024 14:47,10.104,0,10.104,26.639,0,0.013,996.669
22/01/2024 14:47,10.13,0,10.13,26.639,0,0.013,996.669
22/01/2024 14:47,10.106,0,10.106,26.632,0,0.013,996.671
22/01/2024 14:47,10.112,0,10.112,26.61,0,0.013,996.677
22/01/2024 14:47,10.11,0,10.11,26.61,0,0.013,996.677
22/01/2024 14:47,10.116,0,10.116,26.606,0,0.013,996.678
22/01/2024 14:47,10.104,0,10.104,26.609,0,0.013,996.677
22/01/2024 14:47,10.124,0,10.124,26.605,0,0.013,996.678
22/01/2024 14:47,10.111,0,10.111,26.609,0,0.013,996.677
22/01/2024 14:47,10.108,0,10.108,26.629,0,0.013,996.671
22/01/2024 14:47,10.121,0,10.121,26.643,0,0.013,996.668
22/01/2024 14:47,10.114,0,10.114,26.646,0,0.013,996.667
22/01/2024 14:47,10.107,0,10.107,26.642,0,0.013,996.668
22/01/2024 14:47,10.114,0,10.114,26.643,0,0.013,996.668
22/01/2024 14:47,10.091,0,10.091,26.644,0,0.013,996.667
22/01/2024 14:47,10.098,0,10.098,26.646,0,0.013,996.667
22/01/2024 14:47,10.125,0,10.125,26.645,0,0.013,996.667
22/01/2024 14:47,10.12,0,10.12,26.646,0,0.013,996.667
22/01/2024 14:47,10.106,0,10.106,26.658,0,0.013,996.664
22/01/2024 14:47,10.118,0,10.118,26.665,0,0.013,996.662
22/01/2024 14:47,10.103,0,10.103,26.663,0,0.013,996.662
22/01/2024 14:47,10.121,0,10.121,26.661,0,0.013,996.663
22/01/2024 14:47,10.1,0,10.1,26.654,0,0.013,996.665
22/01/2024 14:47,10.14,0,10.14,26.673,0,0.013,996.66
22/01/2024 14:47,10.125,0,10.125,26.686,0,0.013,996.656
22/01/2024 14:47,10.123,0,10.123,26.708,0,0.013,996.65
22/01/2024 14:47,10.149,0,10.149,26.722,0,0.013,996.646
22/01/2024 14:47,10.146,0,10.146,26.73,0,0.013,996.644
22/01/2024 14:47,10.135,0,10.135,26.737,0,0.013,996.642
22/01/2024 14:47,10.122,0,10.122,26.749,0,0.013,996.639
22/01/2024 14:47,10.101,0,10.101,26.755,0,0.013,996.637
22/01/2024 14:47,10.129,0,10.129,26.77,0,0.013,996.633
22/01/2024 14:47,10.118,0,10.118,26.788,0,0.013,996.628
22/01/2024 14:47,10.119,0,10.119,26.795,0,0.013,996.626
22/01/2024 14:47,10.122,0,10.122,26.799,0,0.013,996.625
22/01/2024 14:47,10.128,0,10.128,26.82,0,0.013,996.62
22/01/2024 14:47,10.137,0,10.137,26.827,0,0.013,996.618
22/01/2024 14:47,10.128,0,10.128,26.843,0,0.013,996.613
22/01/2024 14:47,10.154,0,10.154,26.848,0,0.013,996.612
22/01/2024 14:47,10.139,0,10.139,26.852,0,0.013,996.611
22/01/2024 14:47,10.134,0,10.134,26.85,0,0.013,996.611
22/01/2024 14:47,10.142,0,10.142,26.83,0,0.013,996.617
22/01/2024 14:47,10.121,0,10.121,26.801,0,0.013,996.625
22/01/2024 14:47,10.121,0,10.121,26.794,0,0.013,996.627
22/01/2024 14:47,10.134,0,10.134,26.794,0,0.013,996.627
22/01/2024 14:47,10.115,0,10.115,26.788,0,0.013,996.628
22/01/2024 14:47,10.129,0,10.129,26.779,0,0.013,996.631
22/01/2024 14:47,10.14,0,10.14,26.755,0,0.013,996.637
22/01/2024 14:47,10.127,0,10.127,26.754,0,0.013,996.637
22/01/2024 14:47,10.091,0,10.091,26.762,0,0.013,996.635
22/01/2024 14:47,10.125,0,10.125,26.77,0,0.013,996.633
22/01/2024 14:47,10.15,0,10.15,26.786,0,0.013,996.629
22/01/2024 14:47,10.125,0,10.125,26.794,0,0.013,996.627
22/01/2024 14:47,10.121,0,10.121,26.794,0,0.013,996.627
22/01/2024 14:48,10.125,0,10.125,26.827,0,0.013,996.618
22/01/2024 14:48,10.146,0,10.146,26.852,0,0.013,996.611
22/01/2024 14:48,10.138,0,10.138,26.868,0,0.013,996.606
22/01/2024 14:48,10.123,0,10.123,26.897,0,0.013,996.599
22/01/2024 14:48,10.131,0,10.131,26.899,0,0.013,996.598
22/01/2024 14:48,10.134,0,10.134,26.894,0,0.013,996.599
22/01/2024 14:48,10.13,0,10.13,26.884,0,0.013,996.602
22/01/2024 14:48,10.135,0,10.135,26.87,0,0.013,996.606
22/01/2024 14:48,10.124,0,10.124,26.871,0,0.013,996.606
22/01/2024 14:48,10.124,0,10.124,26.885,0,0.013,996.602
22/01/2024 14:48,10.118,0,10.118,26.891,0,0.013,996.6
22/01/2024 14:48,10.124,0,10.124,26.889,0,0.013,996.601
22/01/2024 14:48,10.131,0,10.131,26.891,0,0.013,996.6
22/01/2024 14:48,10.136,0,10.136,26.895,0,0.013,996.599
22/01/2024 14:48,10.135,0,10.135,26.899,0,0.013,996.598
22/01/2024 14:48,10.119,0,10.119,26.896,0.002,0.013,996.598
22/01/2024 14:48,10.127,0,10.127,26.89,0,0.013,996.6
22/01/2024 14:48,10.121,0,10.121,26.881,0,0.013,996.603
22/01/2024 14:48,10.12,0,10.12,26.866,0,0.013,996.607
22/01/2024 14:48,10.146,0,10.146,26.861,0,0.013,996.608
22/01/2024 14:48,10.129,0,10.129,26.86,0,0.013,996.609
22/01/2024 14:48,10.116,0,10.116,26.849,0,0.013,996.612
22/01/2024 14:48,10.104,0,10.104,26.854,0,0.013,996.61
22/01/2024 14:48,10.11,0,10.11,26.855,0,0.013,996.61
22/01/2024 14:48,10.145,0,10.145,26.862,0,0.013,996.608
22/01/2024 14:48,10.136,0,10.136,26.865,0,0.013,996.607
22/01/2024 14:48,10.103,0,10.103,26.866,0,0.013,996.607
22/01/2024 14:48,10.113,0,10.113,26.86,0,0.013,996.609
22/01/2024 14:48,10.151,0,10.151,26.854,0,0.013,996.61
22/01/2024 14:48,10.131,0,10.131,26.853,0,0.013,996.611
22/01/2024 14:48,10.119,0,10.119,26.853,0,0.013,996.61
22/01/2024 14:48,10.132,0,10.132,26.858,0,0.013,996.609
22/01/2024 14:48,10.131,0,10.131,26.848,0,0.013,996.612
22/01/2024 14:48,10.144,0,10.144,26.845,0,0.013,996.613
22/01/2024 14:48,10.115,0,10.115,26.845,0,0.013,996.613
22/01/2024 14:48,10.14,0,10.14,26.831,0,0.013,996.617
22/01/2024 14:48,10.129,0,10.129,26.831,0,0.013,996.617
22/01/2024 14:48,10.119,0,10.119,26.818,0,0.013,996.62
22/01/2024 14:48,10.12,0,10.12,26.802,0,0.013,996.624
22/01/2024 14:48,10.134,0,10.134,26.793,0,0.013,996.627
22/01/2024 14:48,10.129,0,10.129,26.782,0,0.013,996.63
22/01/2024 14:48,10.152,0,10.152,26.764,0,0.013,996.635
22/01/2024 14:48,10.123,0,10.123,26.766,0,0.013,996.634
22/01/2024 14:48,10.121,0,10.121,26.759,0,0.013,996.636
22/01/2024 14:48,10.139,0,10.139,26.749,0,0.013,996.639
22/01/2024 14:48,10.147,0,10.147,26.746,0,0.013,996.64
22/01/2024 14:48,10.13,0,10.13,26.747,0,0.013,996.639
22/01/2024 14:48,10.131,0,10.131,26.741,0,0.013,996.641
22/01/2024 14:48,10.145,0,10.145,26.737,0,0.013,996.642
22/01/2024 14:48,10.135,0,10.135,26.72,0,0.013,996.647
22/01/2024 14:48,10.135,0,10.135,26.697,0,0.013,996.653
22/01/2024 14:48,10.134,0,10.134,26.677,0.002,0.012,996.658
22/01/2024 14:48,10.123,0,10.123,26.645,0,0.013,996.667
22/01/2024 14:48,10.125,0,10.125,26.641,0,0.013,996.668
22/01/2024 14:48,10.108,0,10.108,26.647,0,0.013,996.667
22/01/2024 14:48,10.122,0,10.122,26.642,0,0.013,996.668
22/01/2024 14:48,10.148,0,10.148,26.63,0,0.013,996.671
22/01/2024 14:48,10.147,0,10.147,26.636,0,0.013,996.67
22/01/2024 14:48,10.132,0,10.132,26.637,0,0.013,996.669
22/01/2024 14:48,10.121,0,10.121,26.638,0,0.013,996.669
22/01/2024 14:49,10.134,0,10.134,26.638,0,0.013,996.669
22/01/2024 14:49,10.129,0,10.129,26.635,0,0.013,996.67
22/01/2024 14:49,10.123,0,10.123,26.631,0,0.013,996.671
22/01/2024 14:49,10.147,0,10.147,26.626,0,0.013,996.672
22/01/2024 14:49,10.134,0,10.134,26.629,0,0.013,996.672
22/01/2024 14:49,10.119,0,10.119,26.64,0,0.013,996.669
22/01/2024 14:49,10.154,0,10.154,26.685,0,0.013,996.657
22/01/2024 14:49,10.153,0,10.153,26.704,0,0.013,996.651
22/01/2024 14:49,10.131,0,10.131,26.71,0,0.013,996.649
22/01/2024 14:49,10.141,0,10.141,26.709,0,0.013,996.65
22/01/2024 14:49,10.131,0,10.131,26.708,0,0.013,996.65
22/01/2024 14:49,10.132,0,10.132,26.708,0,0.013,996.65
22/01/2024 14:49,10.127,0,10.127,26.703,0,0.013,996.651
22/01/2024 14:49,10.14,0,10.14,26.708,0,0.013,996.65
22/01/2024 14:49,10.129,0,10.129,26.706,0,0.013,996.65
22/01/2024 14:49,10.163,0,10.163,26.704,0,0.013,996.651
22/01/2024 14:49,10.147,0,10.147,26.695,0,0.013,996.654
22/01/2024 14:49,10.141,0,10.141,26.714,0.002,0.012,996.648
22/01/2024 14:49,10.147,0,10.147,26.724,0,0.013,996.646
22/01/2024 14:49,10.157,0,10.157,26.728,0,0.013,996.645
22/01/2024 14:49,10.163,0,10.163,26.736,0,0.013,996.642
22/01/2024 14:49,10.131,0,10.131,26.731,0.002,0.013,996.643
22/01/2024 14:49,10.144,0,10.144,26.737,0,0.013,996.642
22/01/2024 14:49,10.144,0,10.144,26.742,0,0.013,996.641
22/01/2024 14:49,10.158,0,10.158,26.739,0,0.013,996.642
22/01/2024 14:49,10.155,0,10.155,26.733,0,0.013,996.643
22/01/2024 14:49,10.129,0,10.129,26.73,0,0.013,996.644
22/01/2024 14:49,10.149,0,10.149,26.72,0.002,0.012,996.646
22/01/2024 14:49,10.155,0,10.155,26.722,0,0.013,996.646
22/01/2024 14:49,10.144,0,10.144,26.733,0,0.013,996.643
22/01/2024 14:49,10.149,0,10.149,26.737,0,0.013,996.642
22/01/2024 14:49,10.152,0,10.152,26.738,0,0.013,996.642
22/01/2024 14:49,10.145,0,10.145,26.734,0,0.013,996.643
22/01/2024 14:49,10.104,0,10.104,26.745,0,0.013,996.64
22/01/2024 14:49,10.159,0,10.159,26.786,0,0.013,996.629
22/01/2024 14:49,10.158,0,10.158,26.821,0,0.013,996.619
22/01/2024 14:49,10.161,0,10.161,26.839,0,0.013,996.614
22/01/2024 14:49,10.138,0,10.138,26.843,0.002,0.013,996.613
22/01/2024 14:49,10.15,0,10.15,26.838,0,0.013,996.615
22/01/2024 14:49,10.15,0,10.15,26.843,0,0.013,996.613
22/01/2024 14:49,10.152,0,10.152,26.876,0,0.013,996.604
22/01/2024 14:49,10.14,0,10.14,26.882,0.002,0.013,996.602
22/01/2024 14:49,10.146,0,10.146,26.905,0,0.013,996.596
22/01/2024 14:49,10.146,0,10.146,26.932,0,0.013,996.589
22/01/2024 14:49,10.147,0,10.147,26.96,0,0.013,996.581
22/01/2024 14:49,10.146,0,10.146,26.979,0,0.013,996.576
22/01/2024 14:49,10.148,0,10.148,26.992,0,0.013,996.572
22/01/2024 14:49,10.136,0,10.136,26.987,0.002,0.013,996.573
22/01/2024 14:49,10.136,0,10.136,26.981,0,0.013,996.575
22/01/2024 14:49,10.132,0,10.132,26.973,0.002,0.013,996.577
22/01/2024 14:49,10.134,0,10.134,26.965,0,0.013,996.58
22/01/2024 14:49,10.116,0,10.116,26.959,0,0.013,996.581
22/01/2024 14:49,10.153,0,10.153,26.965,0,0.013,996.58
22/01/2024 14:49,10.145,0,10.145,26.971,0,0.013,996.578
22/01/2024 14:49,10.156,0,10.156,26.971,0,0.013,996.578
22/01/2024 14:49,10.133,0,10.133,26.975,0,0.013,996.577
22/01/2024 14:49,10.139,0,10.139,26.966,0,0.013,996.579
22/01/2024 14:49,10.147,0,10.147,26.965,0.002,0.013,996.579
22/01/2024 14:49,10.148,0,10.148,26.953,0,0.013,996.583
22/01/2024 14:49,10.14,0,10.14,26.955,0,0.013,996.582
22/01/2024 14:50,10.124,0,10.124,26.96,0,0.013,996.581
22/01/2024 14:50,10.155,0,10.155,26.979,0,0.013,996.576
22/01/2024 14:50,10.128,0,10.128,27.011,0,0.013,996.567
22/01/2024 14:50,10.127,0,10.127,27.041,0,0.013,996.559
22/01/2024 14:50,10.114,0,10.114,27.056,0,0.013,996.555
22/01/2024 14:50,10.135,0,10.135,27.071,0,0.013,996.551
22/01/2024 14:50,10.127,0,10.127,27.081,0,0.013,996.548
22/01/2024 14:50,10.139,0,10.139,27.088,0,0.013,996.546
22/01/2024 14:50,10.124,0,10.124,27.099,0,0.013,996.543
22/01/2024 14:50,10.143,0,10.143,27.12,0,0.013,996.537
22/01/2024 14:50,10.13,0,10.13,27.13,0,0.013,996.534
22/01/2024 14:50,10.124,0,10.124,27.139,0,0.013,996.532
22/01/2024 14:50,10.139,0,10.139,27.147,0,0.013,996.53
22/01/2024 14:50,10.159,0,10.159,27.158,0,0.013,996.527
22/01/2024 14:50,10.131,0,10.131,27.192,0,0.013,996.517
22/01/2024 14:50,10.143,0,10.143,27.209,0,0.013,996.513
22/01/2024 14:50,10.134,0,10.134,27.219,0,0.013,996.51
22/01/2024 14:50,10.14,0,10.14,27.218,0.002,0.013,996.51
22/01/2024 14:50,10.133,0,10.133,27.224,0,0.013,996.508
22/01/2024 14:50,10.127,0,10.127,27.225,0,0.013,996.508
22/01/2024 14:50,10.14,0,10.14,27.23,0,0.013,996.507
22/01/2024 14:50,10.148,0,10.148,27.219,0,0.013,996.51
22/01/2024 14:50,10.14,0,10.14,27.218,0,0.013,996.51
22/01/2024 14:50,10.151,0,10.151,27.219,0,0.013,996.51
22/01/2024 14:50,10.129,0,10.129,27.238,0,0.013,996.504
22/01/2024 14:50,10.142,0,10.142,27.251,0,0.013,996.501
22/01/2024 14:50,10.125,0,10.125,27.267,0,0.013,996.496
22/01/2024 14:50,10.145,0,10.145,27.27,0,0.013,996.496
22/01/2024 14:50,10.147,0,10.147,27.266,0,0.013,996.497
22/01/2024 14:50,10.123,0,10.123,27.26,0,0.013,996.498
22/01/2024 14:50,10.126,0,10.126,27.26,0,0.013,996.498
22/01/2024 14:50,10.143,0,10.143,27.264,0,0.013,996.497
22/01/2024 14:50,10.126,0,10.126,27.261,0,0.013,996.498
22/01/2024 14:50,10.13,0,10.13,27.263,0,0.013,996.498
22/01/2024 14:50,10.125,0,10.125,27.266,0,0.013,996.497
22/01/2024 14:50,10.135,0,10.135,27.278,0,0.013,996.493
22/01/2024 14:50,10.13,0,10.13,27.289,0,0.013,996.49
22/01/2024 14:50,10.128,0,10.128,27.291,0,0.013,996.49
22/01/2024 14:50,10.139,0,10.139,27.288,0,0.013,996.491
22/01/2024 14:50,10.129,0,10.129,27.284,0,0.013,996.492
22/01/2024 14:50,10.125,0,10.125,27.282,0,0.013,996.492
22/01/2024 14:50,10.131,0,10.131,27.282,0,0.013,996.492
22/01/2024 14:50,10.151,0,10.151,27.295,0,0.013,996.489
22/01/2024 14:50,10.132,0,10.132,27.305,0,0.013,996.486
22/01/2024 14:50,10.13,0,10.13,27.311,0,0.013,996.484
22/01/2024 14:50,10.147,0,10.147,27.321,0,0.013,996.482
22/01/2024 14:50,10.152,0,10.152,27.322,0,0.013,996.481
22/01/2024 14:50,10.139,0,10.139,27.323,0.002,0.013,996.481
22/01/2024 14:50,10.124,0,10.124,27.321,0,0.013,996.482
22/01/2024 14:50,10.133,0,10.133,27.317,0,0.013,996.483
22/01/2024 14:50,10.14,0,10.14,27.313,0,0.013,996.484
22/01/2024 14:50,10.162,0,10.162,27.324,0.002,0.013,996.481
22/01/2024 14:50,10.142,0,10.142,27.346,0,0.013,996.475
22/01/2024 14:50,10.148,0,10.148,27.38,0,0.013,996.465
22/01/2024 14:50,10.149,0,10.149,27.4,0,0.013,996.459
22/01/2024 14:50,10.13,0,10.13,27.427,0,0.013,996.452
22/01/2024 14:50,10.136,0,10.136,27.438,0,0.013,996.449
22/01/2024 14:50,10.131,0,10.131,27.443,0,0.013,996.447
22/01/2024 14:50,10.149,0,10.149,27.443,0,0.013,996.448
22/01/2024 14:50,10.131,0,10.131,27.437,0,0.013,996.449
22/01/2024 14:51,10.115,0,10.115,27.446,0,0.013,996.447
22/01/2024 14:51,10.161,0,10.161,27.47,0,0.013,996.44
22/01/2024 14:51,10.124,0,10.124,27.481,0.002,0.013,996.437
22/01/2024 14:51,10.11,0,10.11,27.494,0.002,0.013,996.433
22/01/2024 14:51,10.151,0,10.151,27.498,0.002,0.013,996.432
22/01/2024 14:51,10.142,0,10.142,27.503,0,0.013,996.431
22/01/2024 14:51,10.123,0,10.123,27.55,0,0.013,996.418
22/01/2024 14:51,10.138,0,10.138,27.576,0,0.013,996.41
22/01/2024 14:51,10.144,0,10.144,27.586,0,0.013,996.407
22/01/2024 14:51,10.158,0,10.158,27.592,0,0.013,996.406
22/01/2024 14:51,10.141,0,10.141,27.595,0,0.013,996.405
22/01/2024 14:51,10.135,0,10.135,27.598,0,0.013,996.404
22/01/2024 14:51,10.14,0,10.14,27.608,0,0.013,996.401
22/01/2024 14:51,10.159,0,10.159,27.61,0,0.013,996.401
22/01/2024 14:51,10.14,0,10.14,27.598,0,0.013,996.404
22/01/2024 14:51,10.122,0,10.122,27.591,0,0.013,996.406
22/01/2024 14:51,10.151,0,10.151,27.584,0,0.013,996.408
22/01/2024 14:51,10.143,0,10.143,27.582,0,0.013,996.409
22/01/2024 14:51,10.145,0,10.145,27.578,0,0.013,996.41
22/01/2024 14:51,10.138,0,10.138,27.588,0,0.013,996.407
22/01/2024 14:51,10.126,0,10.126,27.585,0,0.013,996.408
22/01/2024 14:51,10.148,0,10.148,27.583,0,0.013,996.408
22/01/2024 14:51,10.13,0,10.13,27.577,0,0.013,996.41
22/01/2024 14:51,10.14,0,10.14,27.571,0,0.013,996.412
22/01/2024 14:51,10.132,0,10.132,27.569,0,0.013,996.412
22/01/2024 14:51,10.145,0,10.145,27.567,0,0.013,996.413
22/01/2024 14:51,10.142,0,10.142,27.567,0,0.013,996.413
22/01/2024 14:51,10.152,0,10.152,27.571,0,0.013,996.412
22/01/2024 14:51,10.137,0,10.137,27.581,0,0.013,996.409
22/01/2024 14:51,10.128,0,10.128,27.596,0,0.013,996.405
22/01/2024 14:51,10.127,0,10.127,27.608,0,0.013,996.401
22/01/2024 14:51,10.124,0,10.124,27.617,0,0.013,996.399
22/01/2024 14:51,10.165,0,10.165,27.636,0,0.013,996.394
22/01/2024 14:51,10.126,0,10.126,27.64,0,0.013,996.392
22/01/2024 14:51,10.12,0,10.12,27.648,0,0.013,996.39
22/01/2024 14:51,10.124,0,10.124,27.65,0,0.013,996.389
22/01/2024 14:51,10.116,0,10.116,27.65,0,0.013,996.389
22/01/2024 14:51,10.128,0,10.128,27.641,0,0.013,996.392
22/01/2024 14:51,10.108,0,10.108,27.631,0,0.013,996.395
22/01/2024 14:51,10.122,0,10.122,27.626,0,0.013,996.396
22/01/2024 14:51,10.108,0,10.108,27.616,0,0.013,996.399
22/01/2024 14:51,10.118,0,10.118,27.619,0,0.013,996.398
22/01/2024 14:51,10.139,0,10.139,27.616,0,0.013,996.399
22/01/2024 14:51,10.128,0,10.128,27.61,0,0.013,996.401
22/01/2024 14:51,10.12,0,10.12,27.599,0,0.013,996.404
22/01/2024 14:51,10.133,0,10.133,27.597,0,0.013,996.404
22/01/2024 14:51,10.122,0,10.122,27.597,0,0.013,996.404
22/01/2024 14:51,10.115,0,10.115,27.587,0,0.013,996.407
22/01/2024 14:51,10.131,0,10.131,27.587,0,0.013,996.407
22/01/2024 14:51,10.123,0,10.123,27.582,0,0.013,996.408
22/01/2024 14:51,10.124,0,10.124,27.572,0,0.013,996.411
22/01/2024 14:51,10.146,0,10.146,27.558,0,0.013,996.416
22/01/2024 14:51,10.121,0,10.121,27.553,0,0.013,996.417
22/01/2024 14:51,10.114,0,10.114,27.535,0,0.013,996.422
22/01/2024 14:51,10.121,0,10.121,27.533,0,0.013,996.422
22/01/2024 14:51,10.107,0,10.107,27.543,0,0.013,996.42
22/01/2024 14:51,10.12,0,10.12,27.544,0,0.013,996.419
22/01/2024 14:51,10.124,0,10.124,27.55,0,0.013,996.418
22/01/2024 14:51,10.133,0,10.133,27.557,0,0.013,996.416
22/01/2024 14:51,10.136,0,10.136,27.567,0,0.013,996.413
22/01/2024 14:52,10.12,0,10.12,27.562,0,0.013,996.414
22/01/2024 14:52,10.134,0,10.134,27.563,0,0.013,996.414
22/01/2024 14:52,10.129,0,10.129,27.564,0,0.013,996.414
22/01/2024 14:52,10.133,0,10.133,27.555,0,0.013,996.416
22/01/2024 14:52,10.128,0,10.128,27.536,0,0.013,996.422
22/01/2024 14:52,10.127,0,10.127,27.536,0,0.013,996.422
22/01/2024 14:52,10.11,0,10.11,27.536,0,0.013,996.421
22/01/2024 14:52,10.101,0,10.101,27.539,0,0.013,996.421
22/01/2024 14:52,10.101,0,10.101,27.533,0,0.013,996.422
22/01/2024 14:52,10.115,0,10.115,27.525,0,0.013,996.425
22/01/2024 14:52,10.131,0,10.131,27.51,0,0.013,996.429
22/01/2024 14:52,10.12,0,10.12,27.503,0,0.013,996.431
22/01/2024 14:52,10.122,0,10.122,27.494,0,0.013,996.433
22/01/2024 14:52,10.122,0,10.122,27.494,0,0.013,996.433
22/01/2024 14:52,10.125,0,10.125,27.502,0,0.013,996.431
22/01/2024 14:52,10.118,0,10.118,27.515,0,0.013,996.427
22/01/2024 14:52,10.139,0,10.139,27.522,0,0.013,996.426
22/01/2024 14:52,10.142,0,10.142,27.531,0,0.013,996.423
22/01/2024 14:52,10.129,0,10.129,27.539,0,0.013,996.421
22/01/2024 14:52,10.14,0,10.14,27.539,0,0.013,996.421
22/01/2024 14:52,10.126,0,10.126,27.538,0,0.013,996.421
22/01/2024 14:52,10.109,0,10.109,27.535,0,0.013,996.422
22/01/2024 14:52,10.101,0,10.101,27.534,0,0.013,996.422
22/01/2024 14:52,10.099,0,10.099,27.551,0,0.013,996.417
22/01/2024 14:52,10.131,0,10.131,27.572,0,0.013,996.411
22/01/2024 14:52,10.119,0,10.119,27.584,0,0.013,996.408
22/01/2024 14:52,10.122,0,10.122,27.587,0,0.013,996.407
22/01/2024 14:52,10.128,0,10.128,27.585,0,0.013,996.408
22/01/2024 14:52,10.119,0,10.119,27.579,0,0.013,996.409
22/01/2024 14:52,10.104,0,10.104,27.572,0,0.013,996.411
22/01/2024 14:52,10.111,0,10.111,27.572,0,0.013,996.411
22/01/2024 14:52,10.134,0,10.134,27.585,0,0.013,996.408
22/01/2024 14:52,10.128,0,10.128,27.6,0,0.013,996.403
22/01/2024 14:52,10.113,0,10.113,27.605,0,0.013,996.402
22/01/2024 14:52,10.107,0,10.107,27.604,0,0.013,996.402
22/01/2024 14:52,10.111,0,10.111,27.602,0,0.013,996.403
22/01/2024 14:52,10.103,0,10.103,27.604,0,0.013,996.402
22/01/2024 14:52,10.098,0,10.098,27.593,0,0.013,996.405
22/01/2024 14:52,10.118,0,10.118,27.587,0,0.013,996.407
22/01/2024 14:52,10.108,0,10.108,27.573,0,0.013,996.411
22/01/2024 14:52,10.123,0,10.123,27.575,0,0.013,996.41
22/01/2024 14:52,10.089,0,10.089,27.563,0,0.013,996.414
22/01/2024 14:52,10.113,0,10.113,27.555,0,0.013,996.416
22/01/2024 14:52,10.126,0,10.126,27.566,0.002,0.013,996.413
22/01/2024 14:52,10.12,0,10.12,27.585,0,0.013,996.408
22/01/2024 14:52,10.139,0,10.139,27.6,0,0.013,996.403
22/01/2024 14:52,10.123,0,10.123,27.605,0,0.013,996.402
22/01/2024 14:52,10.124,0,10.124,27.607,0,0.013,996.401
22/01/2024 14:52,10.113,0,10.113,27.608,0,0.013,996.401
22/01/2024 14:52,10.133,0,10.133,27.598,0,0.013,996.404
22/01/2024 14:52,10.117,0,10.117,27.58,0,0.013,996.409
22/01/2024 14:52,10.126,0,10.126,27.568,0,0.013,996.412
22/01/2024 14:52,10.128,0,10.128,27.562,0,0.013,996.414
22/01/2024 14:52,10.135,0,10.135,27.558,0,0.013,996.415
22/01/2024 14:52,10.107,0,10.107,27.556,0,0.013,996.416
22/01/2024 14:52,10.117,0,10.117,27.562,0,0.013,996.414
22/01/2024 14:52,10.123,0,10.123,27.56,0,0.013,996.415
22/01/2024 14:52,10.13,0,10.13,27.559,0,0.013,996.415
22/01/2024 14:52,10.115,0,10.115,27.556,0,0.013,996.416
22/01/2024 14:52,10.137,0,10.137,27.555,0,0.013,996.416
22/01/2024 14:53,10.127,0,10.127,27.567,0,0.013,996.413
22/01/2024 14:53,10.114,0,10.114,27.579,0,0.013,996.409
22/01/2024 14:53,10.101,0,10.101,27.58,0,0.013,996.409
22/01/2024 14:53,10.107,0,10.107,27.585,0,0.013,996.408
22/01/2024 14:53,10.111,0,10.111,27.57,0,0.013,996.412
22/01/2024 14:53,10.145,0,10.145,27.558,0,0.013,996.416
22/01/2024 14:53,10.135,0,10.135,27.557,0,0.013,996.416
22/01/2024 14:53,10.142,0,10.142,27.567,0,0.013,996.413
22/01/2024 14:53,10.133,0,10.133,27.565,0,0.013,996.414
22/01/2024 14:53,10.114,0,10.114,27.568,0,0.013,996.412
22/01/2024 14:53,10.14,0,10.14,27.57,0,0.013,996.412
22/01/2024 14:53,10.115,0,10.115,27.569,0,0.013,996.412
22/01/2024 14:53,10.119,0,10.119,27.567,0,0.013,996.413
22/01/2024 14:53,10.116,0,10.116,27.567,0,0.013,996.413
22/01/2024 14:53,10.122,0,10.122,27.575,0,0.013,996.41
22/01/2024 14:53,10.12,0,10.12,27.575,0,0.013,996.41
22/01/2024 14:53,10.106,0,10.106,27.582,0,0.013,996.408
22/01/2024 14:53,10.103,0,10.103,27.598,0,0.013,996.404
22/01/2024 14:53,10.14,0,10.14,27.596,0,0.013,996.405
22/01/2024 14:53,10.123,0,10.123,27.594,0,0.013,996.405
22/01/2024 14:53,10.12,0,10.12,27.627,0,0.013,996.396
22/01/2024 14:53,10.117,0,10.117,27.661,0,0.013,996.386
22/01/2024 14:53,10.128,0,10.128,27.679,0,0.013,996.381
22/01/2024 14:53,10.12,0,10.12,27.685,0,0.013,996.38
22/01/2024 14:53,10.121,0,10.121,27.688,0,0.013,996.379
22/01/2024 14:53,10.125,0,10.125,27.69,0,0.013,996.378
22/01/2024 14:53,10.111,0,10.111,27.686,0,0.013,996.379
22/01/2024 14:53,10.101,0,10.101,27.682,0,0.013,996.38
22/01/2024 14:53,10.123,0,10.123,27.689,0,0.013,996.379
22/01/2024 14:53,10.126,0,10.126,27.684,0,0.013,996.38
22/01/2024 14:53,10.125,0,10.125,27.688,0,0.013,996.379
22/01/2024 14:53,10.129,0,10.129,27.694,0,0.013,996.377
22/01/2024 14:53,10.118,0,10.118,27.698,0,0.013,996.376
22/01/2024 14:53,10.104,0,10.104,27.699,0,0.013,996.376
22/01/2024 14:53,10.122,0,10.122,27.699,0,0.013,996.376
22/01/2024 14:53,10.12,0,10.12,27.7,0,0.013,996.375
22/01/2024 14:53,10.108,0,10.108,27.693,0,0.013,996.377
22/01/2024 14:53,10.098,0,10.098,27.696,0,0.013,996.376
22/01/2024 14:53,10.12,0,10.12,27.694,0,0.013,996.377
22/01/2024 14:53,10.126,0,10.126,27.692,0,0.013,996.378
22/01/2024 14:53,10.117,0,10.117,27.688,0,0.013,996.379
22/01/2024 14:53,10.111,0,10.111,27.698,0,0.013,996.376
22/01/2024 14:53,10.102,0,10.102,27.707,0,0.013,996.373
22/01/2024 14:53,10.113,0,10.113,27.699,0,0.013,996.376
22/01/2024 14:53,10.121,0,10.121,27.695,0,0.013,996.377
22/01/2024 14:53,10.121,0,10.121,27.691,0,0.013,996.378
22/01/2024 14:53,10.111,0,10.111,27.689,0,0.013,996.378
22/01/2024 14:53,10.116,0,10.116,27.685,0,0.013,996.38
22/01/2024 14:53,10.112,0,10.112,27.689,0,0.013,996.378
22/01/2024 14:53,10.09,0,10.09,27.689,0,0.013,996.378
22/01/2024 14:53,10.15,0,10.15,27.675,0,0.013,996.383
22/01/2024 14:53,10.098,0,10.098,27.694,0,0.013,996.377
22/01/2024 14:53,10.104,0,10.104,27.726,0,0.013,996.368
22/01/2024 14:53,10.113,0,10.113,27.745,0,0.013,996.363
22/01/2024 14:53,10.092,0,10.092,27.753,0,0.013,996.36
22/01/2024 14:53,10.086,0,10.086,27.742,0,0.013,996.364
22/01/2024 14:53,10.117,0,10.117,27.732,0,0.013,996.366
22/01/2024 14:53,10.105,0,10.105,27.726,0,0.013,996.368
22/01/2024 14:53,10.111,0,10.111,27.724,0,0.013,996.369
22/01/2024 14:53,10.107,0,10.107,27.725,0,0.013,996.368
22/01/2024 14:54,10.102,0,10.102,27.721,0,0.013,996.369
22/01/2024 14:54,10.127,0,10.127,27.704,0,0.013,996.374
22/01/2024 14:54,10.092,0,10.092,27.692,0,0.013,996.378
22/01/2024 14:54,10.098,0,10.098,27.675,0,0.013,996.382
22/01/2024 14:54,10.092,0,10.092,27.673,0,0.013,996.383
22/01/2024 14:54,10.097,0,10.097,27.683,0,0.013,996.38
22/01/2024 14:54,10.085,0,10.085,27.677,0,0.013,996.382
22/01/2024 14:54,10.124,0,10.124,27.67,0,0.013,996.384
22/01/2024 14:54,10.096,0,10.096,27.656,0,0.013,996.388
22/01/2024 14:54,10.113,0,10.113,27.655,0,0.013,996.388
22/01/2024 14:54,10.1,0,10.1,27.658,0,0.013,996.387
22/01/2024 14:54,10.105,0,10.105,27.661,0,0.013,996.386
22/01/2024 14:54,10.107,0,10.107,27.663,0,0.013,996.386
22/01/2024 14:54,10.086,0,10.086,27.669,0,0.013,996.384
22/01/2024 14:54,10.096,0,10.096,27.676,0,0.013,996.382
22/01/2024 14:54,10.105,0,10.105,27.691,0,0.013,996.378
22/01/2024 14:54,10.092,0,10.092,27.697,0,0.013,996.376
22/01/2024 14:54,10.108,0,10.108,27.697,0,0.013,996.376
22/01/2024 14:54,10.121,0,10.121,27.699,0,0.013,996.376
22/01/2024 14:54,10.114,0,10.114,27.704,0,0.013,996.374
22/01/2024 14:54,10.121,0,10.121,27.698,0,0.013,996.376
22/01/2024 14:54,10.104,0,10.104,27.674,0,0.013,996.383
22/01/2024 14:54,10.115,0,10.115,27.668,0,0.013,996.384
22/01/2024 14:54,10.116,0,10.116,27.672,0,0.013,996.383
22/01/2024 14:54,10.103,0,10.103,27.657,0,0.013,996.387
22/01/2024 14:54,10.107,0,10.107,27.652,0,0.013,996.389
22/01/2024 14:54,10.105,0,10.105,27.646,0,0.013,996.39
22/01/2024 14:54,10.112,0,10.112,27.652,0,0.013,996.389
22/01/2024 14:54,10.1,0,10.1,27.657,0,0.013,996.387
22/01/2024 14:54,10.087,0,10.087,27.661,0,0.013,996.386
22/01/2024 14:54,10.105,0,10.105,27.662,0,0.013,996.386
22/01/2024 14:54,10.102,0,10.102,27.653,0,0.013,996.389
22/01/2024 14:54,10.08,0,10.08,27.648,0,0.013,996.39
22/01/2024 14:54,10.096,0,10.096,27.645,0,0.013,996.391
22/01/2024 14:54,10.091,0,10.091,27.634,0,0.013,996.394
22/01/2024 14:54,10.101,0,10.101,27.631,0,0.013,996.395
22/01/2024 14:54,10.1,0,10.1,27.627,0.002,0.013,996.395
22/01/2024 14:54,10.1,0,10.1,27.624,0.002,0.013,996.396
22/01/2024 14:54,10.101,0,10.101,27.626,0,0.013,996.396
22/01/2024 14:54,10.104,0,10.104,27.631,0,0.013,996.395
22/01/2024 14:54,10.13,0,10.13,27.633,0,0.013,996.394
22/01/2024 14:54,10.132,0,10.132,27.638,0,0.013,996.393
22/01/2024 14:54,10.093,0,10.093,27.64,0,0.013,996.392
22/01/2024 14:54,10.11,0,10.11,27.642,0,0.013,996.392
22/01/2024 14:54,10.113,0,10.113,27.637,0,0.013,996.393
22/01/2024 14:54,10.112,0,10.112,27.639,0,0.013,996.392
22/01/2024 14:54,10.103,0,10.103,27.642,0,0.013,996.392
22/01/2024 14:54,10.107,0,10.107,27.645,0,0.013,996.391
22/01/2024 14:54,10.109,0,10.109,27.637,0,0.013,996.393
22/01/2024 14:54,10.093,0,10.093,27.625,0,0.013,996.396
22/01/2024 14:54,10.121,0,10.121,27.622,0,0.013,996.397
22/01/2024 14:54,10.094,0,10.094,27.622,0,0.013,996.397
22/01/2024 14:54,10.094,0,10.094,27.621,0,0.013,996.397
22/01/2024 14:54,10.11,0,10.11,27.628,0,0.013,996.396
22/01/2024 14:54,10.076,0,10.076,27.628,0,0.013,996.395
22/01/2024 14:54,10.109,0,10.109,27.635,0,0.013,996.394
22/01/2024 14:54,10.106,0,10.106,27.613,0,0.013,996.4
22/01/2024 14:54,10.145,0,10.145,27.604,0,0.013,996.402
22/01/2024 14:54,10.113,0,10.113,27.608,0,0.013,996.401
22/01/2024 14:54,10.103,0,10.103,27.605,0,0.013,996.402
22/01/2024 14:55,10.089,0,10.089,27.606,0,0.013,996.402
22/01/2024 14:55,10.095,0,10.095,27.607,0,0.013,996.401
22/01/2024 14:55,10.11,0,10.11,27.603,0,0.013,996.403
22/01/2024 14:55,10.093,0,10.093,27.598,0,0.013,996.404
22/01/2024 14:55,10.087,0,10.087,27.595,0,0.013,996.405
22/01/2024 14:55,10.122,0,10.122,27.575,0,0.013,996.41
22/01/2024 14:55,10.112,0,10.112,27.543,0,0.013,996.42
22/01/2024 14:55,10.107,0,10.107,27.518,0,0.013,996.426
22/01/2024 14:55,10.08,0,10.08,27.523,0,0.013,996.425
22/01/2024 14:55,10.107,0,10.107,27.545,0,0.013,996.419
22/01/2024 14:55,10.117,0,10.117,27.54,0,0.013,996.42
22/01/2024 14:55,10.107,0,10.107,27.521,0,0.013,996.426
22/01/2024 14:55,10.099,0,10.099,27.512,0,0.013,996.428
22/01/2024 14:55,10.08,0,10.08,27.507,0,0.013,996.429
22/01/2024 14:55,10.108,0,10.108,27.489,0,0.013,996.435
22/01/2024 14:55,10.106,0,10.106,27.494,0,0.013,996.433
22/01/2024 14:55,10.107,0,10.107,27.497,0,0.013,996.432
22/01/2024 14:55,10.113,0,10.113,27.494,0,0.013,996.433
22/01/2024 14:55,10.129,0,10.129,27.496,0,0.013,996.433
22/01/2024 14:55,10.112,0,10.112,27.503,0,0.013,996.431
22/01/2024 14:55,10.109,0,10.109,27.505,0,0.013,996.43
22/01/2024 14:55,10.105,0,10.105,27.498,0,0.013,996.432
22/01/2024 14:55,10.109,0,10.109,27.507,0,0.013,996.43
22/01/2024 14:55,10.122,0,10.122,27.512,0,0.013,996.428
22/01/2024 14:55,10.096,0,10.096,27.501,0,0.013,996.431
22/01/2024 14:55,10.083,0,10.083,27.481,0,0.013,996.437
22/01/2024 14:55,10.12,0,10.12,27.492,0,0.013,996.434
22/01/2024 14:55,10.113,0,10.113,27.502,0,0.013,996.431
22/01/2024 14:55,10.102,0,10.102,27.513,0,0.013,996.428
22/01/2024 14:55,10.082,0,10.082,27.517,0,0.013,996.427
22/01/2024 14:55,10.117,0,10.117,27.516,0,0.013,996.427
22/01/2024 14:55,10.114,0,10.114,27.522,0,0.013,996.425
22/01/2024 14:55,10.116,0,10.116,27.526,0,0.013,996.424
22/01/2024 14:55,10.127,0,10.127,27.52,0,0.013,996.426
22/01/2024 14:55,10.096,0,10.096,27.521,0,0.013,996.426
22/01/2024 14:55,10.091,0,10.091,27.509,0,0.013,996.429
22/01/2024 14:55,10.13,0,10.13,27.507,0,0.013,996.43
22/01/2024 14:55,10.089,0,10.089,27.507,0,0.013,996.429
22/01/2024 14:55,10.111,0,10.111,27.511,0,0.013,996.428
22/01/2024 14:55,10.095,0,10.095,27.507,0,0.013,996.429
22/01/2024 14:55,10.132,0,10.132,27.513,0,0.013,996.428
22/01/2024 14:55,10.114,0,10.114,27.524,0,0.013,996.425
22/01/2024 14:55,10.098,0,10.098,27.541,0,0.013,996.42
22/01/2024 14:55,10.095,0,10.095,27.552,0,0.013,996.417
22/01/2024 14:55,10.097,0,10.097,27.545,0,0.013,996.419
22/01/2024 14:55,10.12,0,10.12,27.539,0,0.013,996.421
22/01/2024 14:55,10.11,0,10.11,27.528,0,0.013,996.424
22/01/2024 14:55,10.117,0,10.117,27.481,0,0.013,996.437
22/01/2024 14:55,10.107,0,10.107,27.484,0,0.013,996.436
22/01/2024 14:55,10.093,0,10.093,27.488,0,0.013,996.435
22/01/2024 14:55,10.123,0,10.123,27.493,0,0.013,996.434
22/01/2024 14:55,10.114,0,10.114,27.506,0,0.013,996.43
22/01/2024 14:55,10.115,0,10.115,27.508,0,0.013,996.429
22/01/2024 14:55,10.107,0,10.107,27.496,0,0.013,996.433
22/01/2024 14:55,10.123,0,10.123,27.498,0,0.013,996.432
22/01/2024 14:55,10.11,0,10.11,27.499,0,0.013,996.432
22/01/2024 14:55,10.111,0,10.111,27.506,0,0.013,996.43
22/01/2024 14:55,10.121,0,10.121,27.508,0,0.013,996.429
22/01/2024 14:55,10.133,0,10.133,27.508,0,0.013,996.429
22/01/2024 14:55,10.123,0,10.123,27.51,0,0.013,996.429
22/01/2024 14:56,10.122,0,10.122,27.522,0,0.013,996.425
22/01/2024 14:56,10.091,0,10.091,27.527,0,0.013,996.424
22/01/2024 14:56,10.118,0,10.118,27.531,0,0.013,996.423
22/01/2024 14:56,10.1,0,10.1,27.535,0,0.013,996.422
22/01/2024 14:56,10.087,0,10.087,27.542,0,0.013,996.42
22/01/2024 14:56,10.091,0,10.091,27.541,0,0.013,996.42
22/01/2024 14:56,10.121,0,10.121,27.536,0,0.013,996.422
22/01/2024 14:56,10.096,0,10.096,27.53,0,0.013,996.423
22/01/2024 14:56,10.107,0,10.107,27.524,0,0.013,996.425
22/01/2024 14:56,10.102,0,10.102,27.532,0,0.013,996.423
22/01/2024 14:56,10.111,0,10.111,27.542,0,0.013,996.42
22/01/2024 14:56,10.105,0,10.105,27.553,0,0.013,996.417
22/01/2024 14:56,10.11,0,10.11,27.547,0,0.013,996.418
22/01/2024 14:56,10.108,0,10.108,27.549,0,0.013,996.418
22/01/2024 14:56,10.103,0,10.103,27.538,0,0.013,996.421
22/01/2024 14:56,10.096,0,10.096,27.527,0,0.013,996.424
22/01/2024 14:56,10.095,0,10.095,27.489,0,0.013,996.435
22/01/2024 14:56,10.078,0,10.078,27.475,0,0.013,996.438
22/01/2024 14:56,10.099,0,10.099,27.628,0,0.013,996.395
22/01/2024 14:56,10.092,0,10.092,27.761,0,0.013,996.358
22/01/2024 14:56,10.106,0,10.106,27.844,0,0.013,996.335
22/01/2024 14:56,10.087,0,10.087,27.92,0,0.013,996.313
22/01/2024 14:56,10.099,0,10.099,27.959,0,0.013,996.302
22/01/2024 14:56,10.093,0,10.093,27.998,0,0.013,996.291
22/01/2024 14:56,10.127,0,10.127,28.05,0,0.013,996.276
22/01/2024 14:56,10.092,0,10.092,28.05,0,0.013,996.276
22/01/2024 14:56,10.101,0,10.101,28.062,0,0.013,996.273
22/01/2024 14:56,10.106,0,10.106,28.07,0,0.013,996.271
22/01/2024 14:56,10.1,0,10.1,28.054,0,0.013,996.275
22/01/2024 14:56,10.094,0,10.094,28.088,0,0.013,996.265
22/01/2024 14:56,10.104,0,10.104,28.151,0,0.013,996.248
22/01/2024 14:56,10.113,0,10.113,28.165,0,0.013,996.244
22/01/2024 14:56,10.103,0,10.103,28.163,0,0.013,996.244
22/01/2024 14:56,10.089,0,10.089,28.187,0,0.013,996.237
22/01/2024 14:56,10.092,0,10.092,28.197,0,0.013,996.234
22/01/2024 14:56,10.101,0,10.101,28.218,0,0.013,996.228
22/01/2024 14:56,10.098,0,10.098,28.241,0,0.013,996.222
22/01/2024 14:56,10.102,0,10.102,28.261,0,0.013,996.216
22/01/2024 14:56,10.097,0,10.097,28.276,0,0.013,996.212
22/01/2024 14:56,10.091,0,10.091,28.307,0,0.013,996.203
22/01/2024 14:56,10.085,0,10.085,28.395,0,0.014,996.178
22/01/2024 14:56,10.088,0,10.088,28.453,0,0.014,996.161
22/01/2024 14:56,10.083,0,10.083,28.516,0,0.014,996.143
22/01/2024 14:56,10.102,0,10.102,28.602,0,0.014,996.118
22/01/2024 14:56,10.093,0,10.093,28.62,0,0.014,996.113
22/01/2024 14:56,10.096,0,10.096,28.601,0,0.014,996.118
22/01/2024 14:56,10.097,0,10.097,28.598,0,0.014,996.119
22/01/2024 14:56,10.099,0,10.099,28.59,0,0.014,996.121
22/01/2024 14:56,10.105,0,10.105,28.588,0,0.014,996.122
22/01/2024 14:56,10.091,0,10.091,28.608,0,0.014,996.116
22/01/2024 14:56,10.101,0,10.101,28.621,0,0.014,996.112
22/01/2024 14:56,10.094,0,10.094,28.635,0,0.014,996.108
22/01/2024 14:56,10.091,0,10.091,28.644,0,0.014,996.106
22/01/2024 14:56,10.118,0,10.118,28.661,0,0.014,996.101
22/01/2024 14:56,10.121,0,10.121,28.675,0,0.014,996.097
22/01/2024 14:56,10.08,0,10.08,28.674,0,0.014,996.097
22/01/2024 14:56,10.097,0,10.097,28.665,0,0.014,996.1
22/01/2024 14:56,10.099,0,10.099,28.664,0,0.014,996.1
22/01/2024 14:56,10.081,0,10.081,28.664,0,0.014,996.1
22/01/2024 14:56,10.084,0,10.084,28.729,0,0.014,996.081
22/01/2024 14:57,10.092,0,10.092,28.735,0,0.014,996.079
22/01/2024 14:57,10.099,0,10.099,28.741,0,0.014,996.077
22/01/2024 14:57,10.098,0,10.098,28.764,0,0.014,996.071
22/01/2024 14:57,10.099,0,10.099,28.794,0,0.014,996.062
22/01/2024 14:57,10.095,0,10.095,28.802,0,0.014,996.06
22/01/2024 14:57,10.091,0,10.091,28.825,0,0.014,996.053
22/01/2024 14:57,10.088,0,10.088,28.844,0,0.014,996.048
22/01/2024 14:57,10.114,0,10.114,28.86,0,0.014,996.043
22/01/2024 14:57,10.102,0,10.102,28.861,0,0.014,996.043
22/01/2024 14:57,10.08,0,10.08,28.899,0,0.014,996.031
22/01/2024 14:57,10.106,0,10.106,28.914,0,0.014,996.027
22/01/2024 14:57,10.096,0,10.096,28.924,0,0.014,996.024
22/01/2024 14:57,10.106,0,10.106,29.048,0,0.014,995.988
22/01/2024 14:57,10.1,0,10.1,29.066,0,0.014,995.983
22/01/2024 14:57,10.1,0,10.1,29.061,0,0.014,995.984
22/01/2024 14:57,10.084,0,10.084,29.043,0,0.014,995.989
22/01/2024 14:57,10.088,0,10.088,29.036,0,0.014,995.991
22/01/2024 14:57,10.101,0,10.101,29.034,0,0.014,995.992
22/01/2024 14:57,10.098,0,10.098,29.024,0,0.014,995.995
22/01/2024 14:57,10.086,0,10.086,29.008,0,0.014,995.999
22/01/2024 14:57,10.091,0,10.091,28.992,0,0.014,996.004
22/01/2024 14:57,10.075,0,10.075,28.949,0,0.014,996.017
22/01/2024 14:57,10.089,0,10.089,28.915,0,0.014,996.027
22/01/2024 14:57,10.103,0,10.103,28.867,0,0.014,996.041
22/01/2024 14:57,10.116,0,10.116,28.735,0,0.014,996.079
22/01/2024 14:57,10.103,0,10.103,28.659,0,0.014,996.101
22/01/2024 14:57,10.11,0,10.11,28.598,0,0.014,996.119
22/01/2024 14:57,10.113,0,10.113,28.552,0,0.014,996.132
22/01/2024 14:57,10.1,0,10.1,28.546,0,0.014,996.134
22/01/2024 14:57,10.105,0,10.105,28.597,0,0.014,996.119
22/01/2024 14:57,10.109,0,10.109,28.714,0,0.014,996.086
22/01/2024 14:57,10.107,0,10.107,29.203,0,0.014,995.942
22/01/2024 14:57,10.107,0,10.107,29.717,0,0.014,995.789
22/01/2024 14:57,10.118,0,10.118,30.808,0,0.014,995.458
22/01/2024 14:57,10.14,0,10.14,32.081,0,0.015,995.058
22/01/2024 14:57,10.133,0,10.133,32.767,0,0.015,994.837
22/01/2024 14:57,10.126,0,10.126,33.191,0,0.015,994.698
22/01/2024 14:57,10.114,0,10.114,33.133,0,0.015,994.717
22/01/2024 14:57,10.124,0,10.124,33.059,0,0.015,994.741
22/01/2024 14:57,10.147,0,10.147,32.976,0,0.015,994.768
22/01/2024 14:57,10.101,0,10.101,32.899,0,0.015,994.794
22/01/2024 14:57,10.083,0,10.083,32.815,0,0.015,994.821
22/01/2024 14:57,10.115,0,10.115,32.73,0,0.015,994.849
22/01/2024 14:57,10.1,0,10.1,32.646,0,0.015,994.876
22/01/2024 14:57,10.107,0,10.107,32.575,0,0.015,994.899
22/01/2024 14:57,10.079,0,10.079,32.496,0,0.015,994.924
22/01/2024 14:57,10.058,0,10.058,32.421,0,0.015,994.948
22/01/2024 14:57,10.046,0,10.046,32.317,0,0.015,994.982
22/01/2024 14:57,10.051,0,10.051,32.197,0,0.015,995.02
22/01/2024 14:57,10.054,0,10.054,32.099,0,0.015,995.052
22/01/2024 14:57,10.027,0,10.027,32.007,0,0.015,995.081
22/01/2024 14:57,10.016,0,10.016,31.92,0,0.015,995.109
22/01/2024 14:57,10.042,0,10.042,31.847,0,0.015,995.132
22/01/2024 14:57,10.039,0,10.039,31.769,0,0.015,995.157
22/01/2024 14:57,10.026,0,10.026,31.685,0,0.015,995.183
22/01/2024 14:57,10.024,0,10.024,31.613,0,0.015,995.206
22/01/2024 14:57,10.001,0,10.001,31.536,0,0.015,995.23
22/01/2024 14:57,10.009,0,10.009,31.441,0,0.014,995.26
22/01/2024 14:57,10.013,0,10.013,31.336,0,0.014,995.293
22/01/2024 14:57,10.008,0,10.008,31.222,0,0.014,995.329
22/01/2024 14:58,9.998,0,9.998,31.12,0,0.014,995.36
22/01/2024 14:58,9.981,0,9.981,30.992,0,0.014,995.4
22/01/2024 14:58,10.011,0,10.011,30.844,0,0.014,995.446
22/01/2024 14:58,10.001,0,10.001,30.683,0,0.014,995.496
22/01/2024 14:58,10.005,0,10.005,30.538,0,0.014,995.54
22/01/2024 14:58,9.997,0,9.997,30.384,0,0.014,995.588
22/01/2024 14:58,9.978,0,9.978,30.268,0,0.014,995.623
22/01/2024 14:58,9.993,0,9.993,30.161,0,0.014,995.655
22/01/2024 14:58,9.997,0,9.997,30.09,0,0.014,995.677
22/01/2024 14:58,9.982,0,9.982,30.031,0,0.014,995.695
22/01/2024 14:58,9.991,0,9.991,29.986,0,0.014,995.708
22/01/2024 14:58,9.991,0,9.991,29.93,0,0.014,995.725
22/01/2024 14:58,9.993,0,9.993,29.85,0,0.014,995.749
22/01/2024 14:58,9.984,0,9.984,29.755,0,0.014,995.778
22/01/2024 14:58,9.997,0,9.997,29.661,0,0.014,995.806
22/01/2024 14:58,9.978,0,9.978,29.556,0,0.014,995.837
